2026-07-07 12:15:52  INFO      ============================================================
2026-07-07 12:15:52  INFO      PlateVision server starting
2026-07-07 12:15:52  INFO      Log file: C:\Users\Mohamed Walid\Desktop\Internship\Code\logs\predict.log
2026-07-07 12:15:52  INFO      ============================================================
2026-07-07 12:15:53  INFO      English pipeline weights path: C:\Users\Mohamed Walid\Desktop\Internship\Code\runs\detect\train9\weights\best.pt
2026-07-07 12:15:53  INFO        ✅ Weights file EXISTS
2026-07-07 12:17:52  INFO      ============================================================
2026-07-07 12:17:52  INFO      PlateVision server starting
2026-07-07 12:17:52  INFO      Log file: C:\Users\Mohamed Walid\Desktop\Internship\Code\logs\predict.log
2026-07-07 12:17:52  INFO      ============================================================
2026-07-07 12:17:52  INFO      English pipeline weights path: C:\Users\Mohamed Walid\Desktop\Internship\Code\runs\detect\train9\weights\best.pt
2026-07-07 12:17:52  INFO        [OK] Weights file exists (6089 KB)
2026-07-07 12:27:38  INFO      ============================================================
2026-07-07 12:27:38  INFO      PlateVision server starting
2026-07-07 12:27:38  INFO      Log file: C:\Users\Mohamed Walid\Desktop\Internship\Code\logs\predict.log
2026-07-07 12:27:38  INFO      ============================================================
2026-07-07 12:27:39  INFO      English pipeline weights path: C:\Users\Mohamed Walid\Desktop\Internship\Code\runs\detect\train9\weights\best.pt
2026-07-07 12:27:39  INFO        [OK] Weights file exists (6089 KB)
2026-07-07 12:28:13  INFO      [12:28:13.983] ── /predict request received ──────────────────────
2026-07-07 12:28:13  INFO      [12:28:13.983] File: 'WhatsApp Image 2026-07-06 at 03.35.26.jpeg'  content-type: image/jpeg
2026-07-07 12:28:13  INFO      [12:28:13.983] OCR engines requested: ('easyocr', 'easyocr2')
2026-07-07 12:28:13  INFO      [12:28:13.983] Saved to temp: C:\Users\MOHAME~1\AppData\Local\Temp\tmp8f44uqvo.jpeg  size: 233908 bytes
2026-07-07 12:28:14  INFO      [12:28:13.983] Image shape: (1200, 1600, 3)  (H×W×C)
2026-07-07 12:28:14  INFO      [12:28:13.983] Calling run_pipeline …
2026-07-07 12:28:28  INFO      [12:28:13.983] YOLO weights: C:\Users\Mohamed Walid\Desktop\Internship\Code\runs\detect\train9\weights\best.pt
2026-07-07 12:28:28  INFO      [12:28:13.983]   [OK] Weights file exists (6089 KB)
2026-07-07 12:28:29  WARNING   [12:28:13.983] YOLO → 0 boxes detected (conf threshold=0.10)
2026-07-07 12:28:37  INFO      [12:28:13.983] Pipeline result:
2026-07-07 12:28:37  INFO      [12:28:13.983]   bbox       = None
2026-07-07 12:28:37  INFO      [12:28:13.983]   confidence = None
2026-07-07 12:28:37  INFO      [12:28:13.983]   OCR [easyocr] = ''
2026-07-07 12:28:37  INFO      [12:28:13.983]   OCR [easyocr2] = ''
2026-07-07 12:28:37  INFO      [12:28:13.983]   plate_text = ''
2026-07-07 12:28:37  WARNING   [12:28:13.983] FAIL: YOLO did not detect any plate box
2026-07-07 12:28:37  INFO      [12:28:13.983] ── /predict done ─────────────────────────────────
2026-07-07 15:05:11  INFO      [15:05:11.332] ── /predict request received ──────────────────────
2026-07-07 15:05:11  INFO      [15:05:11.332] File: 'WhatsApp Image 2026-07-06 at 03.35.26.jpeg'  content-type: image/jpeg
2026-07-07 15:05:11  INFO      [15:05:11.332] OCR engines requested: ('easyocr', 'easyocr2')
2026-07-07 15:05:11  INFO      [15:05:11.332] Saved to temp: C:\Users\MOHAME~1\AppData\Local\Temp\tmpr6p04zk5.jpeg  size: 233908 bytes
2026-07-07 15:05:11  INFO      [15:05:11.332] Image shape: (1200, 1600, 3)  (H×W×C)
2026-07-07 15:05:11  INFO      [15:05:11.332] Calling run_pipeline …
2026-07-07 15:05:16  INFO      [15:05:11.332] YOLO weights: C:\Users\Mohamed Walid\Desktop\Internship\Code\runs\detect\train9\weights\best.pt
2026-07-07 15:05:16  INFO      [15:05:11.332]   [OK] Weights file exists (6089 KB)
2026-07-07 15:05:16  WARNING   [15:05:11.332] YOLO → 0 boxes detected (conf threshold=0.10)
2026-07-07 15:05:17  INFO      [15:05:11.332] Pipeline result:
2026-07-07 15:05:17  INFO      [15:05:11.332]   bbox       = None
2026-07-07 15:05:17  INFO      [15:05:11.332]   confidence = None
2026-07-07 15:05:17  INFO      [15:05:11.332]   OCR [easyocr] = ''
2026-07-07 15:05:17  INFO      [15:05:11.332]   OCR [easyocr2] = ''
2026-07-07 15:05:17  INFO      [15:05:11.332]   plate_text = ''
2026-07-07 15:05:17  WARNING   [15:05:11.332] FAIL: YOLO did not detect any plate box
2026-07-07 15:05:17  INFO      [15:05:11.332] ── /predict done ─────────────────────────────────
2026-07-07 15:05:30  INFO      [15:05:30.096] ── /predict request received ──────────────────────
2026-07-07 15:05:30  INFO      [15:05:30.096] File: 'WhatsApp Image 2026-07-06 at 03.35.26.jpeg'  content-type: image/jpeg
2026-07-07 15:05:30  INFO      [15:05:30.096] OCR engines requested: ('easyocr', 'easyocr2')
2026-07-07 15:05:30  INFO      [15:05:30.096] Saved to temp: C:\Users\MOHAME~1\AppData\Local\Temp\tmph8pu8ew3.jpeg  size: 233908 bytes
2026-07-07 15:05:30  INFO      [15:05:30.096] Image shape: (1200, 1600, 3)  (H×W×C)
2026-07-07 15:05:30  INFO      [15:05:30.096] Calling run_pipeline …
2026-07-07 15:05:30  INFO      [15:05:30.096] YOLO weights: C:\Users\Mohamed Walid\Desktop\Internship\Code\runs\detect\train9\weights\best.pt
2026-07-07 15:05:30  INFO      [15:05:30.096]   [OK] Weights file exists (6089 KB)
2026-07-07 15:05:30  WARNING   [15:05:30.096] YOLO → 0 boxes detected (conf threshold=0.10)
2026-07-07 15:05:30  INFO      [15:05:30.096] Pipeline result:
2026-07-07 15:05:30  INFO      [15:05:30.096]   bbox       = None
2026-07-07 15:05:30  INFO      [15:05:30.096]   confidence = None
2026-07-07 15:05:30  INFO      [15:05:30.096]   OCR [easyocr] = ''
2026-07-07 15:05:30  INFO      [15:05:30.096]   OCR [easyocr2] = ''
2026-07-07 15:05:30  INFO      [15:05:30.096]   plate_text = ''
2026-07-07 15:05:30  WARNING   [15:05:30.096] FAIL: YOLO did not detect any plate box
2026-07-07 15:05:30  INFO      [15:05:30.096] ── /predict done ─────────────────────────────────
2026-07-07 15:06:07  INFO      [15:06:07.446] ── /predict request received ──────────────────────
2026-07-07 15:06:07  INFO      [15:06:07.446] File: 'WhatsApp Image 2026-07-06 at 03.35.26.jpeg'  content-type: image/jpeg
2026-07-07 15:06:07  INFO      [15:06:07.446] OCR engines requested: ('easyocr', 'easyocr2')
2026-07-07 15:06:07  INFO      [15:06:07.446] Saved to temp: C:\Users\MOHAME~1\AppData\Local\Temp\tmp_p0hf53e.jpeg  size: 233908 bytes
2026-07-07 15:06:07  INFO      [15:06:07.446] Image shape: (1200, 1600, 3)  (H×W×C)
2026-07-07 15:06:07  INFO      [15:06:07.446] Calling run_pipeline …
2026-07-07 15:06:07  INFO      [15:06:07.446] YOLO weights: C:\Users\Mohamed Walid\Desktop\Internship\Code\runs\detect\train9\weights\best.pt
2026-07-07 15:06:07  INFO      [15:06:07.446]   [OK] Weights file exists (6089 KB)
2026-07-07 15:06:07  WARNING   [15:06:07.446] YOLO → 0 boxes detected (conf threshold=0.10)
2026-07-07 15:06:08  INFO      [15:06:07.446] Pipeline result:
2026-07-07 15:06:08  INFO      [15:06:07.446]   bbox       = None
2026-07-07 15:06:08  INFO      [15:06:07.446]   confidence = None
2026-07-07 15:06:08  INFO      [15:06:07.446]   OCR [easyocr] = ''
2026-07-07 15:06:08  INFO      [15:06:07.446]   OCR [easyocr2] = ''
2026-07-07 15:06:08  INFO      [15:06:07.446]   plate_text = ''
2026-07-07 15:06:08  WARNING   [15:06:07.446] FAIL: YOLO did not detect any plate box
2026-07-07 15:06:08  INFO      [15:06:07.446] ── /predict done ─────────────────────────────────
2026-07-07 15:06:08  INFO      [15:06:08.028] ── /predict request received ──────────────────────
2026-07-07 15:06:08  INFO      [15:06:08.028] File: '2.jpg'  content-type: image/jpeg
2026-07-07 15:06:08  INFO      [15:06:08.028] OCR engines requested: ('easyocr', 'easyocr2')
2026-07-07 15:06:08  INFO      [15:06:08.028] Saved to temp: C:\Users\MOHAME~1\AppData\Local\Temp\tmpq3mjviie.jpg  size: 86027 bytes
2026-07-07 15:06:08  INFO      [15:06:08.028] Image shape: (480, 640, 3)  (H×W×C)
2026-07-07 15:06:08  INFO      [15:06:08.028] Calling run_pipeline …
2026-07-07 15:06:08  INFO      [15:06:08.028] YOLO weights: C:\Users\Mohamed Walid\Desktop\Internship\Code\runs\detect\train9\weights\best.pt
2026-07-07 15:06:08  INFO      [15:06:08.028]   [OK] Weights file exists (6089 KB)
2026-07-07 15:06:08  INFO      [15:06:08.028] YOLO → 1 box(es) detected:
2026-07-07 15:06:08  INFO      [15:06:08.028]   box[0] conf=0.8266  xyxy=[191,179,284,207]
2026-07-07 15:06:16  INFO      [15:06:08.028] Pipeline result:
2026-07-07 15:06:16  INFO      [15:06:08.028]   bbox       = (191, 179, 284, 207)
2026-07-07 15:06:16  INFO      [15:06:08.028]   confidence = 0.8266297578811646
2026-07-07 15:06:16  INFO      [15:06:08.028]   OCR [easyocr] = '2258DK'
2026-07-07 15:06:16  INFO      [15:06:08.028]   OCR [easyocr2] = '2258DK'
2026-07-07 15:06:16  INFO      [15:06:08.028]   plate_text = '2258DK'
2026-07-07 15:06:16  INFO      [15:06:08.028] SUCCESS: plate='2258DK'  conf=0.8266297578811646
2026-07-07 15:06:16  INFO      [15:06:08.028] ── /predict done ─────────────────────────────────
2026-07-07 15:07:07  INFO      [15:07:07.011] ── /predict request received ──────────────────────
2026-07-07 15:07:07  INFO      [15:07:07.011] File: 'WhatsApp Image 2026-07-06 at 03.35.26.jpeg'  content-type: image/jpeg
2026-07-07 15:07:07  INFO      [15:07:07.011] OCR engines requested: ('easyocr', 'easyocr2')
2026-07-07 15:07:07  INFO      [15:07:07.011] Saved to temp: C:\Users\MOHAME~1\AppData\Local\Temp\tmphp0zva78.jpeg  size: 233908 bytes
2026-07-07 15:07:07  INFO      [15:07:07.011] Image shape: (1200, 1600, 3)  (H×W×C)
2026-07-07 15:07:07  INFO      [15:07:07.011] Calling run_pipeline …
2026-07-07 15:07:07  INFO      [15:07:07.011] YOLO weights: C:\Users\Mohamed Walid\Desktop\Internship\Code\runs\detect\train9\weights\best.pt
2026-07-07 15:07:07  INFO      [15:07:07.011]   [OK] Weights file exists (6089 KB)
2026-07-07 15:07:07  WARNING   [15:07:07.011] YOLO → 0 boxes detected (conf threshold=0.10)
2026-07-07 15:07:07  INFO      [15:07:07.011] Pipeline result:
2026-07-07 15:07:07  INFO      [15:07:07.011]   bbox       = None
2026-07-07 15:07:07  INFO      [15:07:07.011]   confidence = None
2026-07-07 15:07:07  INFO      [15:07:07.011]   OCR [easyocr] = ''
2026-07-07 15:07:07  INFO      [15:07:07.011]   OCR [easyocr2] = ''
2026-07-07 15:07:07  INFO      [15:07:07.011]   plate_text = ''
2026-07-07 15:07:07  WARNING   [15:07:07.011] FAIL: YOLO did not detect any plate box
2026-07-07 15:07:07  INFO      [15:07:07.011] ── /predict done ─────────────────────────────────
2026-07-07 15:07:07  INFO      [15:07:07.611] ── /predict request received ──────────────────────
2026-07-07 15:07:07  INFO      [15:07:07.611] File: '2.jpg'  content-type: image/jpeg
2026-07-07 15:07:07  INFO      [15:07:07.611] OCR engines requested: ('easyocr', 'easyocr2')
2026-07-07 15:07:07  INFO      [15:07:07.611] Saved to temp: C:\Users\MOHAME~1\AppData\Local\Temp\tmp8ztq7o8k.jpg  size: 86027 bytes
2026-07-07 15:07:07  INFO      [15:07:07.611] Image shape: (480, 640, 3)  (H×W×C)
2026-07-07 15:07:07  INFO      [15:07:07.611] Calling run_pipeline …
2026-07-07 15:07:07  INFO      [15:07:07.611] YOLO weights: C:\Users\Mohamed Walid\Desktop\Internship\Code\runs\detect\train9\weights\best.pt
2026-07-07 15:07:07  INFO      [15:07:07.611]   [OK] Weights file exists (6089 KB)
2026-07-07 15:07:07  INFO      [15:07:07.611] YOLO → 1 box(es) detected:
2026-07-07 15:07:07  INFO      [15:07:07.611]   box[0] conf=0.8266  xyxy=[191,179,284,207]
2026-07-07 15:07:16  INFO      [15:07:07.611] Pipeline result:
2026-07-07 15:07:16  INFO      [15:07:07.611]   bbox       = (191, 179, 284, 207)
2026-07-07 15:07:16  INFO      [15:07:07.611]   confidence = 0.8266297578811646
2026-07-07 15:07:16  INFO      [15:07:07.611]   OCR [easyocr] = '2258DK'
2026-07-07 15:07:16  INFO      [15:07:07.611]   OCR [easyocr2] = '2258DK'
2026-07-07 15:07:16  INFO      [15:07:07.611]   plate_text = '2258DK'
2026-07-07 15:07:16  INFO      [15:07:07.611] SUCCESS: plate='2258DK'  conf=0.8266297578811646
2026-07-07 15:07:16  INFO      [15:07:07.611] ── /predict done ─────────────────────────────────
2026-07-07 15:07:16  INFO      [15:07:16.594] ── /predict request received ──────────────────────
2026-07-07 15:07:16  INFO      [15:07:16.594] File: '8.jpg'  content-type: image/jpeg
2026-07-07 15:07:16  INFO      [15:07:16.594] OCR engines requested: ('easyocr', 'easyocr2')
2026-07-07 15:07:16  INFO      [15:07:16.594] Saved to temp: C:\Users\MOHAME~1\AppData\Local\Temp\tmp6pbkzeft.jpg  size: 112273 bytes
2026-07-07 15:07:16  INFO      [15:07:16.594] Image shape: (480, 640, 3)  (H×W×C)
2026-07-07 15:07:16  INFO      [15:07:16.594] Calling run_pipeline …
2026-07-07 15:07:16  INFO      [15:07:16.594] YOLO weights: C:\Users\Mohamed Walid\Desktop\Internship\Code\runs\detect\train9\weights\best.pt
2026-07-07 15:07:16  INFO      [15:07:16.594]   [OK] Weights file exists (6089 KB)
2026-07-07 15:07:17  INFO      [15:07:16.594] YOLO → 1 box(es) detected:
2026-07-07 15:07:17  INFO      [15:07:16.594]   box[0] conf=0.7769  xyxy=[224,205,295,227]
2026-07-07 15:07:29  INFO      [15:07:16.594] Pipeline result:
2026-07-07 15:07:29  INFO      [15:07:16.594]   bbox       = (224, 205, 295, 227)
2026-07-07 15:07:29  INFO      [15:07:16.594]   confidence = 0.7768753170967102
2026-07-07 15:07:29  INFO      [15:07:16.594]   OCR [easyocr] = '549980'
2026-07-07 15:07:29  INFO      [15:07:16.594]   OCR [easyocr2] = '549980'
2026-07-07 15:07:29  INFO      [15:07:16.594]   plate_text = '549980'
2026-07-07 15:07:29  INFO      [15:07:16.594] SUCCESS: plate='549980'  conf=0.7768753170967102
2026-07-07 15:07:29  INFO      [15:07:16.594] ── /predict done ─────────────────────────────────
2026-07-07 15:08:20  INFO      [15:08:20.229] ── /predict request received ──────────────────────
2026-07-07 15:08:20  INFO      [15:08:20.229] File: 'WhatsApp Image 2026-07-06 at 03.35.26.jpeg'  content-type: image/jpeg
2026-07-07 15:08:20  INFO      [15:08:20.229] OCR engines requested: ('easyocr', 'easyocr2')
2026-07-07 15:08:20  INFO      [15:08:20.229] Saved to temp: C:\Users\MOHAME~1\AppData\Local\Temp\tmphgre1kmg.jpeg  size: 233908 bytes
2026-07-07 15:08:20  INFO      [15:08:20.229] Image shape: (1200, 1600, 3)  (H×W×C)
2026-07-07 15:08:20  INFO      [15:08:20.229] Calling run_pipeline …
2026-07-07 15:08:20  INFO      [15:08:20.229] YOLO weights: C:\Users\Mohamed Walid\Desktop\Internship\Code\runs\detect\train9\weights\best.pt
2026-07-07 15:08:20  INFO      [15:08:20.229]   [OK] Weights file exists (6089 KB)
2026-07-07 15:08:20  WARNING   [15:08:20.229] YOLO → 0 boxes detected (conf threshold=0.10)
2026-07-07 15:08:20  INFO      [15:08:20.229] Pipeline result:
2026-07-07 15:08:20  INFO      [15:08:20.229]   bbox       = None
2026-07-07 15:08:20  INFO      [15:08:20.229]   confidence = None
2026-07-07 15:08:20  INFO      [15:08:20.229]   OCR [easyocr] = ''
2026-07-07 15:08:20  INFO      [15:08:20.229]   OCR [easyocr2] = ''
2026-07-07 15:08:20  INFO      [15:08:20.229]   plate_text = ''
2026-07-07 15:08:20  WARNING   [15:08:20.229] FAIL: YOLO did not detect any plate box
2026-07-07 15:08:20  INFO      [15:08:20.229] ── /predict done ─────────────────────────────────
2026-07-07 15:08:20  INFO      [15:08:20.806] ── /predict request received ──────────────────────
2026-07-07 15:08:20  INFO      [15:08:20.806] File: '2.jpg'  content-type: image/jpeg
2026-07-07 15:08:20  INFO      [15:08:20.806] OCR engines requested: ('easyocr', 'easyocr2')
2026-07-07 15:08:20  INFO      [15:08:20.806] Saved to temp: C:\Users\MOHAME~1\AppData\Local\Temp\tmpfhok410g.jpg  size: 86027 bytes
2026-07-07 15:08:20  INFO      [15:08:20.806] Image shape: (480, 640, 3)  (H×W×C)
2026-07-07 15:08:20  INFO      [15:08:20.806] Calling run_pipeline …
2026-07-07 15:08:20  INFO      [15:08:20.806] YOLO weights: C:\Users\Mohamed Walid\Desktop\Internship\Code\runs\detect\train9\weights\best.pt
2026-07-07 15:08:20  INFO      [15:08:20.806]   [OK] Weights file exists (6089 KB)
2026-07-07 15:08:21  INFO      [15:08:20.806] YOLO → 1 box(es) detected:
2026-07-07 15:08:21  INFO      [15:08:20.806]   box[0] conf=0.8266  xyxy=[191,179,284,207]
2026-07-07 15:08:29  INFO      [15:08:20.806] Pipeline result:
2026-07-07 15:08:29  INFO      [15:08:20.806]   bbox       = (191, 179, 284, 207)
2026-07-07 15:08:29  INFO      [15:08:20.806]   confidence = 0.8266297578811646
2026-07-07 15:08:29  INFO      [15:08:20.806]   OCR [easyocr] = '2258DK'
2026-07-07 15:08:29  INFO      [15:08:20.806]   OCR [easyocr2] = '2258DK'
2026-07-07 15:08:29  INFO      [15:08:20.806]   plate_text = '2258DK'
2026-07-07 15:08:29  INFO      [15:08:20.806] SUCCESS: plate='2258DK'  conf=0.8266297578811646
2026-07-07 15:08:29  INFO      [15:08:20.806] ── /predict done ─────────────────────────────────
2026-07-07 15:08:51  INFO      [15:08:51.033] ── /predict request received ──────────────────────
2026-07-07 15:08:51  INFO      [15:08:51.033] File: '12.jpg'  content-type: image/jpeg
2026-07-07 15:08:51  INFO      [15:08:51.033] OCR engines requested: ('easyocr', 'easyocr2')
2026-07-07 15:08:51  INFO      [15:08:51.033] Saved to temp: C:\Users\MOHAME~1\AppData\Local\Temp\tmpebgk_ezk.jpg  size: 76195 bytes
2026-07-07 15:08:51  INFO      [15:08:51.033] Image shape: (480, 640, 3)  (H×W×C)
2026-07-07 15:08:51  INFO      [15:08:51.033] Calling run_pipeline …
2026-07-07 15:08:51  INFO      [15:08:51.033] YOLO weights: C:\Users\Mohamed Walid\Desktop\Internship\Code\runs\detect\train9\weights\best.pt
2026-07-07 15:08:51  INFO      [15:08:51.033]   [OK] Weights file exists (6089 KB)
2026-07-07 15:08:51  INFO      [15:08:51.033] YOLO → 1 box(es) detected:
2026-07-07 15:08:51  INFO      [15:08:51.033]   box[0] conf=0.7986  xyxy=[181,177,269,214]
2026-07-07 15:09:03  INFO      [15:08:51.033] Pipeline result:
2026-07-07 15:09:03  INFO      [15:08:51.033]   bbox       = (181, 177, 269, 214)
2026-07-07 15:09:03  INFO      [15:08:51.033]   confidence = 0.7985838055610657
2026-07-07 15:09:03  INFO      [15:08:51.033]   OCR [easyocr] = '245596'
2026-07-07 15:09:03  INFO      [15:08:51.033]   OCR [easyocr2] = '245596'
2026-07-07 15:09:03  INFO      [15:08:51.033]   plate_text = '245596'
2026-07-07 15:09:03  INFO      [15:08:51.033] SUCCESS: plate='245596'  conf=0.7985838055610657
2026-07-07 15:09:03  INFO      [15:08:51.033] ── /predict done ─────────────────────────────────
2026-07-08 01:59:35  INFO      [01:59:35.677] ── /predict request received ──────────────────────
2026-07-08 01:59:35  INFO      [01:59:35.677] File: 'P00858.jpg'  content-type: image/jpeg
2026-07-08 01:59:35  INFO      [01:59:35.677] OCR engines requested: ('easyocr', 'easyocr2')
2026-07-08 01:59:35  INFO      [01:59:35.677] Saved to temp: C:\Users\MOHAME~1\AppData\Local\Temp\tmpyc4eanml.jpg  size: 34354 bytes
2026-07-08 01:59:35  INFO      [01:59:35.677] Image shape: (425, 567, 3)  (H×W×C)
2026-07-08 01:59:35  INFO      [01:59:35.677] Calling run_pipeline …
2026-07-08 01:59:35  INFO      [01:59:35.677] YOLO weights: C:\Users\Mohamed Walid\Desktop\Internship\Code\runs\detect\train9\weights\best.pt
2026-07-08 01:59:35  INFO      [01:59:35.677]   [OK] Weights file exists (6089 KB)
2026-07-08 01:59:37  WARNING   [01:59:35.677] YOLO → 0 boxes detected (conf threshold=0.10)
2026-07-08 01:59:37  INFO      [01:59:35.677] Pipeline result:
2026-07-08 01:59:37  INFO      [01:59:35.677]   bbox       = None
2026-07-08 01:59:37  INFO      [01:59:35.677]   confidence = None
2026-07-08 01:59:37  INFO      [01:59:35.677]   OCR [easyocr] = ''
2026-07-08 01:59:37  INFO      [01:59:35.677]   OCR [easyocr2] = ''
2026-07-08 01:59:37  INFO      [01:59:35.677]   plate_text = ''
2026-07-08 01:59:37  WARNING   [01:59:35.677] FAIL: YOLO did not detect any plate box
2026-07-08 01:59:37  INFO      [01:59:35.677] ── /predict done ─────────────────────────────────
2026-07-08 01:59:39  INFO      [01:59:39.413] ── /predict request received ──────────────────────
2026-07-08 01:59:39  INFO      [01:59:39.413] File: 'P05229.jpg'  content-type: image/jpeg
2026-07-08 01:59:39  INFO      [01:59:39.413] OCR engines requested: ('easyocr', 'easyocr2')
2026-07-08 01:59:39  INFO      [01:59:39.413] Saved to temp: C:\Users\MOHAME~1\AppData\Local\Temp\tmpivt7j7tj.jpg  size: 45487 bytes
2026-07-08 01:59:39  INFO      [01:59:39.413] Image shape: (425, 567, 3)  (H×W×C)
2026-07-08 01:59:39  INFO      [01:59:39.413] Calling run_pipeline …
2026-07-08 01:59:39  INFO      [01:59:39.413] YOLO weights: C:\Users\Mohamed Walid\Desktop\Internship\Code\runs\detect\train9\weights\best.pt
2026-07-08 01:59:39  INFO      [01:59:39.413]   [OK] Weights file exists (6089 KB)
2026-07-08 01:59:40  WARNING   [01:59:39.413] YOLO → 0 boxes detected (conf threshold=0.10)
2026-07-08 01:59:40  INFO      [01:59:39.413] Pipeline result:
2026-07-08 01:59:40  INFO      [01:59:39.413]   bbox       = None
2026-07-08 01:59:40  INFO      [01:59:39.413]   confidence = None
2026-07-08 01:59:40  INFO      [01:59:39.413]   OCR [easyocr] = ''
2026-07-08 01:59:40  INFO      [01:59:39.413]   OCR [easyocr2] = ''
2026-07-08 01:59:40  INFO      [01:59:39.413]   plate_text = ''
2026-07-08 01:59:40  WARNING   [01:59:39.413] FAIL: YOLO did not detect any plate box
2026-07-08 01:59:40  INFO      [01:59:39.413] ── /predict done ─────────────────────────────────
2026-07-08 01:59:41  INFO      [01:59:41.532] ── /predict request received ──────────────────────
2026-07-08 01:59:41  INFO      [01:59:41.532] File: 'P01238.jpg'  content-type: image/jpeg
2026-07-08 01:59:41  INFO      [01:59:41.532] OCR engines requested: ('easyocr', 'easyocr2')
2026-07-08 01:59:41  INFO      [01:59:41.532] Saved to temp: C:\Users\MOHAME~1\AppData\Local\Temp\tmprsxsn3na.jpg  size: 53105 bytes
2026-07-08 01:59:41  INFO      [01:59:41.532] Image shape: (425, 567, 3)  (H×W×C)
2026-07-08 01:59:41  INFO      [01:59:41.532] Calling run_pipeline …
2026-07-08 01:59:41  INFO      [01:59:41.532] YOLO weights: C:\Users\Mohamed Walid\Desktop\Internship\Code\runs\detect\train9\weights\best.pt
2026-07-08 01:59:41  INFO      [01:59:41.532]   [OK] Weights file exists (6089 KB)
2026-07-08 01:59:42  WARNING   [01:59:41.532] YOLO → 0 boxes detected (conf threshold=0.10)
2026-07-08 01:59:42  INFO      [01:59:41.532] Pipeline result:
2026-07-08 01:59:42  INFO      [01:59:41.532]   bbox       = None
2026-07-08 01:59:42  INFO      [01:59:41.532]   confidence = None
2026-07-08 01:59:42  INFO      [01:59:41.532]   OCR [easyocr] = ''
2026-07-08 01:59:42  INFO      [01:59:41.532]   OCR [easyocr2] = ''
2026-07-08 01:59:42  INFO      [01:59:41.532]   plate_text = ''
2026-07-08 01:59:42  WARNING   [01:59:41.532] FAIL: YOLO did not detect any plate box
2026-07-08 01:59:42  INFO      [01:59:41.532] ── /predict done ─────────────────────────────────
2026-07-08 01:59:42  INFO      [01:59:42.896] ── /predict request received ──────────────────────
2026-07-08 01:59:42  INFO      [01:59:42.896] File: 'images (7).jpg'  content-type: image/jpeg
2026-07-08 01:59:42  INFO      [01:59:42.896] OCR engines requested: ('easyocr', 'easyocr2')
2026-07-08 01:59:42  INFO      [01:59:42.896] Saved to temp: C:\Users\MOHAME~1\AppData\Local\Temp\tmp9i66o1bt.jpg  size: 42648 bytes
2026-07-08 01:59:42  INFO      [01:59:42.896] Image shape: (581, 528, 3)  (H×W×C)
2026-07-08 01:59:42  INFO      [01:59:42.896] Calling run_pipeline …
2026-07-08 01:59:42  INFO      [01:59:42.896] YOLO weights: C:\Users\Mohamed Walid\Desktop\Internship\Code\runs\detect\train9\weights\best.pt
2026-07-08 01:59:42  INFO      [01:59:42.896]   [OK] Weights file exists (6089 KB)
2026-07-08 01:59:43  INFO      [01:59:42.896] YOLO → 1 box(es) detected:
2026-07-08 01:59:43  INFO      [01:59:42.896]   box[0] conf=0.1386  xyxy=[299,389,344,402]
2026-07-08 01:59:44  INFO      [01:59:42.896] Pipeline result:
2026-07-08 01:59:44  INFO      [01:59:42.896]   bbox       = None
2026-07-08 01:59:44  INFO      [01:59:42.896]   confidence = None
2026-07-08 01:59:44  INFO      [01:59:42.896]   OCR [easyocr] = ''
2026-07-08 01:59:44  INFO      [01:59:42.896]   OCR [easyocr2] = ''
2026-07-08 01:59:44  INFO      [01:59:42.896]   plate_text = ''
2026-07-08 01:59:44  WARNING   [01:59:42.896] FAIL: YOLO did not detect any plate box
2026-07-08 01:59:44  INFO      [01:59:42.896] ── /predict done ─────────────────────────────────
2026-07-08 01:59:44  INFO      [01:59:44.976] ── /predict request received ──────────────────────
2026-07-08 01:59:44  INFO      [01:59:44.976] File: 'images (6).jpg'  content-type: image/jpeg
2026-07-08 01:59:44  INFO      [01:59:44.976] OCR engines requested: ('easyocr', 'easyocr2')
2026-07-08 01:59:44  INFO      [01:59:44.976] Saved to temp: C:\Users\MOHAME~1\AppData\Local\Temp\tmpd6flqckj.jpg  size: 8978 bytes
2026-07-08 01:59:45  INFO      [01:59:44.976] Image shape: (240, 320, 3)  (H×W×C)
2026-07-08 01:59:45  INFO      [01:59:44.976] Calling run_pipeline …
2026-07-08 01:59:45  INFO      [01:59:44.976] YOLO weights: C:\Users\Mohamed Walid\Desktop\Internship\Code\runs\detect\train9\weights\best.pt
2026-07-08 01:59:45  INFO      [01:59:44.976]   [OK] Weights file exists (6089 KB)
2026-07-08 01:59:45  WARNING   [01:59:44.976] YOLO → 0 boxes detected (conf threshold=0.10)
2026-07-08 01:59:46  INFO      [01:59:44.976] Pipeline result:
2026-07-08 01:59:46  INFO      [01:59:44.976]   bbox       = None
2026-07-08 01:59:46  INFO      [01:59:44.976]   confidence = None
2026-07-08 01:59:46  INFO      [01:59:44.976]   OCR [easyocr] = ''
2026-07-08 01:59:46  INFO      [01:59:44.976]   OCR [easyocr2] = ''
2026-07-08 01:59:46  INFO      [01:59:44.976]   plate_text = ''
2026-07-08 01:59:46  WARNING   [01:59:44.976] FAIL: YOLO did not detect any plate box
2026-07-08 01:59:46  INFO      [01:59:44.976] ── /predict done ─────────────────────────────────
2026-07-08 01:59:46  INFO      [01:59:46.557] ── /predict request received ──────────────────────
2026-07-08 01:59:46  INFO      [01:59:46.557] File: 'images (5).jpg'  content-type: image/jpeg
2026-07-08 01:59:46  INFO      [01:59:46.557] OCR engines requested: ('easyocr', 'easyocr2')
2026-07-08 01:59:46  INFO      [01:59:46.557] Saved to temp: C:\Users\MOHAME~1\AppData\Local\Temp\tmpg6e6o_gm.jpg  size: 25196 bytes
2026-07-08 01:59:46  INFO      [01:59:46.557] Image shape: (516, 387, 3)  (H×W×C)
2026-07-08 01:59:46  INFO      [01:59:46.557] Calling run_pipeline …
2026-07-08 01:59:46  INFO      [01:59:46.557] YOLO weights: C:\Users\Mohamed Walid\Desktop\Internship\Code\runs\detect\train9\weights\best.pt
2026-07-08 01:59:46  INFO      [01:59:46.557]   [OK] Weights file exists (6089 KB)
2026-07-08 01:59:47  WARNING   [01:59:46.557] YOLO → 0 boxes detected (conf threshold=0.10)
2026-07-08 01:59:47  INFO      [01:59:46.557] Pipeline result:
2026-07-08 01:59:47  INFO      [01:59:46.557]   bbox       = None
2026-07-08 01:59:47  INFO      [01:59:46.557]   confidence = None
2026-07-08 01:59:47  INFO      [01:59:46.557]   OCR [easyocr] = ''
2026-07-08 01:59:47  INFO      [01:59:46.557]   OCR [easyocr2] = ''
2026-07-08 01:59:47  INFO      [01:59:46.557]   plate_text = ''
2026-07-08 01:59:47  WARNING   [01:59:46.557] FAIL: YOLO did not detect any plate box
2026-07-08 01:59:47  INFO      [01:59:46.557] ── /predict done ─────────────────────────────────
2026-07-08 01:59:48  INFO      [01:59:48.176] ── /predict request received ──────────────────────
2026-07-08 01:59:48  INFO      [01:59:48.176] File: 'images (4).jpg'  content-type: image/jpeg
2026-07-08 01:59:48  INFO      [01:59:48.176] OCR engines requested: ('easyocr', 'easyocr2')
2026-07-08 01:59:48  INFO      [01:59:48.176] Saved to temp: C:\Users\MOHAME~1\AppData\Local\Temp\tmpo8ibkx6q.jpg  size: 18930 bytes
2026-07-08 01:59:48  INFO      [01:59:48.176] Image shape: (518, 386, 3)  (H×W×C)
2026-07-08 01:59:48  INFO      [01:59:48.176] Calling run_pipeline …
2026-07-08 01:59:48  INFO      [01:59:48.176] YOLO weights: C:\Users\Mohamed Walid\Desktop\Internship\Code\runs\detect\train9\weights\best.pt
2026-07-08 01:59:48  INFO      [01:59:48.176]   [OK] Weights file exists (6089 KB)
2026-07-08 01:59:48  INFO      [01:59:48.176] YOLO → 1 box(es) detected:
2026-07-08 01:59:48  INFO      [01:59:48.176]   box[0] conf=0.5856  xyxy=[147,260,305,310]
2026-07-08 02:00:03  INFO      [01:59:48.176] Pipeline result:
2026-07-08 02:00:03  INFO      [01:59:48.176]   bbox       = (147, 260, 305, 310)
2026-07-08 02:00:03  INFO      [01:59:48.176]   confidence = 0.5855938792228699
2026-07-08 02:00:03  INFO      [01:59:48.176]   OCR [easyocr] = '2KILEEN'
2026-07-08 02:00:03  INFO      [01:59:48.176]   OCR [easyocr2] = '2KILEEN'
2026-07-08 02:00:03  INFO      [01:59:48.176]   plate_text = '2KILEEN'
2026-07-08 02:00:03  INFO      [01:59:48.176] SUCCESS: plate='2KILEEN'  conf=0.5855938792228699
2026-07-08 02:00:03  INFO      [01:59:48.176] ── /predict done ─────────────────────────────────
2026-07-08 02:00:03  INFO      [02:00:03.587] ── /predict request received ──────────────────────
2026-07-08 02:00:03  INFO      [02:00:03.587] File: 'images (3).jpg'  content-type: image/jpeg
2026-07-08 02:00:03  INFO      [02:00:03.587] OCR engines requested: ('easyocr', 'easyocr2')
2026-07-08 02:00:03  INFO      [02:00:03.587] Saved to temp: C:\Users\MOHAME~1\AppData\Local\Temp\tmp4g871gho.jpg  size: 32301 bytes
2026-07-08 02:00:03  INFO      [02:00:03.587] Image shape: (516, 387, 3)  (H×W×C)
2026-07-08 02:00:03  INFO      [02:00:03.587] Calling run_pipeline …
2026-07-08 02:00:03  INFO      [02:00:03.587] YOLO weights: C:\Users\Mohamed Walid\Desktop\Internship\Code\runs\detect\train9\weights\best.pt
2026-07-08 02:00:03  INFO      [02:00:03.587]   [OK] Weights file exists (6089 KB)
2026-07-08 02:00:04  INFO      [02:00:03.587] YOLO → 1 box(es) detected:
2026-07-08 02:00:04  INFO      [02:00:03.587]   box[0] conf=0.7577  xyxy=[218,254,277,272]
2026-07-08 02:00:17  INFO      [02:00:03.587] Pipeline result:
2026-07-08 02:00:17  INFO      [02:00:03.587]   bbox       = (218, 254, 277, 272)
2026-07-08 02:00:17  INFO      [02:00:03.587]   confidence = 0.7577139735221863
2026-07-08 02:00:17  INFO      [02:00:03.587]   OCR [easyocr] = 'LSHPRIIL'
2026-07-08 02:00:17  INFO      [02:00:03.587]   OCR [easyocr2] = 'LSHPRIIL'
2026-07-08 02:00:17  INFO      [02:00:03.587]   plate_text = 'LSHPRIIL'
2026-07-08 02:00:17  INFO      [02:00:03.587] SUCCESS: plate='LSHPRIIL'  conf=0.7577139735221863
2026-07-08 02:00:17  INFO      [02:00:03.587] ── /predict done ─────────────────────────────────
2026-07-08 02:00:17  INFO      [02:00:17.156] ── /predict request received ──────────────────────
2026-07-08 02:00:17  INFO      [02:00:17.156] File: 'images (2).jpg'  content-type: image/jpeg
2026-07-08 02:00:17  INFO      [02:00:17.156] OCR engines requested: ('easyocr', 'easyocr2')
2026-07-08 02:00:17  INFO      [02:00:17.156] Saved to temp: C:\Users\MOHAME~1\AppData\Local\Temp\tmp1p57qbb_.jpg  size: 8452 bytes
2026-07-08 02:00:17  INFO      [02:00:17.156] Image shape: (195, 259, 3)  (H×W×C)
2026-07-08 02:00:17  INFO      [02:00:17.156] Calling run_pipeline …
2026-07-08 02:00:17  INFO      [02:00:17.156] YOLO weights: C:\Users\Mohamed Walid\Desktop\Internship\Code\runs\detect\train9\weights\best.pt
2026-07-08 02:00:17  INFO      [02:00:17.156]   [OK] Weights file exists (6089 KB)
2026-07-08 02:00:17  INFO      [02:00:17.156] YOLO → 1 box(es) detected:
2026-07-08 02:00:17  INFO      [02:00:17.156]   box[0] conf=0.4882  xyxy=[108,106,182,129]
2026-07-08 02:00:38  INFO      [02:00:17.156] Pipeline result:
2026-07-08 02:00:38  INFO      [02:00:17.156]   bbox       = (108, 106, 182, 129)
2026-07-08 02:00:38  INFO      [02:00:17.156]   confidence = 0.4882003962993622
2026-07-08 02:00:38  INFO      [02:00:17.156]   OCR [easyocr] = '692KJP'
2026-07-08 02:00:38  INFO      [02:00:17.156]   OCR [easyocr2] = '692KJP'
2026-07-08 02:00:38  INFO      [02:00:17.156]   plate_text = '692KJP'
2026-07-08 02:00:38  INFO      [02:00:17.156] SUCCESS: plate='692KJP'  conf=0.4882003962993622
2026-07-08 02:00:38  INFO      [02:00:17.156] ── /predict done ─────────────────────────────────
2026-07-08 02:00:40  INFO      [02:00:40.363] ── /predict request received ──────────────────────
2026-07-08 02:00:40  INFO      [02:00:40.363] File: 'images (1).jpg'  content-type: image/jpeg
2026-07-08 02:00:40  INFO      [02:00:40.363] OCR engines requested: ('easyocr', 'easyocr2')
2026-07-08 02:00:40  INFO      [02:00:40.363] Saved to temp: C:\Users\MOHAME~1\AppData\Local\Temp\tmpbbq9ji1z.jpg  size: 20325 bytes
2026-07-08 02:00:40  INFO      [02:00:40.363] Image shape: (606, 506, 3)  (H×W×C)
2026-07-08 02:00:40  INFO      [02:00:40.363] Calling run_pipeline …
2026-07-08 02:00:40  INFO      [02:00:40.363] YOLO weights: C:\Users\Mohamed Walid\Desktop\Internship\Code\runs\detect\train9\weights\best.pt
2026-07-08 02:00:40  INFO      [02:00:40.363]   [OK] Weights file exists (6089 KB)
2026-07-08 02:00:40  INFO      [02:00:40.363] YOLO → 1 box(es) detected:
2026-07-08 02:00:40  INFO      [02:00:40.363]   box[0] conf=0.7937  xyxy=[235,226,359,266]
2026-07-08 02:00:54  INFO      [02:00:40.363] Pipeline result:
2026-07-08 02:00:54  INFO      [02:00:40.363]   bbox       = (235, 226, 359, 266)
2026-07-08 02:00:54  INFO      [02:00:40.363]   confidence = 0.7937493324279785
2026-07-08 02:00:54  INFO      [02:00:40.363]   OCR [easyocr] = '6J0300L'
2026-07-08 02:00:54  INFO      [02:00:40.363]   OCR [easyocr2] = '6J0300L'
2026-07-08 02:00:54  INFO      [02:00:40.363]   plate_text = '6J0300L'
2026-07-08 02:00:54  INFO      [02:00:40.363] SUCCESS: plate='6J0300L'  conf=0.7937493324279785
2026-07-08 02:00:54  INFO      [02:00:40.363] ── /predict done ─────────────────────────────────
2026-07-08 02:00:54  INFO      [02:00:54.794] ── /predict request received ──────────────────────
2026-07-08 02:00:54  INFO      [02:00:54.794] File: 'images.jpg'  content-type: image/jpeg
2026-07-08 02:00:54  INFO      [02:00:54.794] OCR engines requested: ('easyocr', 'easyocr2')
2026-07-08 02:00:54  INFO      [02:00:54.794] Saved to temp: C:\Users\MOHAME~1\AppData\Local\Temp\tmpst7_y1fb.jpg  size: 26285 bytes
2026-07-08 02:00:54  INFO      [02:00:54.794] Image shape: (397, 503, 3)  (H×W×C)
2026-07-08 02:00:54  INFO      [02:00:54.794] Calling run_pipeline …
2026-07-08 02:00:54  INFO      [02:00:54.794] YOLO weights: C:\Users\Mohamed Walid\Desktop\Internship\Code\runs\detect\train9\weights\best.pt
2026-07-08 02:00:54  INFO      [02:00:54.794]   [OK] Weights file exists (6089 KB)
2026-07-08 02:00:55  INFO      [02:00:54.794] YOLO → 1 box(es) detected:
2026-07-08 02:00:55  INFO      [02:00:54.794]   box[0] conf=0.1733  xyxy=[215,181,338,231]
2026-07-08 02:00:56  INFO      [02:00:54.794] Pipeline result:
2026-07-08 02:00:56  INFO      [02:00:54.794]   bbox       = None
2026-07-08 02:00:56  INFO      [02:00:54.794]   confidence = None
2026-07-08 02:00:56  INFO      [02:00:54.794]   OCR [easyocr] = ''
2026-07-08 02:00:56  INFO      [02:00:54.794]   OCR [easyocr2] = ''
2026-07-08 02:00:56  INFO      [02:00:54.794]   plate_text = ''
2026-07-08 02:00:56  WARNING   [02:00:54.794] FAIL: YOLO did not detect any plate box
2026-07-08 02:00:56  INFO      [02:00:54.794] ── /predict done ─────────────────────────────────
2026-07-08 02:09:45  INFO      [02:09:45.128] ── /predict request received ──────────────────────
2026-07-08 02:09:45  INFO      [02:09:45.128] File: '3504226256_0a63cb93d2_b.jpg'  content-type: image/jpeg
2026-07-08 02:09:45  INFO      [02:09:45.128] OCR engines requested: ('easyocr', 'easyocr2')
2026-07-08 02:09:45  INFO      [02:09:45.128] Saved to temp: C:\Users\MOHAME~1\AppData\Local\Temp\tmps4x_qfso.jpg  size: 206689 bytes
2026-07-08 02:09:45  INFO      [02:09:45.128] Image shape: (768, 1024, 3)  (H×W×C)
2026-07-08 02:09:45  INFO      [02:09:45.128] Calling run_pipeline …
2026-07-08 02:09:45  INFO      [02:09:45.128] YOLO weights: C:\Users\Mohamed Walid\Desktop\Internship\Code\runs\detect\train9\weights\best.pt
2026-07-08 02:09:45  INFO      [02:09:45.128]   [OK] Weights file exists (6089 KB)
2026-07-08 02:09:45  INFO      [02:09:45.128] YOLO → 1 box(es) detected:
2026-07-08 02:09:45  INFO      [02:09:45.128]   box[0] conf=0.3570  xyxy=[345,216,636,338]
2026-07-08 02:09:59  INFO      [02:09:45.128] Pipeline result:
2026-07-08 02:09:59  INFO      [02:09:45.128]   bbox       = (345, 216, 636, 338)
2026-07-08 02:09:59  INFO      [02:09:45.128]   confidence = 0.35700419545173645
2026-07-08 02:09:59  INFO      [02:09:45.128]   OCR [easyocr] = '78CS'
2026-07-08 02:09:59  INFO      [02:09:45.128]   OCR [easyocr2] = '78CS'
2026-07-08 02:09:59  INFO      [02:09:45.128]   plate_text = '78CS'
2026-07-08 02:09:59  INFO      [02:09:45.128] SUCCESS: plate='78CS'  conf=0.35700419545173645
2026-07-08 02:09:59  INFO      [02:09:45.128] ── /predict done ─────────────────────────────────
2026-07-08 02:10:00  INFO      [02:10:00.117] ── /predict request received ──────────────────────
2026-07-08 02:10:00  INFO      [02:10:00.117] File: 'images (1).jpg'  content-type: image/jpeg
2026-07-08 02:10:00  INFO      [02:10:00.117] OCR engines requested: ('easyocr', 'easyocr2')
2026-07-08 02:10:00  INFO      [02:10:00.117] Saved to temp: C:\Users\MOHAME~1\AppData\Local\Temp\tmpeuvenyyo.jpg  size: 27004 bytes
2026-07-08 02:10:00  INFO      [02:10:00.117] Image shape: (305, 655, 3)  (H×W×C)
2026-07-08 02:10:00  INFO      [02:10:00.117] Calling run_pipeline …
2026-07-08 02:10:00  INFO      [02:10:00.117] YOLO weights: C:\Users\Mohamed Walid\Desktop\Internship\Code\runs\detect\train9\weights\best.pt
2026-07-08 02:10:00  INFO      [02:10:00.117]   [OK] Weights file exists (6089 KB)
2026-07-08 02:10:00  WARNING   [02:10:00.117] YOLO → 0 boxes detected (conf threshold=0.10)
2026-07-08 02:10:01  INFO      [02:10:00.117] Pipeline result:
2026-07-08 02:10:01  INFO      [02:10:00.117]   bbox       = None
2026-07-08 02:10:01  INFO      [02:10:00.117]   confidence = None
2026-07-08 02:10:01  INFO      [02:10:00.117]   OCR [easyocr] = ''
2026-07-08 02:10:01  INFO      [02:10:00.117]   OCR [easyocr2] = ''
2026-07-08 02:10:01  INFO      [02:10:00.117]   plate_text = ''
2026-07-08 02:10:01  WARNING   [02:10:00.117] FAIL: YOLO did not detect any plate box
2026-07-08 02:10:01  INFO      [02:10:00.117] ── /predict done ─────────────────────────────────
2026-07-08 02:10:01  INFO      [02:10:01.328] ── /predict request received ──────────────────────
2026-07-08 02:10:01  INFO      [02:10:01.328] File: 'images (2).jpg'  content-type: image/jpeg
2026-07-08 02:10:01  INFO      [02:10:01.328] OCR engines requested: ('easyocr', 'easyocr2')
2026-07-08 02:10:01  INFO      [02:10:01.328] Saved to temp: C:\Users\MOHAME~1\AppData\Local\Temp\tmpivpky8ql.jpg  size: 18592 bytes
2026-07-08 02:10:01  INFO      [02:10:01.328] Image shape: (330, 600, 3)  (H×W×C)
2026-07-08 02:10:01  INFO      [02:10:01.328] Calling run_pipeline …
2026-07-08 02:10:01  INFO      [02:10:01.328] YOLO weights: C:\Users\Mohamed Walid\Desktop\Internship\Code\runs\detect\train9\weights\best.pt
2026-07-08 02:10:01  INFO      [02:10:01.328]   [OK] Weights file exists (6089 KB)
2026-07-08 02:10:01  WARNING   [02:10:01.328] YOLO → 0 boxes detected (conf threshold=0.10)
2026-07-08 02:10:02  INFO      [02:10:01.328] Pipeline result:
2026-07-08 02:10:02  INFO      [02:10:01.328]   bbox       = None
2026-07-08 02:10:02  INFO      [02:10:01.328]   confidence = None
2026-07-08 02:10:02  INFO      [02:10:01.328]   OCR [easyocr] = ''
2026-07-08 02:10:02  INFO      [02:10:01.328]   OCR [easyocr2] = ''
2026-07-08 02:10:02  INFO      [02:10:01.328]   plate_text = ''
2026-07-08 02:10:02  WARNING   [02:10:01.328] FAIL: YOLO did not detect any plate box
2026-07-08 02:10:02  INFO      [02:10:01.328] ── /predict done ─────────────────────────────────
2026-07-08 02:10:02  INFO      [02:10:02.588] ── /predict request received ──────────────────────
2026-07-08 02:10:02  INFO      [02:10:02.588] File: 'images (3).jpg'  content-type: image/jpeg
2026-07-08 02:10:02  INFO      [02:10:02.588] OCR engines requested: ('easyocr', 'easyocr2')
2026-07-08 02:10:02  INFO      [02:10:02.588] Saved to temp: C:\Users\MOHAME~1\AppData\Local\Temp\tmpky18tb2y.jpg  size: 35902 bytes
2026-07-08 02:10:02  INFO      [02:10:02.588] Image shape: (480, 640, 3)  (H×W×C)
2026-07-08 02:10:02  INFO      [02:10:02.588] Calling run_pipeline …
2026-07-08 02:10:02  INFO      [02:10:02.588] YOLO weights: C:\Users\Mohamed Walid\Desktop\Internship\Code\runs\detect\train9\weights\best.pt
2026-07-08 02:10:02  INFO      [02:10:02.588]   [OK] Weights file exists (6089 KB)
2026-07-08 02:10:03  WARNING   [02:10:02.588] YOLO → 0 boxes detected (conf threshold=0.10)
2026-07-08 02:10:03  INFO      [02:10:02.588] Pipeline result:
2026-07-08 02:10:03  INFO      [02:10:02.588]   bbox       = None
2026-07-08 02:10:03  INFO      [02:10:02.588]   confidence = None
2026-07-08 02:10:03  INFO      [02:10:02.588]   OCR [easyocr] = ''
2026-07-08 02:10:03  INFO      [02:10:02.588]   OCR [easyocr2] = ''
2026-07-08 02:10:03  INFO      [02:10:02.588]   plate_text = ''
2026-07-08 02:10:03  WARNING   [02:10:02.588] FAIL: YOLO did not detect any plate box
2026-07-08 02:10:03  INFO      [02:10:02.588] ── /predict done ─────────────────────────────────
2026-07-08 02:10:04  INFO      [02:10:04.287] ── /predict request received ──────────────────────
2026-07-08 02:10:04  INFO      [02:10:04.287] File: 'images (4).jpg'  content-type: image/jpeg
2026-07-08 02:10:04  INFO      [02:10:04.287] OCR engines requested: ('easyocr', 'easyocr2')
2026-07-08 02:10:04  INFO      [02:10:04.287] Saved to temp: C:\Users\MOHAME~1\AppData\Local\Temp\tmp4mdnjv68.jpg  size: 28619 bytes
2026-07-08 02:10:04  INFO      [02:10:04.287] Image shape: (330, 600, 3)  (H×W×C)
2026-07-08 02:10:04  INFO      [02:10:04.287] Calling run_pipeline …
2026-07-08 02:10:04  INFO      [02:10:04.287] YOLO weights: C:\Users\Mohamed Walid\Desktop\Internship\Code\runs\detect\train9\weights\best.pt
2026-07-08 02:10:04  INFO      [02:10:04.287]   [OK] Weights file exists (6089 KB)
2026-07-08 02:10:04  WARNING   [02:10:04.287] YOLO → 0 boxes detected (conf threshold=0.10)
2026-07-08 02:10:05  INFO      [02:10:04.287] Pipeline result:
2026-07-08 02:10:05  INFO      [02:10:04.287]   bbox       = None
2026-07-08 02:10:05  INFO      [02:10:04.287]   confidence = None
2026-07-08 02:10:05  INFO      [02:10:04.287]   OCR [easyocr] = ''
2026-07-08 02:10:05  INFO      [02:10:04.287]   OCR [easyocr2] = ''
2026-07-08 02:10:05  INFO      [02:10:04.287]   plate_text = ''
2026-07-08 02:10:05  WARNING   [02:10:04.287] FAIL: YOLO did not detect any plate box
2026-07-08 02:10:05  INFO      [02:10:04.287] ── /predict done ─────────────────────────────────
2026-07-08 02:10:05  INFO      [02:10:05.767] ── /predict request received ──────────────────────
2026-07-08 02:10:05  INFO      [02:10:05.767] File: 'images.jpg'  content-type: image/jpeg
2026-07-08 02:10:05  INFO      [02:10:05.767] OCR engines requested: ('easyocr', 'easyocr2')
2026-07-08 02:10:05  INFO      [02:10:05.767] Saved to temp: C:\Users\MOHAME~1\AppData\Local\Temp\tmpbghjnh4p.jpg  size: 39447 bytes
2026-07-08 02:10:05  INFO      [02:10:05.767] Image shape: (357, 559, 3)  (H×W×C)
2026-07-08 02:10:05  INFO      [02:10:05.767] Calling run_pipeline …
2026-07-08 02:10:05  INFO      [02:10:05.767] YOLO weights: C:\Users\Mohamed Walid\Desktop\Internship\Code\runs\detect\train9\weights\best.pt
2026-07-08 02:10:05  INFO      [02:10:05.767]   [OK] Weights file exists (6089 KB)
2026-07-08 02:10:06  INFO      [02:10:05.767] YOLO → 4 box(es) detected:
2026-07-08 02:10:06  INFO      [02:10:05.767]   box[0] conf=0.8181  xyxy=[24,256,186,306]
2026-07-08 02:10:06  INFO      [02:10:05.767]   box[1] conf=0.7400  xyxy=[203,140,361,187]
2026-07-08 02:10:06  INFO      [02:10:05.767]   box[2] conf=0.6242  xyxy=[379,138,536,190]
2026-07-08 02:10:06  INFO      [02:10:05.767]   box[3] conf=0.2437  xyxy=[207,262,361,304]
2026-07-08 02:10:19  INFO      [02:10:05.767] Pipeline result:
2026-07-08 02:10:19  INFO      [02:10:05.767]   bbox       = (24, 256, 186, 306)
2026-07-08 02:10:19  INFO      [02:10:05.767]   confidence = 0.8181490302085876
2026-07-08 02:10:19  INFO      [02:10:05.767]   OCR [easyocr] = '77777G'
2026-07-08 02:10:19  INFO      [02:10:05.767]   OCR [easyocr2] = '77777G'
2026-07-08 02:10:19  INFO      [02:10:05.767]   plate_text = '77777G'
2026-07-08 02:10:19  INFO      [02:10:05.767] SUCCESS: plate='77777G'  conf=0.8181490302085876
2026-07-08 02:10:19  INFO      [02:10:05.767] ── /predict done ─────────────────────────────────
2026-07-08 02:10:19  INFO      [02:10:19.854] ── /predict request received ──────────────────────
2026-07-08 02:10:19  INFO      [02:10:19.854] File: 'P01523.jpg'  content-type: image/jpeg
2026-07-08 02:10:19  INFO      [02:10:19.854] OCR engines requested: ('easyocr', 'easyocr2')
2026-07-08 02:10:19  INFO      [02:10:19.854] Saved to temp: C:\Users\MOHAME~1\AppData\Local\Temp\tmpglz439qe.jpg  size: 44574 bytes
2026-07-08 02:10:19  INFO      [02:10:19.854] Image shape: (425, 567, 3)  (H×W×C)
2026-07-08 02:10:19  INFO      [02:10:19.854] Calling run_pipeline …
2026-07-08 02:10:19  INFO      [02:10:19.854] YOLO weights: C:\Users\Mohamed Walid\Desktop\Internship\Code\runs\detect\train9\weights\best.pt
2026-07-08 02:10:19  INFO      [02:10:19.854]   [OK] Weights file exists (6089 KB)
2026-07-08 02:10:20  WARNING   [02:10:19.854] YOLO → 0 boxes detected (conf threshold=0.10)
2026-07-08 02:10:21  INFO      [02:10:19.854] Pipeline result:
2026-07-08 02:10:21  INFO      [02:10:19.854]   bbox       = None
2026-07-08 02:10:21  INFO      [02:10:19.854]   confidence = None
2026-07-08 02:10:21  INFO      [02:10:19.854]   OCR [easyocr] = ''
2026-07-08 02:10:21  INFO      [02:10:19.854]   OCR [easyocr2] = ''
2026-07-08 02:10:21  INFO      [02:10:19.854]   plate_text = ''
2026-07-08 02:10:21  WARNING   [02:10:19.854] FAIL: YOLO did not detect any plate box
2026-07-08 02:10:21  INFO      [02:10:19.854] ── /predict done ─────────────────────────────────
2026-07-08 02:10:21  INFO      [02:10:21.787] ── /predict request received ──────────────────────
2026-07-08 02:10:21  INFO      [02:10:21.787] File: 'taiwan.jpg'  content-type: image/jpeg
2026-07-08 02:10:21  INFO      [02:10:21.787] OCR engines requested: ('easyocr', 'easyocr2')
2026-07-08 02:10:21  INFO      [02:10:21.787] Saved to temp: C:\Users\MOHAME~1\AppData\Local\Temp\tmpuxl5q32v.jpg  size: 16012 bytes
2026-07-08 02:10:21  INFO      [02:10:21.787] Image shape: (136, 292, 3)  (H×W×C)
2026-07-08 02:10:21  INFO      [02:10:21.787] Calling run_pipeline …
2026-07-08 02:10:21  INFO      [02:10:21.787] YOLO weights: C:\Users\Mohamed Walid\Desktop\Internship\Code\runs\detect\train9\weights\best.pt
2026-07-08 02:10:21  INFO      [02:10:21.787]   [OK] Weights file exists (6089 KB)
2026-07-08 02:10:22  WARNING   [02:10:21.787] YOLO → 0 boxes detected (conf threshold=0.10)
2026-07-08 02:10:22  INFO      [02:10:21.787] Pipeline result:
2026-07-08 02:10:22  INFO      [02:10:21.787]   bbox       = None
2026-07-08 02:10:22  INFO      [02:10:21.787]   confidence = None
2026-07-08 02:10:22  INFO      [02:10:21.787]   OCR [easyocr] = ''
2026-07-08 02:10:22  INFO      [02:10:21.787]   OCR [easyocr2] = ''
2026-07-08 02:10:22  INFO      [02:10:21.787]   plate_text = ''
2026-07-08 02:10:22  WARNING   [02:10:21.787] FAIL: YOLO did not detect any plate box
2026-07-08 02:10:22  INFO      [02:10:21.787] ── /predict done ─────────────────────────────────
2026-07-08 02:11:30  INFO      [02:11:30.732] ── /predict request received ──────────────────────
2026-07-08 02:11:30  INFO      [02:11:30.732] File: '3504226256_0a63cb93d2_b.jpg'  content-type: image/jpeg
2026-07-08 02:11:30  INFO      [02:11:30.732] OCR engines requested: ('easyocr', 'easyocr2')
2026-07-08 02:11:30  INFO      [02:11:30.732] Saved to temp: C:\Users\MOHAME~1\AppData\Local\Temp\tmp2qr4geiq.jpg  size: 206689 bytes
2026-07-08 02:11:30  INFO      [02:11:30.732] Image shape: (768, 1024, 3)  (H×W×C)
2026-07-08 02:11:30  INFO      [02:11:30.732] Calling run_pipeline …
2026-07-08 02:11:30  INFO      [02:11:30.732] YOLO weights: C:\Users\Mohamed Walid\Desktop\Internship\Code\runs\detect\train9\weights\best.pt
2026-07-08 02:11:30  INFO      [02:11:30.732]   [OK] Weights file exists (6089 KB)
2026-07-08 02:11:31  INFO      [02:11:30.732] YOLO → 1 box(es) detected:
2026-07-08 02:11:31  INFO      [02:11:30.732]   box[0] conf=0.3570  xyxy=[345,216,636,338]
2026-07-08 02:11:45  INFO      [02:11:30.732] Pipeline result:
2026-07-08 02:11:45  INFO      [02:11:30.732]   bbox       = (345, 216, 636, 338)
2026-07-08 02:11:45  INFO      [02:11:30.732]   confidence = 0.35700419545173645
2026-07-08 02:11:45  INFO      [02:11:30.732]   OCR [easyocr] = '78CS'
2026-07-08 02:11:45  INFO      [02:11:30.732]   OCR [easyocr2] = '78CS'
2026-07-08 02:11:45  INFO      [02:11:30.732]   plate_text = '78CS'
2026-07-08 02:11:45  INFO      [02:11:30.732] SUCCESS: plate='78CS'  conf=0.35700419545173645
2026-07-08 02:11:45  INFO      [02:11:30.732] ── /predict done ─────────────────────────────────
2026-07-08 02:11:45  INFO      [02:11:45.843] ── /predict request received ──────────────────────
2026-07-08 02:11:45  INFO      [02:11:45.843] File: 'images (1).jpg'  content-type: image/jpeg
2026-07-08 02:11:45  INFO      [02:11:45.843] OCR engines requested: ('easyocr', 'easyocr2')
2026-07-08 02:11:45  INFO      [02:11:45.843] Saved to temp: C:\Users\MOHAME~1\AppData\Local\Temp\tmp_jhihfiq.jpg  size: 27004 bytes
2026-07-08 02:11:45  INFO      [02:11:45.843] Image shape: (305, 655, 3)  (H×W×C)
2026-07-08 02:11:45  INFO      [02:11:45.843] Calling run_pipeline …
2026-07-08 02:11:45  INFO      [02:11:45.843] YOLO weights: C:\Users\Mohamed Walid\Desktop\Internship\Code\runs\detect\train9\weights\best.pt
2026-07-08 02:11:45  INFO      [02:11:45.843]   [OK] Weights file exists (6089 KB)
2026-07-08 02:11:46  WARNING   [02:11:45.843] YOLO → 0 boxes detected (conf threshold=0.10)
2026-07-08 02:11:47  INFO      [02:11:45.843] Pipeline result:
2026-07-08 02:11:47  INFO      [02:11:45.843]   bbox       = None
2026-07-08 02:11:47  INFO      [02:11:45.843]   confidence = None
2026-07-08 02:11:47  INFO      [02:11:45.843]   OCR [easyocr] = ''
2026-07-08 02:11:47  INFO      [02:11:45.843]   OCR [easyocr2] = ''
2026-07-08 02:11:47  INFO      [02:11:45.843]   plate_text = ''
2026-07-08 02:11:47  WARNING   [02:11:45.843] FAIL: YOLO did not detect any plate box
2026-07-08 02:11:47  INFO      [02:11:45.843] ── /predict done ─────────────────────────────────
2026-07-08 02:11:47  INFO      [02:11:47.479] ── /predict request received ──────────────────────
2026-07-08 02:11:47  INFO      [02:11:47.479] File: 'images (2).jpg'  content-type: image/jpeg
2026-07-08 02:11:47  INFO      [02:11:47.479] OCR engines requested: ('easyocr', 'easyocr2')
2026-07-08 02:11:47  INFO      [02:11:47.479] Saved to temp: C:\Users\MOHAME~1\AppData\Local\Temp\tmplphh34h9.jpg  size: 18592 bytes
2026-07-08 02:11:47  INFO      [02:11:47.479] Image shape: (330, 600, 3)  (H×W×C)
2026-07-08 02:11:47  INFO      [02:11:47.479] Calling run_pipeline …
2026-07-08 02:11:47  INFO      [02:11:47.479] YOLO weights: C:\Users\Mohamed Walid\Desktop\Internship\Code\runs\detect\train9\weights\best.pt
2026-07-08 02:11:47  INFO      [02:11:47.479]   [OK] Weights file exists (6089 KB)
2026-07-08 02:11:47  WARNING   [02:11:47.479] YOLO → 0 boxes detected (conf threshold=0.10)
2026-07-08 02:11:48  INFO      [02:11:47.479] Pipeline result:
2026-07-08 02:11:48  INFO      [02:11:47.479]   bbox       = None
2026-07-08 02:11:48  INFO      [02:11:47.479]   confidence = None
2026-07-08 02:11:48  INFO      [02:11:47.479]   OCR [easyocr] = ''
2026-07-08 02:11:48  INFO      [02:11:47.479]   OCR [easyocr2] = ''
2026-07-08 02:11:48  INFO      [02:11:47.479]   plate_text = ''
2026-07-08 02:11:48  WARNING   [02:11:47.479] FAIL: YOLO did not detect any plate box
2026-07-08 02:11:48  INFO      [02:11:47.479] ── /predict done ─────────────────────────────────
2026-07-08 02:11:48  INFO      [02:11:48.600] ── /predict request received ──────────────────────
2026-07-08 02:11:48  INFO      [02:11:48.600] File: 'images (3).jpg'  content-type: image/jpeg
2026-07-08 02:11:48  INFO      [02:11:48.600] OCR engines requested: ('easyocr', 'easyocr2')
2026-07-08 02:11:48  INFO      [02:11:48.600] Saved to temp: C:\Users\MOHAME~1\AppData\Local\Temp\tmpyoada5h3.jpg  size: 35902 bytes
2026-07-08 02:11:48  INFO      [02:11:48.600] Image shape: (480, 640, 3)  (H×W×C)
2026-07-08 02:11:48  INFO      [02:11:48.600] Calling run_pipeline …
2026-07-08 02:11:48  INFO      [02:11:48.600] YOLO weights: C:\Users\Mohamed Walid\Desktop\Internship\Code\runs\detect\train9\weights\best.pt
2026-07-08 02:11:48  INFO      [02:11:48.600]   [OK] Weights file exists (6089 KB)
2026-07-08 02:11:49  WARNING   [02:11:48.600] YOLO → 0 boxes detected (conf threshold=0.10)
2026-07-08 02:11:49  INFO      [02:11:48.600] Pipeline result:
2026-07-08 02:11:49  INFO      [02:11:48.600]   bbox       = None
2026-07-08 02:11:49  INFO      [02:11:48.600]   confidence = None
2026-07-08 02:11:49  INFO      [02:11:48.600]   OCR [easyocr] = ''
2026-07-08 02:11:49  INFO      [02:11:48.600]   OCR [easyocr2] = ''
2026-07-08 02:11:49  INFO      [02:11:48.600]   plate_text = ''
2026-07-08 02:11:49  WARNING   [02:11:48.600] FAIL: YOLO did not detect any plate box
2026-07-08 02:11:49  INFO      [02:11:48.600] ── /predict done ─────────────────────────────────
2026-07-08 02:11:49  INFO      [02:11:49.893] ── /predict request received ──────────────────────
2026-07-08 02:11:49  INFO      [02:11:49.893] File: 'images (4).jpg'  content-type: image/jpeg
2026-07-08 02:11:49  INFO      [02:11:49.893] OCR engines requested: ('easyocr', 'easyocr2')
2026-07-08 02:11:49  INFO      [02:11:49.893] Saved to temp: C:\Users\MOHAME~1\AppData\Local\Temp\tmprvqag0c6.jpg  size: 28619 bytes
2026-07-08 02:11:49  INFO      [02:11:49.893] Image shape: (330, 600, 3)  (H×W×C)
2026-07-08 02:11:49  INFO      [02:11:49.893] Calling run_pipeline …
2026-07-08 02:11:49  INFO      [02:11:49.893] YOLO weights: C:\Users\Mohamed Walid\Desktop\Internship\Code\runs\detect\train9\weights\best.pt
2026-07-08 02:11:49  INFO      [02:11:49.893]   [OK] Weights file exists (6089 KB)
2026-07-08 02:11:50  WARNING   [02:11:49.893] YOLO → 0 boxes detected (conf threshold=0.10)
2026-07-08 02:11:51  INFO      [02:11:49.893] Pipeline result:
2026-07-08 02:11:51  INFO      [02:11:49.893]   bbox       = None
2026-07-08 02:11:51  INFO      [02:11:49.893]   confidence = None
2026-07-08 02:11:51  INFO      [02:11:49.893]   OCR [easyocr] = ''
2026-07-08 02:11:51  INFO      [02:11:49.893]   OCR [easyocr2] = ''
2026-07-08 02:11:51  INFO      [02:11:49.893]   plate_text = ''
2026-07-08 02:11:51  WARNING   [02:11:49.893] FAIL: YOLO did not detect any plate box
2026-07-08 02:11:51  INFO      [02:11:49.893] ── /predict done ─────────────────────────────────
2026-07-08 02:11:51  INFO      [02:11:51.578] ── /predict request received ──────────────────────
2026-07-08 02:11:51  INFO      [02:11:51.578] File: 'images.jpg'  content-type: image/jpeg
2026-07-08 02:11:51  INFO      [02:11:51.578] OCR engines requested: ('easyocr', 'easyocr2')
2026-07-08 02:11:51  INFO      [02:11:51.578] Saved to temp: C:\Users\MOHAME~1\AppData\Local\Temp\tmpsd7elqs4.jpg  size: 39447 bytes
2026-07-08 02:11:51  INFO      [02:11:51.578] Image shape: (357, 559, 3)  (H×W×C)
2026-07-08 02:11:51  INFO      [02:11:51.578] Calling run_pipeline …
2026-07-08 02:11:51  INFO      [02:11:51.578] YOLO weights: C:\Users\Mohamed Walid\Desktop\Internship\Code\runs\detect\train9\weights\best.pt
2026-07-08 02:11:51  INFO      [02:11:51.578]   [OK] Weights file exists (6089 KB)
2026-07-08 02:11:52  INFO      [02:11:51.578] YOLO → 4 box(es) detected:
2026-07-08 02:11:52  INFO      [02:11:51.578]   box[0] conf=0.8181  xyxy=[24,256,186,306]
2026-07-08 02:11:52  INFO      [02:11:51.578]   box[1] conf=0.7400  xyxy=[203,140,361,187]
2026-07-08 02:11:52  INFO      [02:11:51.578]   box[2] conf=0.6242  xyxy=[379,138,536,190]
2026-07-08 02:11:52  INFO      [02:11:51.578]   box[3] conf=0.2437  xyxy=[207,262,361,304]
2026-07-08 02:12:05  INFO      [02:11:51.578] Pipeline result:
2026-07-08 02:12:05  INFO      [02:11:51.578]   bbox       = (24, 256, 186, 306)
2026-07-08 02:12:05  INFO      [02:11:51.578]   confidence = 0.8181490302085876
2026-07-08 02:12:05  INFO      [02:11:51.578]   OCR [easyocr] = '77777G'
2026-07-08 02:12:05  INFO      [02:11:51.578]   OCR [easyocr2] = '77777G'
2026-07-08 02:12:05  INFO      [02:11:51.578]   plate_text = '77777G'
2026-07-08 02:12:05  INFO      [02:11:51.578] SUCCESS: plate='77777G'  conf=0.8181490302085876
2026-07-08 02:12:05  INFO      [02:11:51.578] ── /predict done ─────────────────────────────────
2026-07-08 02:12:05  INFO      [02:12:05.899] ── /predict request received ──────────────────────
2026-07-08 02:12:05  INFO      [02:12:05.899] File: 'P01523.jpg'  content-type: image/jpeg
2026-07-08 02:12:05  INFO      [02:12:05.899] OCR engines requested: ('easyocr', 'easyocr2')
2026-07-08 02:12:05  INFO      [02:12:05.899] Saved to temp: C:\Users\MOHAME~1\AppData\Local\Temp\tmpns8d5lj7.jpg  size: 44574 bytes
2026-07-08 02:12:05  INFO      [02:12:05.899] Image shape: (425, 567, 3)  (H×W×C)
2026-07-08 02:12:05  INFO      [02:12:05.899] Calling run_pipeline …
2026-07-08 02:12:05  INFO      [02:12:05.899] YOLO weights: C:\Users\Mohamed Walid\Desktop\Internship\Code\runs\detect\train9\weights\best.pt
2026-07-08 02:12:05  INFO      [02:12:05.899]   [OK] Weights file exists (6089 KB)
2026-07-08 02:12:06  WARNING   [02:12:05.899] YOLO → 0 boxes detected (conf threshold=0.10)
2026-07-08 02:12:07  INFO      [02:12:05.899] Pipeline result:
2026-07-08 02:12:07  INFO      [02:12:05.899]   bbox       = None
2026-07-08 02:12:07  INFO      [02:12:05.899]   confidence = None
2026-07-08 02:12:07  INFO      [02:12:05.899]   OCR [easyocr] = ''
2026-07-08 02:12:07  INFO      [02:12:05.899]   OCR [easyocr2] = ''
2026-07-08 02:12:07  INFO      [02:12:05.899]   plate_text = ''
2026-07-08 02:12:07  WARNING   [02:12:05.899] FAIL: YOLO did not detect any plate box
2026-07-08 02:12:07  INFO      [02:12:05.899] ── /predict done ─────────────────────────────────
2026-07-08 02:12:07  INFO      [02:12:07.246] ── /predict request received ──────────────────────
2026-07-08 02:12:07  INFO      [02:12:07.246] File: 'taiwan.jpg'  content-type: image/jpeg
2026-07-08 02:12:07  INFO      [02:12:07.246] OCR engines requested: ('easyocr', 'easyocr2')
2026-07-08 02:12:07  INFO      [02:12:07.246] Saved to temp: C:\Users\MOHAME~1\AppData\Local\Temp\tmp68cdoqck.jpg  size: 16012 bytes
2026-07-08 02:12:07  INFO      [02:12:07.246] Image shape: (136, 292, 3)  (H×W×C)
2026-07-08 02:12:07  INFO      [02:12:07.246] Calling run_pipeline …
2026-07-08 02:12:07  INFO      [02:12:07.246] YOLO weights: C:\Users\Mohamed Walid\Desktop\Internship\Code\runs\detect\train9\weights\best.pt
2026-07-08 02:12:07  INFO      [02:12:07.246]   [OK] Weights file exists (6089 KB)
2026-07-08 02:12:07  WARNING   [02:12:07.246] YOLO → 0 boxes detected (conf threshold=0.10)
2026-07-08 02:12:08  INFO      [02:12:07.246] Pipeline result:
2026-07-08 02:12:08  INFO      [02:12:07.246]   bbox       = None
2026-07-08 02:12:08  INFO      [02:12:07.246]   confidence = None
2026-07-08 02:12:08  INFO      [02:12:07.246]   OCR [easyocr] = ''
2026-07-08 02:12:08  INFO      [02:12:07.246]   OCR [easyocr2] = ''
2026-07-08 02:12:08  INFO      [02:12:07.246]   plate_text = ''
2026-07-08 02:12:08  WARNING   [02:12:07.246] FAIL: YOLO did not detect any plate box
2026-07-08 02:12:08  INFO      [02:12:07.246] ── /predict done ─────────────────────────────────
2026-07-08 02:12:41  INFO      [02:12:41.852] ── /predict request received ──────────────────────
2026-07-08 02:12:41  INFO      [02:12:41.852] File: '3504226256_0a63cb93d2_b.jpg'  content-type: image/jpeg
2026-07-08 02:12:41  INFO      [02:12:41.852] OCR engines requested: ('easyocr', 'easyocr2')
2026-07-08 02:12:41  INFO      [02:12:41.852] Saved to temp: C:\Users\MOHAME~1\AppData\Local\Temp\tmpov7d0n97.jpg  size: 206689 bytes
2026-07-08 02:12:41  INFO      [02:12:41.852] Image shape: (768, 1024, 3)  (H×W×C)
2026-07-08 02:12:41  INFO      [02:12:41.852] Calling run_pipeline …
2026-07-08 02:12:41  INFO      [02:12:41.852] YOLO weights: C:\Users\Mohamed Walid\Desktop\Internship\Code\runs\detect\train9\weights\best.pt
2026-07-08 02:12:41  INFO      [02:12:41.852]   [OK] Weights file exists (6089 KB)
2026-07-08 02:12:42  INFO      [02:12:41.852] YOLO → 1 box(es) detected:
2026-07-08 02:12:42  INFO      [02:12:41.852]   box[0] conf=0.3570  xyxy=[345,216,636,338]
2026-07-08 02:12:56  INFO      [02:12:41.852] Pipeline result:
2026-07-08 02:12:56  INFO      [02:12:41.852]   bbox       = (345, 216, 636, 338)
2026-07-08 02:12:56  INFO      [02:12:41.852]   confidence = 0.35700419545173645
2026-07-08 02:12:56  INFO      [02:12:41.852]   OCR [easyocr] = '78CS'
2026-07-08 02:12:56  INFO      [02:12:41.852]   OCR [easyocr2] = '78CS'
2026-07-08 02:12:56  INFO      [02:12:41.852]   plate_text = '78CS'
2026-07-08 02:12:56  INFO      [02:12:41.852] SUCCESS: plate='78CS'  conf=0.35700419545173645
2026-07-08 02:12:56  INFO      [02:12:41.852] ── /predict done ─────────────────────────────────
2026-07-08 02:12:56  INFO      [02:12:56.645] ── /predict request received ──────────────────────
2026-07-08 02:12:56  INFO      [02:12:56.645] File: 'images (1).jpg'  content-type: image/jpeg
2026-07-08 02:12:56  INFO      [02:12:56.645] OCR engines requested: ('easyocr', 'easyocr2')
2026-07-08 02:12:56  INFO      [02:12:56.645] Saved to temp: C:\Users\MOHAME~1\AppData\Local\Temp\tmpmixnemc2.jpg  size: 27004 bytes
2026-07-08 02:12:56  INFO      [02:12:56.645] Image shape: (305, 655, 3)  (H×W×C)
2026-07-08 02:12:56  INFO      [02:12:56.645] Calling run_pipeline …
2026-07-08 02:12:56  INFO      [02:12:56.645] YOLO weights: C:\Users\Mohamed Walid\Desktop\Internship\Code\runs\detect\train9\weights\best.pt
2026-07-08 02:12:56  INFO      [02:12:56.645]   [OK] Weights file exists (6089 KB)
2026-07-08 02:12:57  WARNING   [02:12:56.645] YOLO → 0 boxes detected (conf threshold=0.10)
2026-07-08 02:12:57  INFO      [02:12:56.645] Pipeline result:
2026-07-08 02:12:57  INFO      [02:12:56.645]   bbox       = None
2026-07-08 02:12:57  INFO      [02:12:56.645]   confidence = None
2026-07-08 02:12:57  INFO      [02:12:56.645]   OCR [easyocr] = ''
2026-07-08 02:12:57  INFO      [02:12:56.645]   OCR [easyocr2] = ''
2026-07-08 02:12:57  INFO      [02:12:56.645]   plate_text = ''
2026-07-08 02:12:57  WARNING   [02:12:56.645] FAIL: YOLO did not detect any plate box
2026-07-08 02:12:57  INFO      [02:12:56.645] ── /predict done ─────────────────────────────────
2026-07-08 02:12:57  INFO      [02:12:57.707] ── /predict request received ──────────────────────
2026-07-08 02:12:57  INFO      [02:12:57.707] File: 'images (2).jpg'  content-type: image/jpeg
2026-07-08 02:12:57  INFO      [02:12:57.707] OCR engines requested: ('easyocr', 'easyocr2')
2026-07-08 02:12:57  INFO      [02:12:57.707] Saved to temp: C:\Users\MOHAME~1\AppData\Local\Temp\tmpmbof8068.jpg  size: 18592 bytes
2026-07-08 02:12:57  INFO      [02:12:57.707] Image shape: (330, 600, 3)  (H×W×C)
2026-07-08 02:12:57  INFO      [02:12:57.707] Calling run_pipeline …
2026-07-08 02:12:57  INFO      [02:12:57.707] YOLO weights: C:\Users\Mohamed Walid\Desktop\Internship\Code\runs\detect\train9\weights\best.pt
2026-07-08 02:12:57  INFO      [02:12:57.707]   [OK] Weights file exists (6089 KB)
2026-07-08 02:12:58  WARNING   [02:12:57.707] YOLO → 0 boxes detected (conf threshold=0.10)
2026-07-08 02:12:58  INFO      [02:12:57.707] Pipeline result:
2026-07-08 02:12:58  INFO      [02:12:57.707]   bbox       = None
2026-07-08 02:12:58  INFO      [02:12:57.707]   confidence = None
2026-07-08 02:12:58  INFO      [02:12:57.707]   OCR [easyocr] = ''
2026-07-08 02:12:58  INFO      [02:12:57.707]   OCR [easyocr2] = ''
2026-07-08 02:12:58  INFO      [02:12:57.707]   plate_text = ''
2026-07-08 02:12:58  WARNING   [02:12:57.707] FAIL: YOLO did not detect any plate box
2026-07-08 02:12:58  INFO      [02:12:57.707] ── /predict done ─────────────────────────────────
2026-07-08 02:12:59  INFO      [02:12:59.157] ── /predict request received ──────────────────────
2026-07-08 02:12:59  INFO      [02:12:59.157] File: 'images (3).jpg'  content-type: image/jpeg
2026-07-08 02:12:59  INFO      [02:12:59.157] OCR engines requested: ('easyocr', 'easyocr2')
2026-07-08 02:12:59  INFO      [02:12:59.157] Saved to temp: C:\Users\MOHAME~1\AppData\Local\Temp\tmp5f_f34ew.jpg  size: 35902 bytes
2026-07-08 02:12:59  INFO      [02:12:59.157] Image shape: (480, 640, 3)  (H×W×C)
2026-07-08 02:12:59  INFO      [02:12:59.157] Calling run_pipeline …
2026-07-08 02:12:59  INFO      [02:12:59.157] YOLO weights: C:\Users\Mohamed Walid\Desktop\Internship\Code\runs\detect\train9\weights\best.pt
2026-07-08 02:12:59  INFO      [02:12:59.157]   [OK] Weights file exists (6089 KB)
2026-07-08 02:12:59  WARNING   [02:12:59.157] YOLO → 0 boxes detected (conf threshold=0.10)
2026-07-08 02:13:00  INFO      [02:12:59.157] Pipeline result:
2026-07-08 02:13:00  INFO      [02:12:59.157]   bbox       = None
2026-07-08 02:13:00  INFO      [02:12:59.157]   confidence = None
2026-07-08 02:13:00  INFO      [02:12:59.157]   OCR [easyocr] = ''
2026-07-08 02:13:00  INFO      [02:12:59.157]   OCR [easyocr2] = ''
2026-07-08 02:13:00  INFO      [02:12:59.157]   plate_text = ''
2026-07-08 02:13:00  WARNING   [02:12:59.157] FAIL: YOLO did not detect any plate box
2026-07-08 02:13:00  INFO      [02:12:59.157] ── /predict done ─────────────────────────────────
2026-07-08 02:13:00  INFO      [02:13:00.502] ── /predict request received ──────────────────────
2026-07-08 02:13:00  INFO      [02:13:00.502] File: 'images (4).jpg'  content-type: image/jpeg
2026-07-08 02:13:00  INFO      [02:13:00.502] OCR engines requested: ('easyocr', 'easyocr2')
2026-07-08 02:13:00  INFO      [02:13:00.502] Saved to temp: C:\Users\MOHAME~1\AppData\Local\Temp\tmpibkd1iio.jpg  size: 28619 bytes
2026-07-08 02:13:00  INFO      [02:13:00.502] Image shape: (330, 600, 3)  (H×W×C)
2026-07-08 02:13:00  INFO      [02:13:00.502] Calling run_pipeline …
2026-07-08 02:13:00  INFO      [02:13:00.502] YOLO weights: C:\Users\Mohamed Walid\Desktop\Internship\Code\runs\detect\train9\weights\best.pt
2026-07-08 02:13:00  INFO      [02:13:00.502]   [OK] Weights file exists (6089 KB)
2026-07-08 02:13:01  WARNING   [02:13:00.502] YOLO → 0 boxes detected (conf threshold=0.10)
2026-07-08 02:13:01  INFO      [02:13:00.502] Pipeline result:
2026-07-08 02:13:01  INFO      [02:13:00.502]   bbox       = None
2026-07-08 02:13:01  INFO      [02:13:00.502]   confidence = None
2026-07-08 02:13:01  INFO      [02:13:00.502]   OCR [easyocr] = ''
2026-07-08 02:13:01  INFO      [02:13:00.502]   OCR [easyocr2] = ''
2026-07-08 02:13:01  INFO      [02:13:00.502]   plate_text = ''
2026-07-08 02:13:01  WARNING   [02:13:00.502] FAIL: YOLO did not detect any plate box
2026-07-08 02:13:01  INFO      [02:13:00.502] ── /predict done ─────────────────────────────────
2026-07-08 02:13:01  INFO      [02:13:01.663] ── /predict request received ──────────────────────
2026-07-08 02:13:01  INFO      [02:13:01.663] File: 'images.jpg'  content-type: image/jpeg
2026-07-08 02:13:01  INFO      [02:13:01.663] OCR engines requested: ('easyocr', 'easyocr2')
2026-07-08 02:13:01  INFO      [02:13:01.663] Saved to temp: C:\Users\MOHAME~1\AppData\Local\Temp\tmpfkjmz0xv.jpg  size: 39447 bytes
2026-07-08 02:13:01  INFO      [02:13:01.663] Image shape: (357, 559, 3)  (H×W×C)
2026-07-08 02:13:01  INFO      [02:13:01.663] Calling run_pipeline …
2026-07-08 02:13:01  INFO      [02:13:01.663] YOLO weights: C:\Users\Mohamed Walid\Desktop\Internship\Code\runs\detect\train9\weights\best.pt
2026-07-08 02:13:01  INFO      [02:13:01.663]   [OK] Weights file exists (6089 KB)
2026-07-08 02:13:02  INFO      [02:13:01.663] YOLO → 4 box(es) detected:
2026-07-08 02:13:02  INFO      [02:13:01.663]   box[0] conf=0.8181  xyxy=[24,256,186,306]
2026-07-08 02:13:02  INFO      [02:13:01.663]   box[1] conf=0.7400  xyxy=[203,140,361,187]
2026-07-08 02:13:02  INFO      [02:13:01.663]   box[2] conf=0.6242  xyxy=[379,138,536,190]
2026-07-08 02:13:02  INFO      [02:13:01.663]   box[3] conf=0.2437  xyxy=[207,262,361,304]
2026-07-08 02:13:15  INFO      [02:13:01.663] Pipeline result:
2026-07-08 02:13:15  INFO      [02:13:01.663]   bbox       = (24, 256, 186, 306)
2026-07-08 02:13:15  INFO      [02:13:01.663]   confidence = 0.8181490302085876
2026-07-08 02:13:15  INFO      [02:13:01.663]   OCR [easyocr] = '77777G'
2026-07-08 02:13:15  INFO      [02:13:01.663]   OCR [easyocr2] = '77777G'
2026-07-08 02:13:15  INFO      [02:13:01.663]   plate_text = '77777G'
2026-07-08 02:13:15  INFO      [02:13:01.663] SUCCESS: plate='77777G'  conf=0.8181490302085876
2026-07-08 02:13:15  INFO      [02:13:01.663] ── /predict done ─────────────────────────────────
2026-07-08 02:13:15  INFO      [02:13:15.131] ── /predict request received ──────────────────────
2026-07-08 02:13:15  INFO      [02:13:15.131] File: 'P01523.jpg'  content-type: image/jpeg
2026-07-08 02:13:15  INFO      [02:13:15.131] OCR engines requested: ('easyocr', 'easyocr2')
2026-07-08 02:13:15  INFO      [02:13:15.131] Saved to temp: C:\Users\MOHAME~1\AppData\Local\Temp\tmp6jb9kgi0.jpg  size: 44574 bytes
2026-07-08 02:13:15  INFO      [02:13:15.131] Image shape: (425, 567, 3)  (H×W×C)
2026-07-08 02:13:15  INFO      [02:13:15.131] Calling run_pipeline …
2026-07-08 02:13:15  INFO      [02:13:15.131] YOLO weights: C:\Users\Mohamed Walid\Desktop\Internship\Code\runs\detect\train9\weights\best.pt
2026-07-08 02:13:15  INFO      [02:13:15.131]   [OK] Weights file exists (6089 KB)
2026-07-08 02:13:15  WARNING   [02:13:15.131] YOLO → 0 boxes detected (conf threshold=0.10)
2026-07-08 02:13:16  INFO      [02:13:15.131] Pipeline result:
2026-07-08 02:13:16  INFO      [02:13:15.131]   bbox       = None
2026-07-08 02:13:16  INFO      [02:13:15.131]   confidence = None
2026-07-08 02:13:16  INFO      [02:13:15.131]   OCR [easyocr] = ''
2026-07-08 02:13:16  INFO      [02:13:15.131]   OCR [easyocr2] = ''
2026-07-08 02:13:16  INFO      [02:13:15.131]   plate_text = ''
2026-07-08 02:13:16  WARNING   [02:13:15.131] FAIL: YOLO did not detect any plate box
2026-07-08 02:13:16  INFO      [02:13:15.131] ── /predict done ─────────────────────────────────
2026-07-08 02:13:17  INFO      [02:13:17.247] ── /predict request received ──────────────────────
2026-07-08 02:13:17  INFO      [02:13:17.247] File: 'taiwan.jpg'  content-type: image/jpeg
2026-07-08 02:13:17  INFO      [02:13:17.247] OCR engines requested: ('easyocr', 'easyocr2')
2026-07-08 02:13:17  INFO      [02:13:17.247] Saved to temp: C:\Users\MOHAME~1\AppData\Local\Temp\tmp7fjbj9yv.jpg  size: 16012 bytes
2026-07-08 02:13:17  INFO      [02:13:17.247] Image shape: (136, 292, 3)  (H×W×C)
2026-07-08 02:13:17  INFO      [02:13:17.247] Calling run_pipeline …
2026-07-08 02:13:17  INFO      [02:13:17.247] YOLO weights: C:\Users\Mohamed Walid\Desktop\Internship\Code\runs\detect\train9\weights\best.pt
2026-07-08 02:13:17  INFO      [02:13:17.247]   [OK] Weights file exists (6089 KB)
2026-07-08 02:13:17  WARNING   [02:13:17.247] YOLO → 0 boxes detected (conf threshold=0.10)
2026-07-08 02:13:18  INFO      [02:13:17.247] Pipeline result:
2026-07-08 02:13:18  INFO      [02:13:17.247]   bbox       = None
2026-07-08 02:13:18  INFO      [02:13:17.247]   confidence = None
2026-07-08 02:13:18  INFO      [02:13:17.247]   OCR [easyocr] = ''
2026-07-08 02:13:18  INFO      [02:13:17.247]   OCR [easyocr2] = ''
2026-07-08 02:13:18  INFO      [02:13:17.247]   plate_text = ''
2026-07-08 02:13:18  WARNING   [02:13:17.247] FAIL: YOLO did not detect any plate box
2026-07-08 02:13:18  INFO      [02:13:17.247] ── /predict done ─────────────────────────────────
2026-07-08 02:13:18  INFO      [02:13:18.242] ── /predict request received ──────────────────────
2026-07-08 02:13:18  INFO      [02:13:18.242] File: 'images (5).jpg'  content-type: image/jpeg
2026-07-08 02:13:18  INFO      [02:13:18.242] OCR engines requested: ('easyocr', 'easyocr2')
2026-07-08 02:13:18  INFO      [02:13:18.242] Saved to temp: C:\Users\MOHAME~1\AppData\Local\Temp\tmpg0yn4fho.jpg  size: 34481 bytes
2026-07-08 02:13:18  INFO      [02:13:18.242] Image shape: (475, 646, 3)  (H×W×C)
2026-07-08 02:13:18  INFO      [02:13:18.242] Calling run_pipeline …
2026-07-08 02:13:18  INFO      [02:13:18.242] YOLO weights: C:\Users\Mohamed Walid\Desktop\Internship\Code\runs\detect\train9\weights\best.pt
2026-07-08 02:13:18  INFO      [02:13:18.242]   [OK] Weights file exists (6089 KB)
2026-07-08 02:13:18  INFO      [02:13:18.242] YOLO → 2 box(es) detected:
2026-07-08 02:13:18  INFO      [02:13:18.242]   box[0] conf=0.2438  xyxy=[24,442,74,460]
2026-07-08 02:13:18  INFO      [02:13:18.242]   box[1] conf=0.2373  xyxy=[444,332,496,350]
2026-07-08 02:13:19  INFO      [02:13:18.242] Pipeline result:
2026-07-08 02:13:19  INFO      [02:13:18.242]   bbox       = None
2026-07-08 02:13:19  INFO      [02:13:18.242]   confidence = None
2026-07-08 02:13:19  INFO      [02:13:18.242]   OCR [easyocr] = ''
2026-07-08 02:13:19  INFO      [02:13:18.242]   OCR [easyocr2] = ''
2026-07-08 02:13:19  INFO      [02:13:18.242]   plate_text = ''
2026-07-08 02:13:19  WARNING   [02:13:18.242] FAIL: YOLO did not detect any plate box
2026-07-08 02:13:19  INFO      [02:13:18.242] ── /predict done ─────────────────────────────────
2026-07-08 10:55:16  INFO      [10:55:16.981] ── /predict request received ──────────────────────
2026-07-08 10:55:16  INFO      [10:55:16.981] File: 'Screenshot 2026-07-08 105436.png'  content-type: image/png
2026-07-08 10:55:16  INFO      [10:55:16.981] OCR engines requested: ('easyocr', 'easyocr2')
2026-07-08 10:55:16  INFO      [10:55:16.981] Saved to temp: C:\Users\MOHAME~1\AppData\Local\Temp\tmplprr_3y0.png  size: 341663 bytes
2026-07-08 10:55:17  INFO      [10:55:16.981] Image shape: (401, 535, 3)  (H×W×C)
2026-07-08 10:55:17  INFO      [10:55:16.981] Calling run_pipeline …
2026-07-08 10:55:17  INFO      [10:55:16.981] YOLO weights: C:\Users\Mohamed Walid\Desktop\Internship\Code\runs\detect\train9\weights\best.pt
2026-07-08 10:55:17  INFO      [10:55:16.981]   [OK] Weights file exists (6089 KB)
2026-07-08 10:55:17  INFO      [10:55:16.981] YOLO → 2 box(es) detected:
2026-07-08 10:55:17  INFO      [10:55:16.981]   box[0] conf=0.3224  xyxy=[370,278,417,293]
2026-07-08 10:55:17  INFO      [10:55:16.981]   box[1] conf=0.1664  xyxy=[12,372,57,387]
2026-07-08 10:55:31  INFO      [10:55:16.981] Pipeline result:
2026-07-08 10:55:31  INFO      [10:55:16.981]   bbox       = (370, 278, 417, 293)
2026-07-08 10:55:31  INFO      [10:55:16.981]   confidence = 0.3223974108695984
2026-07-08 10:55:31  INFO      [10:55:16.981]   OCR [easyocr] = 'ANMI'
2026-07-08 10:55:31  INFO      [10:55:16.981]   OCR [easyocr2] = 'ANMI'
2026-07-08 10:55:31  INFO      [10:55:16.981]   plate_text = 'ANMI'
2026-07-08 10:55:31  INFO      [10:55:16.981] SUCCESS: plate='ANMI'  conf=0.3223974108695984
2026-07-08 10:55:31  INFO      [10:55:16.981] ── /predict done ─────────────────────────────────
2026-07-08 11:34:02  INFO      [11:34:02.847] ── /predict request received ──────────────────────
2026-07-08 11:34:02  INFO      [11:34:02.847] File: '3504226256_0a63cb93d2_b.jpg'  content-type: image/jpeg
2026-07-08 11:34:02  INFO      [11:34:02.847] OCR engines requested: ('easyocr', 'easyocr2')
2026-07-08 11:34:02  INFO      [11:34:02.847] Saved to temp: C:\Users\MOHAME~1\AppData\Local\Temp\tmpv6a4xzl7.jpg  size: 206689 bytes
2026-07-08 11:34:02  INFO      [11:34:02.847] Image shape: (768, 1024, 3)  (H×W×C)
2026-07-08 11:34:02  INFO      [11:34:02.847] Calling run_pipeline …
2026-07-08 11:34:02  INFO      [11:34:02.847] YOLO weights: C:\Users\Mohamed Walid\Desktop\Internship\Code\runs\detect\train9\weights\best.pt
2026-07-08 11:34:02  INFO      [11:34:02.847]   [OK] Weights file exists (6089 KB)
2026-07-08 11:34:03  INFO      [11:34:02.847] YOLO → 1 box(es) detected:
2026-07-08 11:34:03  INFO      [11:34:02.847]   box[0] conf=0.3570  xyxy=[345,216,636,338]
2026-07-08 11:34:16  INFO      [11:34:02.847] Pipeline result:
2026-07-08 11:34:16  INFO      [11:34:02.847]   bbox       = (345, 216, 636, 338)
2026-07-08 11:34:16  INFO      [11:34:02.847]   confidence = 0.35700419545173645
2026-07-08 11:34:16  INFO      [11:34:02.847]   OCR [easyocr] = '78CS'
2026-07-08 11:34:16  INFO      [11:34:02.847]   OCR [easyocr2] = '78CS'
2026-07-08 11:34:16  INFO      [11:34:02.847]   plate_text = '78CS'
2026-07-08 11:34:16  INFO      [11:34:02.847] SUCCESS: plate='78CS'  conf=0.35700419545173645
2026-07-08 11:34:16  INFO      [11:34:02.847] ── /predict done ─────────────────────────────────
2026-07-08 11:34:16  INFO      [11:34:16.562] ── /predict request received ──────────────────────
2026-07-08 11:34:16  INFO      [11:34:16.562] File: 'images (1).jpg'  content-type: image/jpeg
2026-07-08 11:34:16  INFO      [11:34:16.562] OCR engines requested: ('easyocr', 'easyocr2')
2026-07-08 11:34:16  INFO      [11:34:16.562] Saved to temp: C:\Users\MOHAME~1\AppData\Local\Temp\tmpg9re6fvg.jpg  size: 27004 bytes
2026-07-08 11:34:16  INFO      [11:34:16.562] Image shape: (305, 655, 3)  (H×W×C)
2026-07-08 11:34:16  INFO      [11:34:16.562] Calling run_pipeline …
2026-07-08 11:34:16  INFO      [11:34:16.562] YOLO weights: C:\Users\Mohamed Walid\Desktop\Internship\Code\runs\detect\train9\weights\best.pt
2026-07-08 11:34:16  INFO      [11:34:16.562]   [OK] Weights file exists (6089 KB)
2026-07-08 11:34:16  WARNING   [11:34:16.562] YOLO → 0 boxes detected (conf threshold=0.10)
2026-07-08 11:34:17  INFO      [11:34:16.562] Pipeline result:
2026-07-08 11:34:17  INFO      [11:34:16.562]   bbox       = None
2026-07-08 11:34:17  INFO      [11:34:16.562]   confidence = None
2026-07-08 11:34:17  INFO      [11:34:16.562]   OCR [easyocr] = ''
2026-07-08 11:34:17  INFO      [11:34:16.562]   OCR [easyocr2] = ''
2026-07-08 11:34:17  INFO      [11:34:16.562]   plate_text = ''
2026-07-08 11:34:17  WARNING   [11:34:16.562] FAIL: YOLO did not detect any plate box
2026-07-08 11:34:17  INFO      [11:34:16.562] ── /predict done ─────────────────────────────────
2026-07-08 11:34:17  INFO      [11:34:17.446] ── /predict request received ──────────────────────
2026-07-08 11:34:17  INFO      [11:34:17.446] File: 'images (2).jpg'  content-type: image/jpeg
2026-07-08 11:34:17  INFO      [11:34:17.446] OCR engines requested: ('easyocr', 'easyocr2')
2026-07-08 11:34:17  INFO      [11:34:17.446] Saved to temp: C:\Users\MOHAME~1\AppData\Local\Temp\tmpwf4old90.jpg  size: 18592 bytes
2026-07-08 11:34:17  INFO      [11:34:17.446] Image shape: (330, 600, 3)  (H×W×C)
2026-07-08 11:34:17  INFO      [11:34:17.446] Calling run_pipeline …
2026-07-08 11:34:17  INFO      [11:34:17.446] YOLO weights: C:\Users\Mohamed Walid\Desktop\Internship\Code\runs\detect\train9\weights\best.pt
2026-07-08 11:34:17  INFO      [11:34:17.446]   [OK] Weights file exists (6089 KB)
2026-07-08 11:34:18  WARNING   [11:34:17.446] YOLO → 0 boxes detected (conf threshold=0.10)
2026-07-08 11:34:18  INFO      [11:34:17.446] Pipeline result:
2026-07-08 11:34:18  INFO      [11:34:17.446]   bbox       = None
2026-07-08 11:34:18  INFO      [11:34:17.446]   confidence = None
2026-07-08 11:34:18  INFO      [11:34:17.446]   OCR [easyocr] = ''
2026-07-08 11:34:18  INFO      [11:34:17.446]   OCR [easyocr2] = ''
2026-07-08 11:34:18  INFO      [11:34:17.446]   plate_text = ''
2026-07-08 11:34:18  WARNING   [11:34:17.446] FAIL: YOLO did not detect any plate box
2026-07-08 11:34:18  INFO      [11:34:17.446] ── /predict done ─────────────────────────────────
2026-07-08 11:34:19  INFO      [11:34:19.171] ── /predict request received ──────────────────────
2026-07-08 11:34:19  INFO      [11:34:19.171] File: 'images (3).jpg'  content-type: image/jpeg
2026-07-08 11:34:19  INFO      [11:34:19.171] OCR engines requested: ('easyocr', 'easyocr2')
2026-07-08 11:34:19  INFO      [11:34:19.171] Saved to temp: C:\Users\MOHAME~1\AppData\Local\Temp\tmpyvqxlec1.jpg  size: 35902 bytes
2026-07-08 11:34:19  INFO      [11:34:19.171] Image shape: (480, 640, 3)  (H×W×C)
2026-07-08 11:34:19  INFO      [11:34:19.171] Calling run_pipeline …
2026-07-08 11:34:19  INFO      [11:34:19.171] YOLO weights: C:\Users\Mohamed Walid\Desktop\Internship\Code\runs\detect\train9\weights\best.pt
2026-07-08 11:34:19  INFO      [11:34:19.171]   [OK] Weights file exists (6089 KB)
2026-07-08 11:34:19  WARNING   [11:34:19.171] YOLO → 0 boxes detected (conf threshold=0.10)
2026-07-08 11:34:20  INFO      [11:34:19.171] Pipeline result:
2026-07-08 11:34:20  INFO      [11:34:19.171]   bbox       = None
2026-07-08 11:34:20  INFO      [11:34:19.171]   confidence = None
2026-07-08 11:34:20  INFO      [11:34:19.171]   OCR [easyocr] = ''
2026-07-08 11:34:20  INFO      [11:34:19.171]   OCR [easyocr2] = ''
2026-07-08 11:34:20  INFO      [11:34:19.171]   plate_text = ''
2026-07-08 11:34:20  WARNING   [11:34:19.171] FAIL: YOLO did not detect any plate box
2026-07-08 11:34:20  INFO      [11:34:19.171] ── /predict done ─────────────────────────────────
2026-07-08 11:34:20  INFO      [11:34:20.106] ── /predict request received ──────────────────────
2026-07-08 11:34:20  INFO      [11:34:20.106] File: 'images (4).jpg'  content-type: image/jpeg
2026-07-08 11:34:20  INFO      [11:34:20.106] OCR engines requested: ('easyocr', 'easyocr2')
2026-07-08 11:34:20  INFO      [11:34:20.106] Saved to temp: C:\Users\MOHAME~1\AppData\Local\Temp\tmptzrt7x4v.jpg  size: 28619 bytes
2026-07-08 11:34:20  INFO      [11:34:20.106] Image shape: (330, 600, 3)  (H×W×C)
2026-07-08 11:34:20  INFO      [11:34:20.106] Calling run_pipeline …
2026-07-08 11:34:20  INFO      [11:34:20.106] YOLO weights: C:\Users\Mohamed Walid\Desktop\Internship\Code\runs\detect\train9\weights\best.pt
2026-07-08 11:34:20  INFO      [11:34:20.106]   [OK] Weights file exists (6089 KB)
2026-07-08 11:34:20  WARNING   [11:34:20.106] YOLO → 0 boxes detected (conf threshold=0.10)
2026-07-08 11:34:21  INFO      [11:34:20.106] Pipeline result:
2026-07-08 11:34:21  INFO      [11:34:20.106]   bbox       = None
2026-07-08 11:34:21  INFO      [11:34:20.106]   confidence = None
2026-07-08 11:34:21  INFO      [11:34:20.106]   OCR [easyocr] = ''
2026-07-08 11:34:21  INFO      [11:34:20.106]   OCR [easyocr2] = ''
2026-07-08 11:34:21  INFO      [11:34:20.106]   plate_text = ''
2026-07-08 11:34:21  WARNING   [11:34:20.106] FAIL: YOLO did not detect any plate box
2026-07-08 11:34:21  INFO      [11:34:20.106] ── /predict done ─────────────────────────────────
2026-07-08 11:34:21  INFO      [11:34:21.387] ── /predict request received ──────────────────────
2026-07-08 11:34:21  INFO      [11:34:21.387] File: 'images.jpg'  content-type: image/jpeg
2026-07-08 11:34:21  INFO      [11:34:21.387] OCR engines requested: ('easyocr', 'easyocr2')
2026-07-08 11:34:21  INFO      [11:34:21.387] Saved to temp: C:\Users\MOHAME~1\AppData\Local\Temp\tmpi0fy565n.jpg  size: 39447 bytes
2026-07-08 11:34:21  INFO      [11:34:21.387] Image shape: (357, 559, 3)  (H×W×C)
2026-07-08 11:34:21  INFO      [11:34:21.387] Calling run_pipeline …
2026-07-08 11:34:21  INFO      [11:34:21.387] YOLO weights: C:\Users\Mohamed Walid\Desktop\Internship\Code\runs\detect\train9\weights\best.pt
2026-07-08 11:34:21  INFO      [11:34:21.387]   [OK] Weights file exists (6089 KB)
2026-07-08 11:34:21  INFO      [11:34:21.387] YOLO → 4 box(es) detected:
2026-07-08 11:34:21  INFO      [11:34:21.387]   box[0] conf=0.8181  xyxy=[24,256,186,306]
2026-07-08 11:34:21  INFO      [11:34:21.387]   box[1] conf=0.7400  xyxy=[203,140,361,187]
2026-07-08 11:34:21  INFO      [11:34:21.387]   box[2] conf=0.6242  xyxy=[379,138,536,190]
2026-07-08 11:34:21  INFO      [11:34:21.387]   box[3] conf=0.2437  xyxy=[207,262,361,304]
2026-07-08 11:34:33  INFO      [11:34:21.387] Pipeline result:
2026-07-08 11:34:33  INFO      [11:34:21.387]   bbox       = (24, 256, 186, 306)
2026-07-08 11:34:33  INFO      [11:34:21.387]   confidence = 0.8181490302085876
2026-07-08 11:34:33  INFO      [11:34:21.387]   OCR [easyocr] = '77777G'
2026-07-08 11:34:33  INFO      [11:34:21.387]   OCR [easyocr2] = '77777G'
2026-07-08 11:34:33  INFO      [11:34:21.387]   plate_text = '77777G'
2026-07-08 11:34:33  INFO      [11:34:21.387] SUCCESS: plate='77777G'  conf=0.8181490302085876
2026-07-08 11:34:33  INFO      [11:34:21.387] ── /predict done ─────────────────────────────────
2026-07-08 11:34:33  INFO      [11:34:33.974] ── /predict request received ──────────────────────
2026-07-08 11:34:33  INFO      [11:34:33.974] File: 'P01523.jpg'  content-type: image/jpeg
2026-07-08 11:34:33  INFO      [11:34:33.974] OCR engines requested: ('easyocr', 'easyocr2')
2026-07-08 11:34:33  INFO      [11:34:33.974] Saved to temp: C:\Users\MOHAME~1\AppData\Local\Temp\tmpqo5_fvno.jpg  size: 44574 bytes
2026-07-08 11:34:34  INFO      [11:34:33.974] Image shape: (425, 567, 3)  (H×W×C)
2026-07-08 11:34:34  INFO      [11:34:33.974] Calling run_pipeline …
2026-07-08 11:34:34  INFO      [11:34:33.974] YOLO weights: C:\Users\Mohamed Walid\Desktop\Internship\Code\runs\detect\train9\weights\best.pt
2026-07-08 11:34:34  INFO      [11:34:33.974]   [OK] Weights file exists (6089 KB)
2026-07-08 11:34:34  WARNING   [11:34:33.974] YOLO → 0 boxes detected (conf threshold=0.10)
2026-07-08 11:34:35  INFO      [11:34:33.974] Pipeline result:
2026-07-08 11:34:35  INFO      [11:34:33.974]   bbox       = None
2026-07-08 11:34:35  INFO      [11:34:33.974]   confidence = None
2026-07-08 11:34:35  INFO      [11:34:33.974]   OCR [easyocr] = ''
2026-07-08 11:34:35  INFO      [11:34:33.974]   OCR [easyocr2] = ''
2026-07-08 11:34:35  INFO      [11:34:33.974]   plate_text = ''
2026-07-08 11:34:35  WARNING   [11:34:33.974] FAIL: YOLO did not detect any plate box
2026-07-08 11:34:35  INFO      [11:34:33.974] ── /predict done ─────────────────────────────────
2026-07-08 11:34:35  INFO      [11:34:35.383] ── /predict request received ──────────────────────
2026-07-08 11:34:35  INFO      [11:34:35.383] File: 'taiwan.jpg'  content-type: image/jpeg
2026-07-08 11:34:35  INFO      [11:34:35.383] OCR engines requested: ('easyocr', 'easyocr2')
2026-07-08 11:34:35  INFO      [11:34:35.383] Saved to temp: C:\Users\MOHAME~1\AppData\Local\Temp\tmpzjm7rw76.jpg  size: 16012 bytes
2026-07-08 11:34:35  INFO      [11:34:35.383] Image shape: (136, 292, 3)  (H×W×C)
2026-07-08 11:34:35  INFO      [11:34:35.383] Calling run_pipeline …
2026-07-08 11:34:35  INFO      [11:34:35.383] YOLO weights: C:\Users\Mohamed Walid\Desktop\Internship\Code\runs\detect\train9\weights\best.pt
2026-07-08 11:34:35  INFO      [11:34:35.383]   [OK] Weights file exists (6089 KB)
2026-07-08 11:34:35  WARNING   [11:34:35.383] YOLO → 0 boxes detected (conf threshold=0.10)
2026-07-08 11:34:36  INFO      [11:34:35.383] Pipeline result:
2026-07-08 11:34:36  INFO      [11:34:35.383]   bbox       = None
2026-07-08 11:34:36  INFO      [11:34:35.383]   confidence = None
2026-07-08 11:34:36  INFO      [11:34:35.383]   OCR [easyocr] = ''
2026-07-08 11:34:36  INFO      [11:34:35.383]   OCR [easyocr2] = ''
2026-07-08 11:34:36  INFO      [11:34:35.383]   plate_text = ''
2026-07-08 11:34:36  WARNING   [11:34:35.383] FAIL: YOLO did not detect any plate box
2026-07-08 11:34:36  INFO      [11:34:35.383] ── /predict done ─────────────────────────────────
2026-07-09 10:34:05  INFO      ============================================================
2026-07-09 10:34:05  INFO      PlateVision server starting
2026-07-09 10:34:05  INFO      Log file: C:\Users\Mohamed Walid\Desktop\Internship\Code\logs\predict.log
2026-07-09 10:34:05  INFO      ============================================================
2026-07-09 10:34:06  INFO      English pipeline weights path: C:\Users\Mohamed Walid\Desktop\Internship\Code\runs\detect\train9\weights\best.pt
2026-07-09 10:34:06  INFO        [OK] Weights file exists (6089 KB)
2026-07-09 10:34:44  INFO      [10:34:44.991] ── /predict request received ──────────────────────
2026-07-09 10:34:44  INFO      [10:34:44.991] File: 'images (1).jpg'  content-type: image/jpeg
2026-07-09 10:34:44  INFO      [10:34:44.991] OCR engines requested: ('easyocr', 'easyocr2')
2026-07-09 10:34:45  INFO      [10:34:44.991] Saved to temp: C:\Users\MOHAME~1\AppData\Local\Temp\tmptw4kiahm.jpg  size: 27004 bytes
2026-07-09 10:34:45  INFO      [10:34:44.991] Image shape: (305, 655, 3)  (H×W×C)
2026-07-09 10:34:45  INFO      [10:34:44.991] Calling run_pipeline …
2026-07-09 10:35:01  INFO      [10:34:44.991] YOLO weights: C:\Users\Mohamed Walid\Desktop\Internship\Code\runs\detect\train9\weights\best.pt
2026-07-09 10:35:01  INFO      [10:34:44.991]   [OK] Weights file exists (6089 KB)
2026-07-09 10:35:02  WARNING   [10:34:44.991] YOLO → 0 boxes detected (conf threshold=0.10)
2026-07-09 10:35:10  INFO      [10:34:44.991] Pipeline result:
2026-07-09 10:35:10  INFO      [10:34:44.991]   bbox       = None
2026-07-09 10:35:10  INFO      [10:34:44.991]   confidence = None
2026-07-09 10:35:10  INFO      [10:34:44.991]   OCR [easyocr] = ''
2026-07-09 10:35:10  INFO      [10:34:44.991]   OCR [easyocr2] = ''
2026-07-09 10:35:10  INFO      [10:34:44.991]   plate_text = ''
2026-07-09 10:35:10  WARNING   [10:34:44.991] FAIL: YOLO did not detect any plate box
2026-07-09 10:35:10  INFO      [10:34:44.991] ── /predict done ─────────────────────────────────
2026-07-11 06:28:56  INFO      ============================================================
2026-07-11 06:28:56  INFO      PlateVision server starting
2026-07-11 06:28:56  INFO      Log file: C:\Users\Mohamed Walid\Desktop\Internship\Code\logs\predict.log
2026-07-11 06:28:56  INFO      ============================================================
2026-07-11 06:28:57  INFO      English pipeline weights path: C:\Users\Mohamed Walid\Desktop\Internship\Code\runs\detect\runs\detect\english_train2\weights\best.pt
2026-07-11 06:28:57  INFO        [OK] Weights file exists (12043 KB)
2026-07-11 06:29:51  INFO      [06:29:51.593] ── /predict request received ──────────────────────
2026-07-11 06:29:51  INFO      [06:29:51.593] File: 'images (4).jpg'  content-type: image/jpeg
2026-07-11 06:29:51  INFO      [06:29:51.593] OCR engines requested: ['EasyOCR English · CPU', 'EasyOCR English · GPU']
2026-07-11 06:29:51  INFO      [06:29:51.593] Saved to temp: C:\Users\MOHAME~1\AppData\Local\Temp\tmpa2b1ief1.jpg  size: 28619 bytes
2026-07-11 06:29:51  INFO      [06:29:51.593] Image shape: (330, 600, 3)  (H×W×C)
2026-07-11 06:29:51  INFO      [06:29:51.593] Calling run_pipeline …
2026-07-11 06:29:56  INFO      [06:29:51.593] YOLO weights: C:\Users\Mohamed Walid\Desktop\Internship\Code\runs\detect\runs\detect\english_train2\weights\best.pt
2026-07-11 06:29:56  INFO      [06:29:51.593]   [OK] Weights file exists (12043 KB)
2026-07-11 06:29:56  WARNING   [06:29:51.593] YOLO → 0 boxes detected (conf threshold=0.10)
2026-07-11 06:30:00  INFO      [06:29:51.593] Pipeline result:
2026-07-11 06:30:00  INFO      [06:29:51.593]   bbox       = None
2026-07-11 06:30:00  INFO      [06:29:51.593]   confidence = None
2026-07-11 06:30:00  INFO      [06:29:51.593]   OCR [easyocr_en_cpu] = ''
2026-07-11 06:30:00  INFO      [06:29:51.593]   OCR [easyocr_en_gpu] = ''
2026-07-11 06:30:00  INFO      [06:29:51.593]   plate_text = ''
2026-07-11 06:30:00  WARNING   [06:29:51.593] FAIL: YOLO did not detect any plate box
2026-07-11 06:30:00  INFO      [06:29:51.593] ── /predict done ─────────────────────────────────
2026-07-11 06:30:29  INFO      [06:30:29.037] ── /predict request received ──────────────────────
2026-07-11 06:30:29  INFO      [06:30:29.037] File: 'images (4).jpg'  content-type: image/jpeg
2026-07-11 06:30:29  INFO      [06:30:29.037] OCR engines requested: ['EasyOCR English · CPU', 'EasyOCR English · GPU']
2026-07-11 06:30:29  INFO      [06:30:29.037] Saved to temp: C:\Users\MOHAME~1\AppData\Local\Temp\tmp0lx5mf9s.jpg  size: 28619 bytes
2026-07-11 06:30:29  INFO      [06:30:29.037] Image shape: (330, 600, 3)  (H×W×C)
2026-07-11 06:30:29  INFO      [06:30:29.037] Calling run_pipeline …
2026-07-11 06:30:29  INFO      [06:30:29.037] YOLO weights: C:\Users\Mohamed Walid\Desktop\Internship\Code\runs\detect\runs\detect\english_train2\weights\best.pt
2026-07-11 06:30:29  INFO      [06:30:29.037]   [OK] Weights file exists (12043 KB)
2026-07-11 06:30:29  WARNING   [06:30:29.037] YOLO → 0 boxes detected (conf threshold=0.10)
2026-07-11 06:30:29  INFO      [06:30:29.037] Pipeline result:
2026-07-11 06:30:29  INFO      [06:30:29.037]   bbox       = None
2026-07-11 06:30:29  INFO      [06:30:29.037]   confidence = None
2026-07-11 06:30:29  INFO      [06:30:29.037]   OCR [easyocr_en_cpu] = ''
2026-07-11 06:30:29  INFO      [06:30:29.037]   OCR [easyocr_en_gpu] = ''
2026-07-11 06:30:29  INFO      [06:30:29.037]   plate_text = ''
2026-07-11 06:30:29  WARNING   [06:30:29.037] FAIL: YOLO did not detect any plate box
2026-07-11 06:30:29  INFO      [06:30:29.037] ── /predict done ─────────────────────────────────
2026-07-11 06:30:29  INFO      [06:30:29.915] ── /predict request received ──────────────────────
2026-07-11 06:30:29  INFO      [06:30:29.915] File: '2.jpg'  content-type: image/jpeg
2026-07-11 06:30:29  INFO      [06:30:29.915] OCR engines requested: ['EasyOCR English · CPU', 'EasyOCR English · GPU']
2026-07-11 06:30:29  INFO      [06:30:29.915] Saved to temp: C:\Users\MOHAME~1\AppData\Local\Temp\tmpa4_100yh.jpg  size: 86027 bytes
2026-07-11 06:30:29  INFO      [06:30:29.915] Image shape: (480, 640, 3)  (H×W×C)
2026-07-11 06:30:29  INFO      [06:30:29.915] Calling run_pipeline …
2026-07-11 06:30:29  INFO      [06:30:29.915] YOLO weights: C:\Users\Mohamed Walid\Desktop\Internship\Code\runs\detect\runs\detect\english_train2\weights\best.pt
2026-07-11 06:30:29  INFO      [06:30:29.915]   [OK] Weights file exists (12043 KB)
2026-07-11 06:30:30  INFO      [06:30:29.915] YOLO → 1 box(es) detected:
2026-07-11 06:30:30  INFO      [06:30:29.915]   box[0] conf=0.8377  xyxy=[193,178,284,208]
2026-07-11 06:30:38  INFO      [06:30:29.915] Pipeline result:
2026-07-11 06:30:38  INFO      [06:30:29.915]   bbox       = (193, 178, 284, 208)
2026-07-11 06:30:38  INFO      [06:30:29.915]   confidence = 0.8377439975738525
2026-07-11 06:30:38  INFO      [06:30:29.915]   OCR [easyocr_en_cpu] = '2258DK'
2026-07-11 06:30:38  INFO      [06:30:29.915]   OCR [easyocr_en_gpu] = '2258DK'
2026-07-11 06:30:38  INFO      [06:30:29.915]   plate_text = '2258DK'
2026-07-11 06:30:38  INFO      [06:30:29.915] SUCCESS: plate='2258DK'  conf=0.8377439975738525
2026-07-11 06:30:38  INFO      [06:30:29.915] ── /predict done ─────────────────────────────────
2026-07-11 06:31:09  INFO      [06:31:09.649] ── /predict request received ──────────────────────
2026-07-11 06:31:09  INFO      [06:31:09.649] File: 'images (4).jpg'  content-type: image/jpeg
2026-07-11 06:31:09  INFO      [06:31:09.649] OCR engines requested: ['EasyOCR English · CPU', 'EasyOCR English · GPU']
2026-07-11 06:31:09  INFO      [06:31:09.649] Saved to temp: C:\Users\MOHAME~1\AppData\Local\Temp\tmplapk7aul.jpg  size: 28619 bytes
2026-07-11 06:31:09  INFO      [06:31:09.649] Image shape: (330, 600, 3)  (H×W×C)
2026-07-11 06:31:09  INFO      [06:31:09.649] Calling run_pipeline …
2026-07-11 06:31:09  INFO      [06:31:09.649] YOLO weights: C:\Users\Mohamed Walid\Desktop\Internship\Code\runs\detect\runs\detect\english_train2\weights\best.pt
2026-07-11 06:31:09  INFO      [06:31:09.649]   [OK] Weights file exists (12043 KB)
2026-07-11 06:31:09  WARNING   [06:31:09.649] YOLO → 0 boxes detected (conf threshold=0.10)
2026-07-11 06:31:10  INFO      [06:31:09.649] Pipeline result:
2026-07-11 06:31:10  INFO      [06:31:09.649]   bbox       = None
2026-07-11 06:31:10  INFO      [06:31:09.649]   confidence = None
2026-07-11 06:31:10  INFO      [06:31:09.649]   OCR [easyocr_en_cpu] = ''
2026-07-11 06:31:10  INFO      [06:31:09.649]   OCR [easyocr_en_gpu] = ''
2026-07-11 06:31:10  INFO      [06:31:09.649]   plate_text = ''
2026-07-11 06:31:10  WARNING   [06:31:09.649] FAIL: YOLO did not detect any plate box
2026-07-11 06:31:10  INFO      [06:31:09.649] ── /predict done ─────────────────────────────────
2026-07-11 06:31:10  INFO      [06:31:10.508] ── /predict request received ──────────────────────
2026-07-11 06:31:10  INFO      [06:31:10.508] File: '2.jpg'  content-type: image/jpeg
2026-07-11 06:31:10  INFO      [06:31:10.508] OCR engines requested: ['EasyOCR English · CPU', 'EasyOCR English · GPU']
2026-07-11 06:31:10  INFO      [06:31:10.508] Saved to temp: C:\Users\MOHAME~1\AppData\Local\Temp\tmptmu4c1n5.jpg  size: 86027 bytes
2026-07-11 06:31:10  INFO      [06:31:10.508] Image shape: (480, 640, 3)  (H×W×C)
2026-07-11 06:31:10  INFO      [06:31:10.508] Calling run_pipeline …
2026-07-11 06:31:10  INFO      [06:31:10.508] YOLO weights: C:\Users\Mohamed Walid\Desktop\Internship\Code\runs\detect\runs\detect\english_train2\weights\best.pt
2026-07-11 06:31:10  INFO      [06:31:10.508]   [OK] Weights file exists (12043 KB)
2026-07-11 06:31:10  INFO      [06:31:10.508] YOLO → 1 box(es) detected:
2026-07-11 06:31:10  INFO      [06:31:10.508]   box[0] conf=0.8377  xyxy=[193,178,284,208]
2026-07-11 06:31:18  INFO      [06:31:10.508] Pipeline result:
2026-07-11 06:31:18  INFO      [06:31:10.508]   bbox       = (193, 178, 284, 208)
2026-07-11 06:31:18  INFO      [06:31:10.508]   confidence = 0.8377439975738525
2026-07-11 06:31:18  INFO      [06:31:10.508]   OCR [easyocr_en_cpu] = '2258DK'
2026-07-11 06:31:18  INFO      [06:31:10.508]   OCR [easyocr_en_gpu] = '2258DK'
2026-07-11 06:31:18  INFO      [06:31:10.508]   plate_text = '2258DK'
2026-07-11 06:31:18  INFO      [06:31:10.508] SUCCESS: plate='2258DK'  conf=0.8377439975738525
2026-07-11 06:31:18  INFO      [06:31:10.508] ── /predict done ─────────────────────────────────
2026-07-11 06:31:18  INFO      [06:31:18.178] ── /predict request received ──────────────────────
2026-07-11 06:31:18  INFO      [06:31:18.178] File: '3504226256_0a63cb93d2_b.jpg'  content-type: image/jpeg
2026-07-11 06:31:18  INFO      [06:31:18.178] OCR engines requested: ['EasyOCR English · CPU', 'EasyOCR English · GPU']
2026-07-11 06:31:18  INFO      [06:31:18.178] Saved to temp: C:\Users\MOHAME~1\AppData\Local\Temp\tmp9oug4kco.jpg  size: 206689 bytes
2026-07-11 06:31:18  INFO      [06:31:18.178] Image shape: (768, 1024, 3)  (H×W×C)
2026-07-11 06:31:18  INFO      [06:31:18.178] Calling run_pipeline …
2026-07-11 06:31:18  INFO      [06:31:18.178] YOLO weights: C:\Users\Mohamed Walid\Desktop\Internship\Code\runs\detect\runs\detect\english_train2\weights\best.pt
2026-07-11 06:31:18  INFO      [06:31:18.178]   [OK] Weights file exists (12043 KB)
2026-07-11 06:31:18  INFO      [06:31:18.178] YOLO → 1 box(es) detected:
2026-07-11 06:31:18  INFO      [06:31:18.178]   box[0] conf=0.1009  xyxy=[280,206,643,342]
2026-07-11 06:31:19  INFO      [06:31:18.178] Pipeline result:
2026-07-11 06:31:19  INFO      [06:31:18.178]   bbox       = None
2026-07-11 06:31:19  INFO      [06:31:18.178]   confidence = None
2026-07-11 06:31:19  INFO      [06:31:18.178]   OCR [easyocr_en_cpu] = ''
2026-07-11 06:31:19  INFO      [06:31:18.178]   OCR [easyocr_en_gpu] = ''
2026-07-11 06:31:19  INFO      [06:31:18.178]   plate_text = ''
2026-07-11 06:31:19  WARNING   [06:31:18.178] FAIL: YOLO did not detect any plate box
2026-07-11 06:31:19  INFO      [06:31:18.178] ── /predict done ─────────────────────────────────
2026-07-11 06:31:19  INFO      [06:31:19.635] ── /predict request received ──────────────────────
2026-07-11 06:31:19  INFO      [06:31:19.635] File: 'images (1).jpg'  content-type: image/jpeg
2026-07-11 06:31:19  INFO      [06:31:19.635] OCR engines requested: ['EasyOCR English · CPU', 'EasyOCR English · GPU']
2026-07-11 06:31:19  INFO      [06:31:19.635] Saved to temp: C:\Users\MOHAME~1\AppData\Local\Temp\tmpmyoptjh5.jpg  size: 27004 bytes
2026-07-11 06:31:19  INFO      [06:31:19.635] Image shape: (305, 655, 3)  (H×W×C)
2026-07-11 06:31:19  INFO      [06:31:19.635] Calling run_pipeline …
2026-07-11 06:31:19  INFO      [06:31:19.635] YOLO weights: C:\Users\Mohamed Walid\Desktop\Internship\Code\runs\detect\runs\detect\english_train2\weights\best.pt
2026-07-11 06:31:19  INFO      [06:31:19.635]   [OK] Weights file exists (12043 KB)
2026-07-11 06:31:20  WARNING   [06:31:19.635] YOLO → 0 boxes detected (conf threshold=0.10)
2026-07-11 06:31:20  INFO      [06:31:19.635] Pipeline result:
2026-07-11 06:31:20  INFO      [06:31:19.635]   bbox       = None
2026-07-11 06:31:20  INFO      [06:31:19.635]   confidence = None
2026-07-11 06:31:20  INFO      [06:31:19.635]   OCR [easyocr_en_cpu] = ''
2026-07-11 06:31:20  INFO      [06:31:19.635]   OCR [easyocr_en_gpu] = ''
2026-07-11 06:31:20  INFO      [06:31:19.635]   plate_text = ''
2026-07-11 06:31:20  WARNING   [06:31:19.635] FAIL: YOLO did not detect any plate box
2026-07-11 06:31:20  INFO      [06:31:19.635] ── /predict done ─────────────────────────────────
2026-07-11 06:31:20  INFO      [06:31:20.831] ── /predict request received ──────────────────────
2026-07-11 06:31:20  INFO      [06:31:20.831] File: 'images (2).jpg'  content-type: image/jpeg
2026-07-11 06:31:20  INFO      [06:31:20.831] OCR engines requested: ['EasyOCR English · CPU', 'EasyOCR English · GPU']
2026-07-11 06:31:20  INFO      [06:31:20.831] Saved to temp: C:\Users\MOHAME~1\AppData\Local\Temp\tmpyldyvx4a.jpg  size: 18592 bytes
2026-07-11 06:31:20  INFO      [06:31:20.831] Image shape: (330, 600, 3)  (H×W×C)
2026-07-11 06:31:20  INFO      [06:31:20.831] Calling run_pipeline …
2026-07-11 06:31:20  INFO      [06:31:20.831] YOLO weights: C:\Users\Mohamed Walid\Desktop\Internship\Code\runs\detect\runs\detect\english_train2\weights\best.pt
2026-07-11 06:31:20  INFO      [06:31:20.831]   [OK] Weights file exists (12043 KB)
2026-07-11 06:31:21  WARNING   [06:31:20.831] YOLO → 0 boxes detected (conf threshold=0.10)
2026-07-11 06:31:21  INFO      [06:31:20.831] Pipeline result:
2026-07-11 06:31:21  INFO      [06:31:20.831]   bbox       = None
2026-07-11 06:31:21  INFO      [06:31:20.831]   confidence = None
2026-07-11 06:31:21  INFO      [06:31:20.831]   OCR [easyocr_en_cpu] = ''
2026-07-11 06:31:21  INFO      [06:31:20.831]   OCR [easyocr_en_gpu] = ''
2026-07-11 06:31:21  INFO      [06:31:20.831]   plate_text = ''
2026-07-11 06:31:21  WARNING   [06:31:20.831] FAIL: YOLO did not detect any plate box
2026-07-11 06:31:21  INFO      [06:31:20.831] ── /predict done ─────────────────────────────────
2026-07-11 06:31:22  INFO      [06:31:22.160] ── /predict request received ──────────────────────
2026-07-11 06:31:22  INFO      [06:31:22.160] File: 'images (3).jpg'  content-type: image/jpeg
2026-07-11 06:31:22  INFO      [06:31:22.160] OCR engines requested: ['EasyOCR English · CPU', 'EasyOCR English · GPU']
2026-07-11 06:31:22  INFO      [06:31:22.160] Saved to temp: C:\Users\MOHAME~1\AppData\Local\Temp\tmp9bcy7upb.jpg  size: 35902 bytes
2026-07-11 06:31:22  INFO      [06:31:22.160] Image shape: (480, 640, 3)  (H×W×C)
2026-07-11 06:31:22  INFO      [06:31:22.160] Calling run_pipeline …
2026-07-11 06:31:22  INFO      [06:31:22.160] YOLO weights: C:\Users\Mohamed Walid\Desktop\Internship\Code\runs\detect\runs\detect\english_train2\weights\best.pt
2026-07-11 06:31:22  INFO      [06:31:22.160]   [OK] Weights file exists (12043 KB)
2026-07-11 06:31:22  WARNING   [06:31:22.160] YOLO → 0 boxes detected (conf threshold=0.10)
2026-07-11 06:31:23  INFO      [06:31:22.160] Pipeline result:
2026-07-11 06:31:23  INFO      [06:31:22.160]   bbox       = None
2026-07-11 06:31:23  INFO      [06:31:22.160]   confidence = None
2026-07-11 06:31:23  INFO      [06:31:22.160]   OCR [easyocr_en_cpu] = ''
2026-07-11 06:31:23  INFO      [06:31:22.160]   OCR [easyocr_en_gpu] = ''
2026-07-11 06:31:23  INFO      [06:31:22.160]   plate_text = ''
2026-07-11 06:31:23  WARNING   [06:31:22.160] FAIL: YOLO did not detect any plate box
2026-07-11 06:31:23  INFO      [06:31:22.160] ── /predict done ─────────────────────────────────
2026-07-11 06:31:23  INFO      [06:31:23.214] ── /predict request received ──────────────────────
2026-07-11 06:31:23  INFO      [06:31:23.214] File: 'images.jpg'  content-type: image/jpeg
2026-07-11 06:31:23  INFO      [06:31:23.214] OCR engines requested: ['EasyOCR English · CPU', 'EasyOCR English · GPU']
2026-07-11 06:31:23  INFO      [06:31:23.214] Saved to temp: C:\Users\MOHAME~1\AppData\Local\Temp\tmprzymv0xz.jpg  size: 39447 bytes
2026-07-11 06:31:23  INFO      [06:31:23.214] Image shape: (357, 559, 3)  (H×W×C)
2026-07-11 06:31:23  INFO      [06:31:23.214] Calling run_pipeline …
2026-07-11 06:31:23  INFO      [06:31:23.214] YOLO weights: C:\Users\Mohamed Walid\Desktop\Internship\Code\runs\detect\runs\detect\english_train2\weights\best.pt
2026-07-11 06:31:23  INFO      [06:31:23.214]   [OK] Weights file exists (12043 KB)
2026-07-11 06:31:23  INFO      [06:31:23.214] YOLO → 13 box(es) detected:
2026-07-11 06:31:23  INFO      [06:31:23.214]   box[0] conf=0.6496  xyxy=[203,136,357,188]
2026-07-11 06:31:23  INFO      [06:31:23.214]   box[1] conf=0.6259  xyxy=[389,137,537,188]
2026-07-11 06:31:23  INFO      [06:31:23.214]   box[2] conf=0.5122  xyxy=[210,259,360,309]
2026-07-11 06:31:23  INFO      [06:31:23.214]   box[3] conf=0.4164  xyxy=[111,85,142,105]
2026-07-11 06:31:23  INFO      [06:31:23.214]   box[4] conf=0.3974  xyxy=[434,284,497,299]
2026-07-11 06:31:23  INFO      [06:31:23.214]   box[5] conf=0.2710  xyxy=[442,136,536,188]
2026-07-11 06:31:23  INFO      [06:31:23.214]   box[6] conf=0.2661  xyxy=[272,89,326,104]
2026-07-11 06:31:23  INFO      [06:31:23.214]   box[7] conf=0.2333  xyxy=[459,284,497,299]
2026-07-11 06:31:23  INFO      [06:31:23.214]   box[8] conf=0.2157  xyxy=[63,204,98,223]
2026-07-11 06:31:23  INFO      [06:31:23.214]   box[9] conf=0.2046  xyxy=[292,88,327,105]
2026-07-11 06:31:23  INFO      [06:31:23.214]   box[10] conf=0.1892  xyxy=[462,89,497,104]
2026-07-11 06:31:23  INFO      [06:31:23.214]   box[11] conf=0.1424  xyxy=[428,285,481,299]
2026-07-11 06:31:23  INFO      [06:31:23.214]   box[12] conf=0.1343  xyxy=[104,204,135,222]
2026-07-11 06:31:35  INFO      [06:31:23.214] Pipeline result:
2026-07-11 06:31:35  INFO      [06:31:23.214]   bbox       = (203, 136, 357, 188)
2026-07-11 06:31:35  INFO      [06:31:23.214]   confidence = 0.6495575904846191
2026-07-11 06:31:35  INFO      [06:31:23.214]   OCR [easyocr_en_cpu] = 'AT6260'
2026-07-11 06:31:35  INFO      [06:31:23.214]   OCR [easyocr_en_gpu] = 'AT6260'
2026-07-11 06:31:35  INFO      [06:31:23.214]   plate_text = 'AT6260'
2026-07-11 06:31:35  INFO      [06:31:23.214] SUCCESS: plate='AT6260'  conf=0.6495575904846191
2026-07-11 06:31:35  INFO      [06:31:23.214] ── /predict done ─────────────────────────────────
2026-07-11 06:31:36  INFO      [06:31:36.317] ── /predict request received ──────────────────────
2026-07-11 06:31:36  INFO      [06:31:36.317] File: 'P01523.jpg'  content-type: image/jpeg
2026-07-11 06:31:36  INFO      [06:31:36.317] OCR engines requested: ['EasyOCR English · CPU', 'EasyOCR English · GPU']
2026-07-11 06:31:36  INFO      [06:31:36.317] Saved to temp: C:\Users\MOHAME~1\AppData\Local\Temp\tmp3h1bxv7_.jpg  size: 44574 bytes
2026-07-11 06:31:36  INFO      [06:31:36.317] Image shape: (425, 567, 3)  (H×W×C)
2026-07-11 06:31:36  INFO      [06:31:36.317] Calling run_pipeline …
2026-07-11 06:31:36  INFO      [06:31:36.317] YOLO weights: C:\Users\Mohamed Walid\Desktop\Internship\Code\runs\detect\runs\detect\english_train2\weights\best.pt
2026-07-11 06:31:36  INFO      [06:31:36.317]   [OK] Weights file exists (12043 KB)
2026-07-11 06:31:36  WARNING   [06:31:36.317] YOLO → 0 boxes detected (conf threshold=0.10)
2026-07-11 06:31:37  INFO      [06:31:36.317] Pipeline result:
2026-07-11 06:31:37  INFO      [06:31:36.317]   bbox       = None
2026-07-11 06:31:37  INFO      [06:31:36.317]   confidence = None
2026-07-11 06:31:37  INFO      [06:31:36.317]   OCR [easyocr_en_cpu] = ''
2026-07-11 06:31:37  INFO      [06:31:36.317]   OCR [easyocr_en_gpu] = ''
2026-07-11 06:31:37  INFO      [06:31:36.317]   plate_text = ''
2026-07-11 06:31:37  WARNING   [06:31:36.317] FAIL: YOLO did not detect any plate box
2026-07-11 06:31:37  INFO      [06:31:36.317] ── /predict done ─────────────────────────────────
2026-07-11 06:31:37  INFO      [06:31:37.356] ── /predict request received ──────────────────────
2026-07-11 06:31:37  INFO      [06:31:37.356] File: 'taiwan.jpg'  content-type: image/jpeg
2026-07-11 06:31:37  INFO      [06:31:37.356] OCR engines requested: ['EasyOCR English · CPU', 'EasyOCR English · GPU']
2026-07-11 06:31:37  INFO      [06:31:37.356] Saved to temp: C:\Users\MOHAME~1\AppData\Local\Temp\tmpylltmi2r.jpg  size: 16012 bytes
2026-07-11 06:31:37  INFO      [06:31:37.356] Image shape: (136, 292, 3)  (H×W×C)
2026-07-11 06:31:37  INFO      [06:31:37.356] Calling run_pipeline …
2026-07-11 06:31:37  INFO      [06:31:37.356] YOLO weights: C:\Users\Mohamed Walid\Desktop\Internship\Code\runs\detect\runs\detect\english_train2\weights\best.pt
2026-07-11 06:31:37  INFO      [06:31:37.356]   [OK] Weights file exists (12043 KB)
2026-07-11 06:31:37  WARNING   [06:31:37.356] YOLO → 0 boxes detected (conf threshold=0.10)
2026-07-11 06:31:38  INFO      [06:31:37.356] Pipeline result:
2026-07-11 06:31:38  INFO      [06:31:37.356]   bbox       = None
2026-07-11 06:31:38  INFO      [06:31:37.356]   confidence = None
2026-07-11 06:31:38  INFO      [06:31:37.356]   OCR [easyocr_en_cpu] = ''
2026-07-11 06:31:38  INFO      [06:31:37.356]   OCR [easyocr_en_gpu] = ''
2026-07-11 06:31:38  INFO      [06:31:37.356]   plate_text = ''
2026-07-11 06:31:38  WARNING   [06:31:37.356] FAIL: YOLO did not detect any plate box
2026-07-11 06:31:38  INFO      [06:31:37.356] ── /predict done ─────────────────────────────────
2026-07-12 14:36:51  INFO      ============================================================
2026-07-12 14:36:51  INFO      PlateVision server starting
2026-07-12 14:36:51  INFO      Log file: C:\Users\Mohamed Walid\Desktop\Internship\Code\logs\predict.log
2026-07-12 14:36:51  INFO      ============================================================
2026-07-12 14:36:53  INFO      English pipeline weights path: C:\Users\Mohamed Walid\Desktop\Internship\Code\runs\detect\runs\detect\english_train32\weights\best.pt
2026-07-12 14:36:53  INFO        [OK] Weights file exists (12041 KB)
2026-07-12 14:36:53  INFO      Available models: ['english_train32', 'english_train2', 'english_train']
2026-07-12 14:40:12  INFO      [14:40:12.017] ── /predict request received ──────────────────────
2026-07-12 14:40:12  INFO      [14:40:12.017] File: '3504226256_0a63cb93d2_b.jpg'  content-type: image/jpeg
2026-07-12 14:40:12  INFO      [14:40:12.017] OCR engines requested: ['EasyOCR English · CPU', 'EasyOCR English · GPU']
2026-07-12 14:40:12  INFO      [14:40:12.017] Saved to temp: C:\Users\MOHAME~1\AppData\Local\Temp\tmp5t_2dt8_.jpg  size: 206689 bytes
2026-07-12 14:40:12  INFO      [14:40:12.017] Image shape: (768, 1024, 3)  (H×W×C)
2026-07-12 14:40:12  INFO      [14:40:12.017] Calling run_pipeline …
2026-07-12 14:40:12  INFO      [14:40:12.017] YOLO weights: C:\Users\Mohamed Walid\Desktop\Internship\Code\runs\detect\runs\detect\english_train2\weights\best.pt
2026-07-12 14:40:12  INFO      [14:40:12.017]   [OK] Weights file exists (12043 KB)
2026-07-12 14:40:12  INFO      [14:40:12.017] YOLO → 1 box(es) detected:
2026-07-12 14:40:12  INFO      [14:40:12.017]   box[0] conf=0.1009  xyxy=[280,206,643,342]
2026-07-12 14:40:12  INFO      [14:40:12.017] Pipeline result:
2026-07-12 14:40:12  INFO      [14:40:12.017]   bbox       = None
2026-07-12 14:40:12  INFO      [14:40:12.017]   confidence = None
2026-07-12 14:40:12  INFO      [14:40:12.017]   OCR [easyocr_en_cpu] = ''
2026-07-12 14:40:12  INFO      [14:40:12.017]   OCR [easyocr_en_gpu] = ''
2026-07-12 14:40:12  INFO      [14:40:12.017]   plate_text = ''
2026-07-12 14:40:12  WARNING   [14:40:12.017] FAIL: YOLO did not detect any plate box
2026-07-12 14:40:12  INFO      [14:40:12.017] ── /predict done ─────────────────────────────────
2026-07-12 14:40:13  INFO      [14:40:13.036] ── /predict request received ──────────────────────
2026-07-12 14:40:13  INFO      [14:40:13.036] File: 'images (1).jpg'  content-type: image/jpeg
2026-07-12 14:40:13  INFO      [14:40:13.036] OCR engines requested: ['EasyOCR English · CPU', 'EasyOCR English · GPU']
2026-07-12 14:40:13  INFO      [14:40:13.036] Saved to temp: C:\Users\MOHAME~1\AppData\Local\Temp\tmp_bqac2ly.jpg  size: 27004 bytes
2026-07-12 14:40:13  INFO      [14:40:13.036] Image shape: (305, 655, 3)  (H×W×C)
2026-07-12 14:40:13  INFO      [14:40:13.036] Calling run_pipeline …
2026-07-12 14:40:13  INFO      [14:40:13.036] YOLO weights: C:\Users\Mohamed Walid\Desktop\Internship\Code\runs\detect\runs\detect\english_train2\weights\best.pt
2026-07-12 14:40:13  INFO      [14:40:13.036]   [OK] Weights file exists (12043 KB)
2026-07-12 14:40:13  WARNING   [14:40:13.036] YOLO → 0 boxes detected (conf threshold=0.10)
2026-07-12 14:40:13  INFO      [14:40:13.036] Pipeline result:
2026-07-12 14:40:13  INFO      [14:40:13.036]   bbox       = None
2026-07-12 14:40:13  INFO      [14:40:13.036]   confidence = None
2026-07-12 14:40:13  INFO      [14:40:13.036]   OCR [easyocr_en_cpu] = ''
2026-07-12 14:40:13  INFO      [14:40:13.036]   OCR [easyocr_en_gpu] = ''
2026-07-12 14:40:13  INFO      [14:40:13.036]   plate_text = ''
2026-07-12 14:40:13  WARNING   [14:40:13.036] FAIL: YOLO did not detect any plate box
2026-07-12 14:40:13  INFO      [14:40:13.036] ── /predict done ─────────────────────────────────
2026-07-12 14:40:13  INFO      [14:40:13.980] ── /predict request received ──────────────────────
2026-07-12 14:40:13  INFO      [14:40:13.980] File: 'images (2).jpg'  content-type: image/jpeg
2026-07-12 14:40:13  INFO      [14:40:13.980] OCR engines requested: ['EasyOCR English · CPU', 'EasyOCR English · GPU']
2026-07-12 14:40:13  INFO      [14:40:13.980] Saved to temp: C:\Users\MOHAME~1\AppData\Local\Temp\tmp9vzvaodt.jpg  size: 18592 bytes
2026-07-12 14:40:13  INFO      [14:40:13.980] Image shape: (330, 600, 3)  (H×W×C)
2026-07-12 14:40:14  INFO      [14:40:13.980] Calling run_pipeline …
2026-07-12 14:40:14  INFO      [14:40:13.980] YOLO weights: C:\Users\Mohamed Walid\Desktop\Internship\Code\runs\detect\runs\detect\english_train2\weights\best.pt
2026-07-12 14:40:14  INFO      [14:40:13.980]   [OK] Weights file exists (12043 KB)
2026-07-12 14:40:14  WARNING   [14:40:13.980] YOLO → 0 boxes detected (conf threshold=0.10)
2026-07-12 14:40:14  INFO      [14:40:13.980] Pipeline result:
2026-07-12 14:40:14  INFO      [14:40:13.980]   bbox       = None
2026-07-12 14:40:14  INFO      [14:40:13.980]   confidence = None
2026-07-12 14:40:14  INFO      [14:40:13.980]   OCR [easyocr_en_cpu] = ''
2026-07-12 14:40:14  INFO      [14:40:13.980]   OCR [easyocr_en_gpu] = ''
2026-07-12 14:40:14  INFO      [14:40:13.980]   plate_text = ''
2026-07-12 14:40:14  WARNING   [14:40:13.980] FAIL: YOLO did not detect any plate box
2026-07-12 14:40:14  INFO      [14:40:13.980] ── /predict done ─────────────────────────────────
2026-07-12 14:40:14  INFO      [14:40:14.592] ── /predict request received ──────────────────────
2026-07-12 14:40:14  INFO      [14:40:14.592] File: 'images (3).jpg'  content-type: image/jpeg
2026-07-12 14:40:14  INFO      [14:40:14.592] OCR engines requested: ['EasyOCR English · CPU', 'EasyOCR English · GPU']
2026-07-12 14:40:14  INFO      [14:40:14.592] Saved to temp: C:\Users\MOHAME~1\AppData\Local\Temp\tmpftvyzcun.jpg  size: 35902 bytes
2026-07-12 14:40:14  INFO      [14:40:14.592] Image shape: (480, 640, 3)  (H×W×C)
2026-07-12 14:40:14  INFO      [14:40:14.592] Calling run_pipeline …
2026-07-12 14:40:14  INFO      [14:40:14.592] YOLO weights: C:\Users\Mohamed Walid\Desktop\Internship\Code\runs\detect\runs\detect\english_train2\weights\best.pt
2026-07-12 14:40:14  INFO      [14:40:14.592]   [OK] Weights file exists (12043 KB)
2026-07-12 14:40:15  WARNING   [14:40:14.592] YOLO → 0 boxes detected (conf threshold=0.10)
2026-07-12 14:40:16  INFO      [14:40:14.592] Pipeline result:
2026-07-12 14:40:16  INFO      [14:40:14.592]   bbox       = None
2026-07-12 14:40:16  INFO      [14:40:14.592]   confidence = None
2026-07-12 14:40:16  INFO      [14:40:14.592]   OCR [easyocr_en_cpu] = ''
2026-07-12 14:40:16  INFO      [14:40:14.592]   OCR [easyocr_en_gpu] = ''
2026-07-12 14:40:16  INFO      [14:40:14.592]   plate_text = ''
2026-07-12 14:40:16  WARNING   [14:40:14.592] FAIL: YOLO did not detect any plate box
2026-07-12 14:40:16  INFO      [14:40:14.592] ── /predict done ─────────────────────────────────
2026-07-12 14:40:17  INFO      [14:40:17.009] ── /predict request received ──────────────────────
2026-07-12 14:40:17  INFO      [14:40:17.009] File: 'images (4).jpg'  content-type: image/jpeg
2026-07-12 14:40:17  INFO      [14:40:17.009] OCR engines requested: ['EasyOCR English · CPU', 'EasyOCR English · GPU']
2026-07-12 14:40:17  INFO      [14:40:17.009] Saved to temp: C:\Users\MOHAME~1\AppData\Local\Temp\tmplqcftlkz.jpg  size: 28619 bytes
2026-07-12 14:40:17  INFO      [14:40:17.009] Image shape: (330, 600, 3)  (H×W×C)
2026-07-12 14:40:17  INFO      [14:40:17.009] Calling run_pipeline …
2026-07-12 14:40:17  INFO      [14:40:17.009] YOLO weights: C:\Users\Mohamed Walid\Desktop\Internship\Code\runs\detect\runs\detect\english_train2\weights\best.pt
2026-07-12 14:40:17  INFO      [14:40:17.009]   [OK] Weights file exists (12043 KB)
2026-07-12 14:40:17  WARNING   [14:40:17.009] YOLO → 0 boxes detected (conf threshold=0.10)
2026-07-12 14:40:18  INFO      [14:40:17.009] Pipeline result:
2026-07-12 14:40:18  INFO      [14:40:17.009]   bbox       = None
2026-07-12 14:40:18  INFO      [14:40:17.009]   confidence = None
2026-07-12 14:40:18  INFO      [14:40:17.009]   OCR [easyocr_en_cpu] = ''
2026-07-12 14:40:18  INFO      [14:40:17.009]   OCR [easyocr_en_gpu] = ''
2026-07-12 14:40:18  INFO      [14:40:17.009]   plate_text = ''
2026-07-12 14:40:18  WARNING   [14:40:17.009] FAIL: YOLO did not detect any plate box
2026-07-12 14:40:18  INFO      [14:40:17.009] ── /predict done ─────────────────────────────────
2026-07-12 14:40:18  INFO      [14:40:18.040] ── /predict request received ──────────────────────
2026-07-12 14:40:18  INFO      [14:40:18.040] File: 'images.jpg'  content-type: image/jpeg
2026-07-12 14:40:18  INFO      [14:40:18.040] OCR engines requested: ['EasyOCR English · CPU', 'EasyOCR English · GPU']
2026-07-12 14:40:18  INFO      [14:40:18.040] Saved to temp: C:\Users\MOHAME~1\AppData\Local\Temp\tmpa8wilbst.jpg  size: 39447 bytes
2026-07-12 14:40:18  INFO      [14:40:18.040] Image shape: (357, 559, 3)  (H×W×C)
2026-07-12 14:40:18  INFO      [14:40:18.040] Calling run_pipeline …
2026-07-12 14:40:18  INFO      [14:40:18.040] YOLO weights: C:\Users\Mohamed Walid\Desktop\Internship\Code\runs\detect\runs\detect\english_train2\weights\best.pt
2026-07-12 14:40:18  INFO      [14:40:18.040]   [OK] Weights file exists (12043 KB)
2026-07-12 14:40:18  INFO      [14:40:18.040] YOLO → 13 box(es) detected:
2026-07-12 14:40:18  INFO      [14:40:18.040]   box[0] conf=0.6496  xyxy=[203,136,357,188]
2026-07-12 14:40:18  INFO      [14:40:18.040]   box[1] conf=0.6259  xyxy=[389,137,537,188]
2026-07-12 14:40:18  INFO      [14:40:18.040]   box[2] conf=0.5122  xyxy=[210,259,360,309]
2026-07-12 14:40:18  INFO      [14:40:18.040]   box[3] conf=0.4164  xyxy=[111,85,142,105]
2026-07-12 14:40:18  INFO      [14:40:18.040]   box[4] conf=0.3974  xyxy=[434,284,497,299]
2026-07-12 14:40:18  INFO      [14:40:18.040]   box[5] conf=0.2710  xyxy=[442,136,536,188]
2026-07-12 14:40:18  INFO      [14:40:18.040]   box[6] conf=0.2661  xyxy=[272,89,326,104]
2026-07-12 14:40:18  INFO      [14:40:18.040]   box[7] conf=0.2333  xyxy=[459,284,497,299]
2026-07-12 14:40:18  INFO      [14:40:18.040]   box[8] conf=0.2157  xyxy=[63,204,98,223]
2026-07-12 14:40:18  INFO      [14:40:18.040]   box[9] conf=0.2046  xyxy=[292,88,327,105]
2026-07-12 14:40:18  INFO      [14:40:18.040]   box[10] conf=0.1892  xyxy=[462,89,497,104]
2026-07-12 14:40:18  INFO      [14:40:18.040]   box[11] conf=0.1424  xyxy=[428,285,481,299]
2026-07-12 14:40:18  INFO      [14:40:18.040]   box[12] conf=0.1343  xyxy=[104,204,135,222]
2026-07-12 14:40:33  INFO      [14:40:18.040] Pipeline result:
2026-07-12 14:40:33  INFO      [14:40:18.040]   bbox       = (203, 136, 357, 188)
2026-07-12 14:40:33  INFO      [14:40:18.040]   confidence = 0.6495575904846191
2026-07-12 14:40:33  INFO      [14:40:18.040]   OCR [easyocr_en_cpu] = 'AT6260'
2026-07-12 14:40:33  INFO      [14:40:18.040]   OCR [easyocr_en_gpu] = 'AT6260'
2026-07-12 14:40:33  INFO      [14:40:18.040]   plate_text = 'AT6260'
2026-07-12 14:40:33  INFO      [14:40:18.040] SUCCESS: plate='AT6260'  conf=0.6495575904846191
2026-07-12 14:40:33  INFO      [14:40:18.040] ── /predict done ─────────────────────────────────
2026-07-12 14:40:34  INFO      [14:40:34.237] ── /predict request received ──────────────────────
2026-07-12 14:40:34  INFO      [14:40:34.237] File: 'P01523.jpg'  content-type: image/jpeg
2026-07-12 14:40:34  INFO      [14:40:34.237] OCR engines requested: ['EasyOCR English · CPU', 'EasyOCR English · GPU']
2026-07-12 14:40:34  INFO      [14:40:34.237] Saved to temp: C:\Users\MOHAME~1\AppData\Local\Temp\tmpvpd5zk3v.jpg  size: 44574 bytes
2026-07-12 14:40:34  INFO      [14:40:34.237] Image shape: (425, 567, 3)  (H×W×C)
2026-07-12 14:40:34  INFO      [14:40:34.237] Calling run_pipeline …
2026-07-12 14:40:34  INFO      [14:40:34.237] YOLO weights: C:\Users\Mohamed Walid\Desktop\Internship\Code\runs\detect\runs\detect\english_train2\weights\best.pt
2026-07-12 14:40:34  INFO      [14:40:34.237]   [OK] Weights file exists (12043 KB)
2026-07-12 14:40:34  WARNING   [14:40:34.237] YOLO → 0 boxes detected (conf threshold=0.10)
2026-07-12 14:40:35  INFO      [14:40:34.237] Pipeline result:
2026-07-12 14:40:35  INFO      [14:40:34.237]   bbox       = None
2026-07-12 14:40:35  INFO      [14:40:34.237]   confidence = None
2026-07-12 14:40:35  INFO      [14:40:34.237]   OCR [easyocr_en_cpu] = ''
2026-07-12 14:40:35  INFO      [14:40:34.237]   OCR [easyocr_en_gpu] = ''
2026-07-12 14:40:35  INFO      [14:40:34.237]   plate_text = ''
2026-07-12 14:40:35  WARNING   [14:40:34.237] FAIL: YOLO did not detect any plate box
2026-07-12 14:40:35  INFO      [14:40:34.237] ── /predict done ─────────────────────────────────
2026-07-12 14:40:35  INFO      [14:40:35.298] ── /predict request received ──────────────────────
2026-07-12 14:40:35  INFO      [14:40:35.298] File: 'taiwan.jpg'  content-type: image/jpeg
2026-07-12 14:40:35  INFO      [14:40:35.298] OCR engines requested: ['EasyOCR English · CPU', 'EasyOCR English · GPU']
2026-07-12 14:40:35  INFO      [14:40:35.298] Saved to temp: C:\Users\MOHAME~1\AppData\Local\Temp\tmpniisc7zk.jpg  size: 16012 bytes
2026-07-12 14:40:35  INFO      [14:40:35.298] Image shape: (136, 292, 3)  (H×W×C)
2026-07-12 14:40:35  INFO      [14:40:35.298] Calling run_pipeline …
2026-07-12 14:40:35  INFO      [14:40:35.298] YOLO weights: C:\Users\Mohamed Walid\Desktop\Internship\Code\runs\detect\runs\detect\english_train2\weights\best.pt
2026-07-12 14:40:35  INFO      [14:40:35.298]   [OK] Weights file exists (12043 KB)
2026-07-12 14:40:35  WARNING   [14:40:35.298] YOLO → 0 boxes detected (conf threshold=0.10)
2026-07-12 14:40:36  INFO      [14:40:35.298] Pipeline result:
2026-07-12 14:40:36  INFO      [14:40:35.298]   bbox       = None
2026-07-12 14:40:36  INFO      [14:40:35.298]   confidence = None
2026-07-12 14:40:36  INFO      [14:40:35.298]   OCR [easyocr_en_cpu] = ''
2026-07-12 14:40:36  INFO      [14:40:35.298]   OCR [easyocr_en_gpu] = ''
2026-07-12 14:40:36  INFO      [14:40:35.298]   plate_text = ''
2026-07-12 14:40:36  WARNING   [14:40:35.298] FAIL: YOLO did not detect any plate box
2026-07-12 14:40:36  INFO      [14:40:35.298] ── /predict done ─────────────────────────────────
2026-07-12 14:42:21  INFO      [14:42:21.260] ── /predict request received ──────────────────────
2026-07-12 14:42:21  INFO      [14:42:21.260] File: '3504226256_0a63cb93d2_b.jpg'  content-type: image/jpeg
2026-07-12 14:42:21  INFO      [14:42:21.260] OCR engines requested: ['EasyOCR English · CPU', 'EasyOCR English · GPU']
2026-07-12 14:42:21  INFO      [14:42:21.260] Saved to temp: C:\Users\MOHAME~1\AppData\Local\Temp\tmpoc36xg56.jpg  size: 206689 bytes
2026-07-12 14:42:21  INFO      [14:42:21.260] Image shape: (768, 1024, 3)  (H×W×C)
2026-07-12 14:42:21  INFO      [14:42:21.260] Calling run_pipeline …
2026-07-12 14:42:21  INFO      [14:42:21.260] YOLO weights: C:\Users\Mohamed Walid\Desktop\Internship\Code\runs\detect\runs\detect\english_train2\weights\best.pt
2026-07-12 14:42:21  INFO      [14:42:21.260]   [OK] Weights file exists (12043 KB)
2026-07-12 14:42:21  INFO      [14:42:21.260] YOLO → 1 box(es) detected:
2026-07-12 14:42:21  INFO      [14:42:21.260]   box[0] conf=0.1009  xyxy=[280,206,643,342]
2026-07-12 14:42:21  INFO      [14:42:21.260] Pipeline result:
2026-07-12 14:42:21  INFO      [14:42:21.260]   bbox       = None
2026-07-12 14:42:21  INFO      [14:42:21.260]   confidence = None
2026-07-12 14:42:21  INFO      [14:42:21.260]   OCR [easyocr_en_cpu] = ''
2026-07-12 14:42:21  INFO      [14:42:21.260]   OCR [easyocr_en_gpu] = ''
2026-07-12 14:42:21  INFO      [14:42:21.260]   plate_text = ''
2026-07-12 14:42:21  WARNING   [14:42:21.260] FAIL: YOLO did not detect any plate box
2026-07-12 14:42:21  INFO      [14:42:21.260] ── /predict done ─────────────────────────────────
2026-07-12 14:42:21  INFO      [14:42:21.886] ── /predict request received ──────────────────────
2026-07-12 14:42:21  INFO      [14:42:21.886] File: 'images (1).jpg'  content-type: image/jpeg
2026-07-12 14:42:21  INFO      [14:42:21.886] OCR engines requested: ['EasyOCR English · CPU', 'EasyOCR English · GPU']
2026-07-12 14:42:21  INFO      [14:42:21.886] Saved to temp: C:\Users\MOHAME~1\AppData\Local\Temp\tmpgafjo22p.jpg  size: 27004 bytes
2026-07-12 14:42:21  INFO      [14:42:21.886] Image shape: (305, 655, 3)  (H×W×C)
2026-07-12 14:42:21  INFO      [14:42:21.886] Calling run_pipeline …
2026-07-12 14:42:21  INFO      [14:42:21.886] YOLO weights: C:\Users\Mohamed Walid\Desktop\Internship\Code\runs\detect\runs\detect\english_train2\weights\best.pt
2026-07-12 14:42:21  INFO      [14:42:21.886]   [OK] Weights file exists (12043 KB)
2026-07-12 14:42:22  WARNING   [14:42:21.886] YOLO → 0 boxes detected (conf threshold=0.10)
2026-07-12 14:42:22  INFO      [14:42:21.886] Pipeline result:
2026-07-12 14:42:22  INFO      [14:42:21.886]   bbox       = None
2026-07-12 14:42:22  INFO      [14:42:21.886]   confidence = None
2026-07-12 14:42:22  INFO      [14:42:21.886]   OCR [easyocr_en_cpu] = ''
2026-07-12 14:42:22  INFO      [14:42:21.886]   OCR [easyocr_en_gpu] = ''
2026-07-12 14:42:22  INFO      [14:42:21.886]   plate_text = ''
2026-07-12 14:42:22  WARNING   [14:42:21.886] FAIL: YOLO did not detect any plate box
2026-07-12 14:42:22  INFO      [14:42:21.886] ── /predict done ─────────────────────────────────
2026-07-12 14:42:22  INFO      [14:42:22.839] ── /predict request received ──────────────────────
2026-07-12 14:42:22  INFO      [14:42:22.839] File: 'images (2).jpg'  content-type: image/jpeg
2026-07-12 14:42:22  INFO      [14:42:22.839] OCR engines requested: ['EasyOCR English · CPU', 'EasyOCR English · GPU']
2026-07-12 14:42:22  INFO      [14:42:22.839] Saved to temp: C:\Users\MOHAME~1\AppData\Local\Temp\tmpoyozoyiq.jpg  size: 18592 bytes
2026-07-12 14:42:22  INFO      [14:42:22.839] Image shape: (330, 600, 3)  (H×W×C)
2026-07-12 14:42:22  INFO      [14:42:22.839] Calling run_pipeline …
2026-07-12 14:42:22  INFO      [14:42:22.839] YOLO weights: C:\Users\Mohamed Walid\Desktop\Internship\Code\runs\detect\runs\detect\english_train2\weights\best.pt
2026-07-12 14:42:22  INFO      [14:42:22.839]   [OK] Weights file exists (12043 KB)
2026-07-12 14:42:23  WARNING   [14:42:22.839] YOLO → 0 boxes detected (conf threshold=0.10)
2026-07-12 14:42:23  INFO      [14:42:22.839] Pipeline result:
2026-07-12 14:42:23  INFO      [14:42:22.839]   bbox       = None
2026-07-12 14:42:23  INFO      [14:42:22.839]   confidence = None
2026-07-12 14:42:23  INFO      [14:42:22.839]   OCR [easyocr_en_cpu] = ''
2026-07-12 14:42:23  INFO      [14:42:22.839]   OCR [easyocr_en_gpu] = ''
2026-07-12 14:42:23  INFO      [14:42:22.839]   plate_text = ''
2026-07-12 14:42:23  WARNING   [14:42:22.839] FAIL: YOLO did not detect any plate box
2026-07-12 14:42:23  INFO      [14:42:22.839] ── /predict done ─────────────────────────────────
2026-07-12 14:42:23  INFO      [14:42:23.440] ── /predict request received ──────────────────────
2026-07-12 14:42:23  INFO      [14:42:23.440] File: 'images (3).jpg'  content-type: image/jpeg
2026-07-12 14:42:23  INFO      [14:42:23.440] OCR engines requested: ['EasyOCR English · CPU', 'EasyOCR English · GPU']
2026-07-12 14:42:23  INFO      [14:42:23.440] Saved to temp: C:\Users\MOHAME~1\AppData\Local\Temp\tmpgy7arxmy.jpg  size: 35902 bytes
2026-07-12 14:42:23  INFO      [14:42:23.440] Image shape: (480, 640, 3)  (H×W×C)
2026-07-12 14:42:23  INFO      [14:42:23.440] Calling run_pipeline …
2026-07-12 14:42:23  INFO      [14:42:23.440] YOLO weights: C:\Users\Mohamed Walid\Desktop\Internship\Code\runs\detect\runs\detect\english_train2\weights\best.pt
2026-07-12 14:42:23  INFO      [14:42:23.440]   [OK] Weights file exists (12043 KB)
2026-07-12 14:42:23  WARNING   [14:42:23.440] YOLO → 0 boxes detected (conf threshold=0.10)
2026-07-12 14:42:24  INFO      [14:42:23.440] Pipeline result:
2026-07-12 14:42:24  INFO      [14:42:23.440]   bbox       = None
2026-07-12 14:42:24  INFO      [14:42:23.440]   confidence = None
2026-07-12 14:42:24  INFO      [14:42:23.440]   OCR [easyocr_en_cpu] = ''
2026-07-12 14:42:24  INFO      [14:42:23.440]   OCR [easyocr_en_gpu] = ''
2026-07-12 14:42:24  INFO      [14:42:23.440]   plate_text = ''
2026-07-12 14:42:24  WARNING   [14:42:23.440] FAIL: YOLO did not detect any plate box
2026-07-12 14:42:24  INFO      [14:42:23.440] ── /predict done ─────────────────────────────────
2026-07-12 14:42:24  INFO      [14:42:24.455] ── /predict request received ──────────────────────
2026-07-12 14:42:24  INFO      [14:42:24.455] File: 'images (4).jpg'  content-type: image/jpeg
2026-07-12 14:42:24  INFO      [14:42:24.455] OCR engines requested: ['EasyOCR English · CPU', 'EasyOCR English · GPU']
2026-07-12 14:42:24  INFO      [14:42:24.455] Saved to temp: C:\Users\MOHAME~1\AppData\Local\Temp\tmpbeeu8ukr.jpg  size: 28619 bytes
2026-07-12 14:42:24  INFO      [14:42:24.455] Image shape: (330, 600, 3)  (H×W×C)
2026-07-12 14:42:24  INFO      [14:42:24.455] Calling run_pipeline …
2026-07-12 14:42:24  INFO      [14:42:24.455] YOLO weights: C:\Users\Mohamed Walid\Desktop\Internship\Code\runs\detect\runs\detect\english_train2\weights\best.pt
2026-07-12 14:42:24  INFO      [14:42:24.455]   [OK] Weights file exists (12043 KB)
2026-07-12 14:42:24  WARNING   [14:42:24.455] YOLO → 0 boxes detected (conf threshold=0.10)
2026-07-12 14:42:25  INFO      [14:42:24.455] Pipeline result:
2026-07-12 14:42:25  INFO      [14:42:24.455]   bbox       = None
2026-07-12 14:42:25  INFO      [14:42:24.455]   confidence = None
2026-07-12 14:42:25  INFO      [14:42:24.455]   OCR [easyocr_en_cpu] = ''
2026-07-12 14:42:25  INFO      [14:42:24.455]   OCR [easyocr_en_gpu] = ''
2026-07-12 14:42:25  INFO      [14:42:24.455]   plate_text = ''
2026-07-12 14:42:25  WARNING   [14:42:24.455] FAIL: YOLO did not detect any plate box
2026-07-12 14:42:25  INFO      [14:42:24.455] ── /predict done ─────────────────────────────────
2026-07-12 14:42:25  INFO      [14:42:25.170] ── /predict request received ──────────────────────
2026-07-12 14:42:25  INFO      [14:42:25.170] File: 'images.jpg'  content-type: image/jpeg
2026-07-12 14:42:25  INFO      [14:42:25.170] OCR engines requested: ['EasyOCR English · CPU', 'EasyOCR English · GPU']
2026-07-12 14:42:25  INFO      [14:42:25.170] Saved to temp: C:\Users\MOHAME~1\AppData\Local\Temp\tmp6p3p62f8.jpg  size: 39447 bytes
2026-07-12 14:42:25  INFO      [14:42:25.170] Image shape: (357, 559, 3)  (H×W×C)
2026-07-12 14:42:25  INFO      [14:42:25.170] Calling run_pipeline …
2026-07-12 14:42:25  INFO      [14:42:25.170] YOLO weights: C:\Users\Mohamed Walid\Desktop\Internship\Code\runs\detect\runs\detect\english_train2\weights\best.pt
2026-07-12 14:42:25  INFO      [14:42:25.170]   [OK] Weights file exists (12043 KB)
2026-07-12 14:42:25  INFO      [14:42:25.170] YOLO → 13 box(es) detected:
2026-07-12 14:42:25  INFO      [14:42:25.170]   box[0] conf=0.6496  xyxy=[203,136,357,188]
2026-07-12 14:42:25  INFO      [14:42:25.170]   box[1] conf=0.6259  xyxy=[389,137,537,188]
2026-07-12 14:42:25  INFO      [14:42:25.170]   box[2] conf=0.5122  xyxy=[210,259,360,309]
2026-07-12 14:42:25  INFO      [14:42:25.170]   box[3] conf=0.4164  xyxy=[111,85,142,105]
2026-07-12 14:42:25  INFO      [14:42:25.170]   box[4] conf=0.3974  xyxy=[434,284,497,299]
2026-07-12 14:42:25  INFO      [14:42:25.170]   box[5] conf=0.2710  xyxy=[442,136,536,188]
2026-07-12 14:42:25  INFO      [14:42:25.170]   box[6] conf=0.2661  xyxy=[272,89,326,104]
2026-07-12 14:42:25  INFO      [14:42:25.170]   box[7] conf=0.2333  xyxy=[459,284,497,299]
2026-07-12 14:42:25  INFO      [14:42:25.170]   box[8] conf=0.2157  xyxy=[63,204,98,223]
2026-07-12 14:42:25  INFO      [14:42:25.170]   box[9] conf=0.2046  xyxy=[292,88,327,105]
2026-07-12 14:42:25  INFO      [14:42:25.170]   box[10] conf=0.1892  xyxy=[462,89,497,104]
2026-07-12 14:42:25  INFO      [14:42:25.170]   box[11] conf=0.1424  xyxy=[428,285,481,299]
2026-07-12 14:42:25  INFO      [14:42:25.170]   box[12] conf=0.1343  xyxy=[104,204,135,222]
2026-07-12 14:42:37  INFO      [14:42:25.170] Pipeline result:
2026-07-12 14:42:37  INFO      [14:42:25.170]   bbox       = (203, 136, 357, 188)
2026-07-12 14:42:37  INFO      [14:42:25.170]   confidence = 0.6495575904846191
2026-07-12 14:42:37  INFO      [14:42:25.170]   OCR [easyocr_en_cpu] = 'AT6260'
2026-07-12 14:42:37  INFO      [14:42:25.170]   OCR [easyocr_en_gpu] = 'AT6260'
2026-07-12 14:42:37  INFO      [14:42:25.170]   plate_text = 'AT6260'
2026-07-12 14:42:37  INFO      [14:42:25.170] SUCCESS: plate='AT6260'  conf=0.6495575904846191
2026-07-12 14:42:37  INFO      [14:42:25.170] ── /predict done ─────────────────────────────────
2026-07-12 14:43:19  INFO      [14:43:19.567] ── /predict request received ──────────────────────
2026-07-12 14:43:19  INFO      [14:43:19.567] File: '93.jpg'  content-type: image/jpeg
2026-07-12 14:43:19  INFO      [14:43:19.567] OCR engines requested: ['EasyOCR English · CPU', 'EasyOCR English · GPU']
2026-07-12 14:43:19  INFO      [14:43:19.567] Saved to temp: C:\Users\MOHAME~1\AppData\Local\Temp\tmpwf07mb15.jpg  size: 110752 bytes
2026-07-12 14:43:19  INFO      [14:43:19.567] Image shape: (480, 640, 3)  (H×W×C)
2026-07-12 14:43:19  INFO      [14:43:19.567] Calling run_pipeline …
2026-07-12 14:43:19  INFO      [14:43:19.567] YOLO weights: C:\Users\Mohamed Walid\Desktop\Internship\Code\runs\detect\runs\detect\english_train2\weights\best.pt
2026-07-12 14:43:19  INFO      [14:43:19.567]   [OK] Weights file exists (12043 KB)
2026-07-12 14:43:20  INFO      [14:43:19.567] YOLO → 1 box(es) detected:
2026-07-12 14:43:20  INFO      [14:43:19.567]   box[0] conf=0.8427  xyxy=[220,206,312,236]
2026-07-12 14:43:31  INFO      [14:43:19.567] Pipeline result:
2026-07-12 14:43:31  INFO      [14:43:19.567]   bbox       = (220, 206, 312, 236)
2026-07-12 14:43:31  INFO      [14:43:19.567]   confidence = 0.8426825404167175
2026-07-12 14:43:31  INFO      [14:43:19.567]   OCR [easyocr_en_cpu] = '9E9105'
2026-07-12 14:43:31  INFO      [14:43:19.567]   OCR [easyocr_en_gpu] = '9E9105'
2026-07-12 14:43:31  INFO      [14:43:19.567]   plate_text = '9E9105'
2026-07-12 14:43:31  INFO      [14:43:19.567] SUCCESS: plate='9E9105'  conf=0.8426825404167175
2026-07-12 14:43:31  INFO      [14:43:19.567] ── /predict done ─────────────────────────────────
2026-07-13 13:00:54  INFO      ============================================================
2026-07-13 13:00:54  INFO      PlateVision server starting
2026-07-13 13:00:54  INFO      Log file: C:\Users\Mohamed Walid\Desktop\Internship\Code\logs\predict.log
2026-07-13 13:00:54  INFO      ============================================================
2026-07-13 13:00:55  INFO      English pipeline weights path: C:\Users\Mohamed Walid\Desktop\Internship\Code\runs\detect\runs\detect\english_train32\weights\best.pt
2026-07-13 13:00:55  INFO        [OK] Weights file exists (12041 KB)
2026-07-13 13:00:55  INFO      Available models: ['english_train32', 'english_train2', 'english_train']
2026-07-14 20:31:28  INFO      [20:31:28.218] -- /predict request received --
2026-07-14 20:31:28  INFO      [20:31:28.218] File: 'WhatsApp Image 2026-07-06 at 03.35.26.jpeg'
2026-07-14 20:31:28  INFO      [20:31:28.218] Saved to temp: C:\Users\MOHAME~1\AppData\Local\Temp\tmpqy1szrc_.jpeg  (233908 bytes)
2026-07-14 20:32:11  INFO      [20:31:28.218] Trying 3 model(s): ['english_train32', 'english_train2', 'english_train']
2026-07-14 20:32:11  INFO      [20:31:28.218] Trying model: english_train32 (C:\Users\Mohamed Walid\Desktop\Internship\Code\runs\detect\runs\detect\english_train32\weights\best.pt)
2026-07-14 20:32:13  INFO      [20:31:28.218]   english_train32: box conf=0.612 xyxy=[438,404,996,578]
2026-07-14 20:32:26  INFO      [20:31:28.218]   english_train32: OCR result = 'FX 477 SE'
2026-07-14 20:32:26  INFO      [20:31:28.218] SUCCESS via english_train32: plate='FX 477 SE'  conf=0.612
2026-07-14 20:32:26  INFO      [20:31:28.218] -- /predict done --
2026-07-14 20:37:26  INFO      [20:37:26.390] -- /predict request received --
2026-07-14 20:37:26  INFO      [20:37:26.390] File: 'WhatsApp Image 2026-07-06 at 03.35.26.jpeg'
2026-07-14 20:37:26  INFO      [20:37:26.390] Saved to temp: C:\Users\MOHAME~1\AppData\Local\Temp\tmp4ufjv8gf.jpeg  (233908 bytes)
2026-07-14 20:37:26  INFO      [20:37:26.390] Trying 3 model(s): ['english_train32', 'english_train2', 'english_train']
2026-07-14 20:37:26  INFO      [20:37:26.390] Trying model: english_train32 (C:\Users\Mohamed Walid\Desktop\Internship\Code\runs\detect\runs\detect\english_train32\weights\best.pt)
2026-07-14 20:37:27  INFO      [20:37:26.390]   english_train32: box conf=0.612 xyxy=[438,404,996,578]
2026-07-14 20:37:39  INFO      [20:37:26.390]   english_train32: OCR result = 'FX 477 SE'
2026-07-14 20:37:39  INFO      [20:37:26.390] SUCCESS via english_train32: plate='FX 477 SE'  conf=0.612
2026-07-14 20:37:39  INFO      [20:37:26.390] -- /predict done --
2026-07-14 20:37:39  INFO      [20:37:39.917] -- /predict request received --
2026-07-14 20:37:39  INFO      [20:37:39.917] File: 'WhatsApp Image 2026-07-05 at 13.34.21.jpeg'
2026-07-14 20:37:39  INFO      [20:37:39.917] Saved to temp: C:\Users\MOHAME~1\AppData\Local\Temp\tmpjan4x9fd.jpeg  (160314 bytes)
2026-07-14 20:37:39  INFO      [20:37:39.917] Trying 3 model(s): ['english_train32', 'english_train2', 'english_train']
2026-07-14 20:37:39  INFO      [20:37:39.917] Trying model: english_train32 (C:\Users\Mohamed Walid\Desktop\Internship\Code\runs\detect\runs\detect\english_train32\weights\best.pt)
2026-07-14 20:37:41  INFO      [20:37:39.917]   english_train32: no boxes — skipping
2026-07-14 20:37:41  INFO      [20:37:39.917] Trying model: english_train2 (C:\Users\Mohamed Walid\Desktop\Internship\Code\runs\detect\runs\detect\english_train2\weights\best.pt)
2026-07-14 20:37:43  INFO      [20:37:39.917]   english_train2: no boxes — skipping
2026-07-14 20:37:43  INFO      [20:37:39.917] Trying model: english_train (C:\Users\Mohamed Walid\Desktop\Internship\Code\runs\detect\runs\detect\english_train\weights\best.pt)
2026-07-14 20:37:44  INFO      [20:37:39.917]   english_train: no boxes — skipping
2026-07-14 20:37:44  WARNING   [20:37:39.917] FAIL: no model detected a plate
2026-07-14 20:37:44  INFO      [20:37:39.917] -- /predict done --
2026-07-14 21:31:53  INFO      [21:31:53.969] -- /predict request received --
2026-07-14 21:31:53  INFO      [21:31:53.969] File: 'WhatsApp Image 2026-07-06 at 03.35.26.jpeg'
2026-07-14 21:31:53  INFO      [21:31:53.969] Saved to temp: C:\Users\MOHAME~1\AppData\Local\Temp\tmppe4xo59r.jpeg  (233908 bytes)
2026-07-14 21:31:53  INFO      [21:31:53.969] Trying 3 model(s): ['english_train32', 'english_train2', 'english_train']
2026-07-14 21:31:53  INFO      [21:31:53.969] Trying model: english_train32 (C:\Users\Mohamed Walid\Desktop\Internship\Code\runs\detect\runs\detect\english_train32\weights\best.pt)
2026-07-14 21:31:55  INFO      [21:31:53.969]   english_train32: box conf=0.612 xyxy=[438,404,996,578]
2026-07-14 21:32:09  INFO      [21:31:53.969]   english_train32: OCR result = 'FX 477 SE'
2026-07-14 21:32:09  INFO      [21:31:53.969] SUCCESS via english_train32: plate='FX 477 SE'  conf=0.612
2026-07-14 21:32:09  INFO      [21:31:53.969] -- /predict done --
2026-07-14 21:32:09  INFO      [21:32:09.540] -- /predict request received --
2026-07-14 21:32:09  INFO      [21:32:09.540] File: 'WhatsApp Image 2026-07-05 at 13.34.21.jpeg'
2026-07-14 21:32:09  INFO      [21:32:09.540] Saved to temp: C:\Users\MOHAME~1\AppData\Local\Temp\tmpdcb6xc7u.jpeg  (160314 bytes)
2026-07-14 21:32:09  INFO      [21:32:09.540] Trying 3 model(s): ['english_train32', 'english_train2', 'english_train']
2026-07-14 21:32:09  INFO      [21:32:09.540] Trying model: english_train32 (C:\Users\Mohamed Walid\Desktop\Internship\Code\runs\detect\runs\detect\english_train32\weights\best.pt)
2026-07-14 21:32:11  INFO      [21:32:09.540]   english_train32: no boxes — skipping
2026-07-14 21:32:11  INFO      [21:32:09.540] Trying model: english_train2 (C:\Users\Mohamed Walid\Desktop\Internship\Code\runs\detect\runs\detect\english_train2\weights\best.pt)
2026-07-14 21:32:12  INFO      [21:32:09.540]   english_train2: no boxes — skipping
2026-07-14 21:32:12  INFO      [21:32:09.540] Trying model: english_train (C:\Users\Mohamed Walid\Desktop\Internship\Code\runs\detect\runs\detect\english_train\weights\best.pt)
2026-07-14 21:32:14  INFO      [21:32:09.540]   english_train: no boxes — skipping
2026-07-14 21:32:14  WARNING   [21:32:09.540] FAIL: no model detected a plate
2026-07-14 21:32:14  INFO      [21:32:09.540] -- /predict done --
2026-07-14 21:32:15  INFO      [21:32:15.323] -- /predict request received --
2026-07-14 21:32:15  INFO      [21:32:15.323] File: 'images.jpg'
2026-07-14 21:32:15  INFO      [21:32:15.323] Saved to temp: C:\Users\MOHAME~1\AppData\Local\Temp\tmpxtjvd7xx.jpg  (26688 bytes)
2026-07-14 21:32:15  INFO      [21:32:15.323] Trying 3 model(s): ['english_train32', 'english_train2', 'english_train']
2026-07-14 21:32:15  INFO      [21:32:15.323] Trying model: english_train32 (C:\Users\Mohamed Walid\Desktop\Internship\Code\runs\detect\runs\detect\english_train32\weights\best.pt)
2026-07-14 21:32:16  INFO      [21:32:15.323]   english_train32: no boxes — skipping
2026-07-14 21:32:16  INFO      [21:32:15.323] Trying model: english_train2 (C:\Users\Mohamed Walid\Desktop\Internship\Code\runs\detect\runs\detect\english_train2\weights\best.pt)
2026-07-14 21:32:17  INFO      [21:32:15.323]   english_train2: no boxes — skipping
2026-07-14 21:32:17  INFO      [21:32:15.323] Trying model: english_train (C:\Users\Mohamed Walid\Desktop\Internship\Code\runs\detect\runs\detect\english_train\weights\best.pt)
2026-07-14 21:32:19  INFO      [21:32:15.323]   english_train: no boxes — skipping
2026-07-14 21:32:19  WARNING   [21:32:15.323] FAIL: no model detected a plate
2026-07-14 21:32:19  INFO      [21:32:15.323] -- /predict done --
2026-07-14 21:33:15  INFO      [21:33:15.693] -- /predict request received --
2026-07-14 21:33:15  INFO      [21:33:15.693] File: 'WhatsApp Image 2026-07-06 at 03.35.26.jpeg'
2026-07-14 21:33:15  INFO      [21:33:15.693] Saved to temp: C:\Users\MOHAME~1\AppData\Local\Temp\tmpwsvmdz4r.jpeg  (233908 bytes)
2026-07-14 21:33:15  INFO      [21:33:15.693] Trying 3 model(s): ['english_train32', 'english_train2', 'english_train']
2026-07-14 21:33:15  INFO      [21:33:15.693] Trying model: english_train32 (C:\Users\Mohamed Walid\Desktop\Internship\Code\runs\detect\runs\detect\english_train32\weights\best.pt)
2026-07-14 21:33:17  INFO      [21:33:15.693]   english_train32: box conf=0.612 xyxy=[438,404,996,578]
2026-07-14 21:33:31  INFO      [21:33:15.693]   english_train32: OCR result = 'FX 477 SE'
2026-07-14 21:33:31  INFO      [21:33:15.693] SUCCESS via english_train32: plate='FX 477 SE'  conf=0.612
2026-07-14 21:33:31  INFO      [21:33:15.693] -- /predict done --
2026-07-14 21:33:32  INFO      [21:33:32.000] -- /predict request received --
2026-07-14 21:33:32  INFO      [21:33:32.000] File: 'WhatsApp Image 2026-07-05 at 13.34.21.jpeg'
2026-07-14 21:33:32  INFO      [21:33:32.000] Saved to temp: C:\Users\MOHAME~1\AppData\Local\Temp\tmpnnyafm8k.jpeg  (160314 bytes)
2026-07-14 21:33:32  INFO      [21:33:32.000] Trying 3 model(s): ['english_train32', 'english_train2', 'english_train']
2026-07-14 21:33:32  INFO      [21:33:32.000] Trying model: english_train32 (C:\Users\Mohamed Walid\Desktop\Internship\Code\runs\detect\runs\detect\english_train32\weights\best.pt)
2026-07-14 21:33:33  INFO      [21:33:32.000]   english_train32: no boxes — skipping
2026-07-14 21:33:33  INFO      [21:33:32.000] Trying model: english_train2 (C:\Users\Mohamed Walid\Desktop\Internship\Code\runs\detect\runs\detect\english_train2\weights\best.pt)
2026-07-14 21:33:36  INFO      [21:33:32.000]   english_train2: no boxes — skipping
2026-07-14 21:33:36  INFO      [21:33:32.000] Trying model: english_train (C:\Users\Mohamed Walid\Desktop\Internship\Code\runs\detect\runs\detect\english_train\weights\best.pt)
2026-07-14 21:33:38  INFO      [21:33:32.000]   english_train: no boxes — skipping
2026-07-14 21:33:38  WARNING   [21:33:32.000] FAIL: no model detected a plate
2026-07-14 21:33:38  INFO      [21:33:32.000] -- /predict done --
2026-07-14 21:33:38  INFO      [21:33:38.182] -- /predict request received --
2026-07-14 21:33:38  INFO      [21:33:38.182] File: 'images.jpg'
2026-07-14 21:33:38  INFO      [21:33:38.182] Saved to temp: C:\Users\MOHAME~1\AppData\Local\Temp\tmp1rvwqwf2.jpg  (26688 bytes)
2026-07-14 21:33:38  INFO      [21:33:38.182] Trying 3 model(s): ['english_train32', 'english_train2', 'english_train']
2026-07-14 21:33:38  INFO      [21:33:38.182] Trying model: english_train32 (C:\Users\Mohamed Walid\Desktop\Internship\Code\runs\detect\runs\detect\english_train32\weights\best.pt)
2026-07-14 21:33:40  INFO      [21:33:38.182]   english_train32: no boxes — skipping
2026-07-14 21:33:40  INFO      [21:33:38.182] Trying model: english_train2 (C:\Users\Mohamed Walid\Desktop\Internship\Code\runs\detect\runs\detect\english_train2\weights\best.pt)
2026-07-14 21:33:41  INFO      [21:33:38.182]   english_train2: no boxes — skipping
2026-07-14 21:33:41  INFO      [21:33:38.182] Trying model: english_train (C:\Users\Mohamed Walid\Desktop\Internship\Code\runs\detect\runs\detect\english_train\weights\best.pt)
2026-07-14 21:33:42  INFO      [21:33:38.182]   english_train: no boxes — skipping
2026-07-14 21:33:42  WARNING   [21:33:38.182] FAIL: no model detected a plate
2026-07-14 21:33:42  INFO      [21:33:38.182] -- /predict done --
2026-07-14 21:33:43  INFO      [21:33:43.173] -- /predict request received --
2026-07-14 21:33:43  INFO      [21:33:43.173] File: 'WhatsApp Image 2026-07-05 at 13.34.21 (1).jpeg'
2026-07-14 21:33:43  INFO      [21:33:43.173] Saved to temp: C:\Users\MOHAME~1\AppData\Local\Temp\tmpr4d5jue6.jpeg  (186812 bytes)
2026-07-14 21:33:43  INFO      [21:33:43.173] Trying 3 model(s): ['english_train32', 'english_train2', 'english_train']
2026-07-14 21:33:43  INFO      [21:33:43.173] Trying model: english_train32 (C:\Users\Mohamed Walid\Desktop\Internship\Code\runs\detect\runs\detect\english_train32\weights\best.pt)
2026-07-14 21:33:44  INFO      [21:33:43.173]   english_train32: no boxes — skipping
2026-07-14 21:33:44  INFO      [21:33:43.173] Trying model: english_train2 (C:\Users\Mohamed Walid\Desktop\Internship\Code\runs\detect\runs\detect\english_train2\weights\best.pt)
2026-07-14 21:33:46  INFO      [21:33:43.173]   english_train2: no boxes — skipping
2026-07-14 21:33:46  INFO      [21:33:43.173] Trying model: english_train (C:\Users\Mohamed Walid\Desktop\Internship\Code\runs\detect\runs\detect\english_train\weights\best.pt)
2026-07-14 21:33:48  INFO      [21:33:43.173]   english_train: no boxes — skipping
2026-07-14 21:33:48  WARNING   [21:33:43.173] FAIL: no model detected a plate
2026-07-14 21:33:48  INFO      [21:33:43.173] -- /predict done --
2026-07-14 21:33:48  INFO      [21:33:48.747] -- /predict request received --
2026-07-14 21:33:48  INFO      [21:33:48.747] File: 'WhatsApp Image 2026-07-05 at 13.34.29 (1).jpeg'
2026-07-14 21:33:48  INFO      [21:33:48.747] Saved to temp: C:\Users\MOHAME~1\AppData\Local\Temp\tmp55x4fws1.jpeg  (141781 bytes)
2026-07-14 21:33:48  INFO      [21:33:48.747] Trying 3 model(s): ['english_train32', 'english_train2', 'english_train']
2026-07-14 21:33:48  INFO      [21:33:48.747] Trying model: english_train32 (C:\Users\Mohamed Walid\Desktop\Internship\Code\runs\detect\runs\detect\english_train32\weights\best.pt)
2026-07-14 21:33:49  INFO      [21:33:48.747]   english_train32: no boxes — skipping
2026-07-14 21:33:49  INFO      [21:33:48.747] Trying model: english_train2 (C:\Users\Mohamed Walid\Desktop\Internship\Code\runs\detect\runs\detect\english_train2\weights\best.pt)
2026-07-14 21:33:51  INFO      [21:33:48.747]   english_train2: no boxes — skipping
2026-07-14 21:33:51  INFO      [21:33:48.747] Trying model: english_train (C:\Users\Mohamed Walid\Desktop\Internship\Code\runs\detect\runs\detect\english_train\weights\best.pt)
2026-07-14 21:33:52  INFO      [21:33:48.747]   english_train: no boxes — skipping
2026-07-14 21:33:52  WARNING   [21:33:48.747] FAIL: no model detected a plate
2026-07-14 21:33:52  INFO      [21:33:48.747] -- /predict done --
2026-07-14 21:38:35  INFO      [21:38:35.892] -- /predict request received --
2026-07-14 21:38:35  INFO      [21:38:35.892] File: 'WhatsApp Image 2026-07-06 at 03.35.26.jpeg'
2026-07-14 21:38:35  INFO      [21:38:35.892] Saved to temp: C:\Users\MOHAME~1\AppData\Local\Temp\tmpmbmwkv2a.jpeg  (233908 bytes)
2026-07-14 21:38:35  INFO      [21:38:35.892] Trying 3 model(s): ['english_train32', 'english_train2', 'english_train']
2026-07-14 21:38:35  INFO      [21:38:35.892] Trying model: english_train32 (C:\Users\Mohamed Walid\Desktop\Internship\Code\runs\detect\runs\detect\english_train32\weights\best.pt)
2026-07-14 21:38:37  INFO      [21:38:35.892]   english_train32: box conf=0.612 xyxy=[438,404,996,578]
2026-07-14 21:38:51  INFO      [21:38:35.892]   english_train32: OCR result = 'FX 477 SE'
2026-07-14 21:38:52  INFO      [21:38:35.892] SUCCESS via english_train32: plate='FX 477 SE'  conf=0.612
2026-07-14 21:38:52  INFO      [21:38:35.892] -- /predict done --
2026-07-14 21:39:00  INFO      [21:39:00.728] -- /predict request received --
2026-07-14 21:39:00  INFO      [21:39:00.728] File: 'product_11443651s.jpg'
2026-07-14 21:39:00  INFO      [21:39:00.728] Saved to temp: C:\Users\MOHAME~1\AppData\Local\Temp\tmprpief86b.jpg  (19448 bytes)
2026-07-14 21:39:00  INFO      [21:39:00.728] Trying 3 model(s): ['english_train32', 'english_train2', 'english_train']
2026-07-14 21:39:00  INFO      [21:39:00.728] Trying model: english_train32 (C:\Users\Mohamed Walid\Desktop\Internship\Code\runs\detect\runs\detect\english_train32\weights\best.pt)
2026-07-14 21:39:01  INFO      [21:39:00.728]   english_train32: box conf=0.436 xyxy=[339,238,399,284]
2026-07-14 21:39:12  INFO      [21:39:00.728]   english_train32: OCR result = 'TEXT'
2026-07-14 21:39:12  INFO      [21:39:00.728] SUCCESS via english_train32: plate='TEXT'  conf=0.436
2026-07-14 21:39:12  INFO      [21:39:00.728] -- /predict done --
2026-07-14 21:41:03  INFO      [21:41:03.204] -- /predict request received --
2026-07-14 21:41:03  INFO      [21:41:03.204] File: 'product_11443651sf.jpg'
2026-07-14 21:41:03  INFO      [21:41:03.204] Saved to temp: C:\Users\MOHAME~1\AppData\Local\Temp\tmpdt6vpo34.jpg  (15264 bytes)
2026-07-14 21:41:03  INFO      [21:41:03.204] Trying 3 model(s): ['english_train32', 'english_train2', 'english_train']
2026-07-14 21:41:03  INFO      [21:41:03.204] Trying model: english_train32 (C:\Users\Mohamed Walid\Desktop\Internship\Code\runs\detect\runs\detect\english_train32\weights\best.pt)
2026-07-14 21:41:04  INFO      [21:41:03.204]   english_train32: box conf=0.360 xyxy=[2,98,466,197]
2026-07-14 21:41:14  INFO      [21:41:03.204]   english_train32: OCR result = '8212 HKT'
2026-07-14 21:41:14  INFO      [21:41:03.204] SUCCESS via english_train32: plate='8212 HKT'  conf=0.360
2026-07-14 21:41:14  INFO      [21:41:03.204] -- /predict done --
2026-07-14 21:48:42  INFO      [21:48:42.788] -- /predict request received --
2026-07-14 21:48:42  INFO      [21:48:42.788] File: '2c443f00f0a8daab895d4cb3b16435db.jpg'
2026-07-14 21:48:42  INFO      [21:48:42.788] Saved to temp: C:\Users\MOHAME~1\AppData\Local\Temp\tmpy0cvptmb.jpg  (25633 bytes)
2026-07-14 21:48:42  INFO      [21:48:42.788] Trying 3 model(s): ['english_train32', 'english_train2', 'english_train']
2026-07-14 21:48:42  INFO      [21:48:42.788] Trying model: english_train32 (C:\Users\Mohamed Walid\Desktop\Internship\Code\runs\detect\runs\detect\english_train32\weights\best.pt)
2026-07-14 21:48:44  INFO      [21:48:42.788]   english_train32: no boxes — skipping
2026-07-14 21:48:44  INFO      [21:48:42.788] Trying model: english_train2 (C:\Users\Mohamed Walid\Desktop\Internship\Code\runs\detect\runs\detect\english_train2\weights\best.pt)
2026-07-14 21:48:45  INFO      [21:48:42.788]   english_train2: no boxes — skipping
2026-07-14 21:48:45  INFO      [21:48:42.788] Trying model: english_train (C:\Users\Mohamed Walid\Desktop\Internship\Code\runs\detect\runs\detect\english_train\weights\best.pt)
2026-07-14 21:48:47  INFO      [21:48:42.788]   english_train: no boxes — skipping
2026-07-14 21:48:47  WARNING   [21:48:42.788] FAIL: no model detected a plate
2026-07-14 21:48:47  INFO      [21:48:42.788] -- /predict done --
2026-07-14 21:48:47  INFO      [21:48:47.578] -- /predict request received --
2026-07-14 21:48:47  INFO      [21:48:47.578] File: 'd643ae223d71b7e239af59afd16cc6c0.jpg'
2026-07-14 21:48:47  INFO      [21:48:47.578] Saved to temp: C:\Users\MOHAME~1\AppData\Local\Temp\tmpcz7_t1fu.jpg  (55396 bytes)
2026-07-14 21:48:47  INFO      [21:48:47.578] Trying 3 model(s): ['english_train32', 'english_train2', 'english_train']
2026-07-14 21:48:47  INFO      [21:48:47.578] Trying model: english_train32 (C:\Users\Mohamed Walid\Desktop\Internship\Code\runs\detect\runs\detect\english_train32\weights\best.pt)
2026-07-14 21:48:48  INFO      [21:48:47.578]   english_train32: no boxes — skipping
2026-07-14 21:48:48  INFO      [21:48:47.578] Trying model: english_train2 (C:\Users\Mohamed Walid\Desktop\Internship\Code\runs\detect\runs\detect\english_train2\weights\best.pt)
2026-07-14 21:48:50  INFO      [21:48:47.578]   english_train2: no boxes — skipping
2026-07-14 21:48:50  INFO      [21:48:47.578] Trying model: english_train (C:\Users\Mohamed Walid\Desktop\Internship\Code\runs\detect\runs\detect\english_train\weights\best.pt)
2026-07-14 21:48:51  INFO      [21:48:47.578]   english_train: no boxes — skipping
2026-07-14 21:48:51  WARNING   [21:48:47.578] FAIL: no model detected a plate
2026-07-14 21:48:51  INFO      [21:48:47.578] -- /predict done --
2026-07-14 21:48:51  INFO      [21:48:51.593] -- /predict request received --
2026-07-14 21:48:51  INFO      [21:48:51.593] File: '5ca4c4620e4b2d65de49217b2db84350.jpg'
2026-07-14 21:48:51  INFO      [21:48:51.593] Saved to temp: C:\Users\MOHAME~1\AppData\Local\Temp\tmpfwk1ub3n.jpg  (57410 bytes)
2026-07-14 21:48:51  INFO      [21:48:51.593] Trying 3 model(s): ['english_train32', 'english_train2', 'english_train']
2026-07-14 21:48:51  INFO      [21:48:51.593] Trying model: english_train32 (C:\Users\Mohamed Walid\Desktop\Internship\Code\runs\detect\runs\detect\english_train32\weights\best.pt)
2026-07-14 21:48:52  INFO      [21:48:51.593]   english_train32: box conf=0.176 xyxy=[40,172,157,265]
2026-07-14 21:49:03  INFO      [21:48:51.593]   english_train32: OCR result = 'FIN'
2026-07-14 21:49:03  INFO      [21:48:51.593] SUCCESS via english_train32: plate='FIN'  conf=0.176
2026-07-14 21:49:03  INFO      [21:48:51.593] -- /predict done --
2026-07-14 21:49:04  INFO      [21:49:04.110] -- /predict request received --
2026-07-14 21:49:04  INFO      [21:49:04.110] File: 'wallers-france-03-07-2026-260nw-2758579573.webp'
2026-07-14 21:49:04  INFO      [21:49:04.110] Saved to temp: C:\Users\MOHAME~1\AppData\Local\Temp\tmppe8_xhk0.webp  (37546 bytes)
2026-07-14 21:49:04  INFO      [21:49:04.110] Trying 3 model(s): ['english_train32', 'english_train2', 'english_train']
2026-07-14 21:49:04  INFO      [21:49:04.110] Trying model: english_train32 (C:\Users\Mohamed Walid\Desktop\Internship\Code\runs\detect\runs\detect\english_train32\weights\best.pt)
2026-07-14 21:49:05  INFO      [21:49:04.110]   english_train32: no boxes — skipping
2026-07-14 21:49:05  INFO      [21:49:04.110] Trying model: english_train2 (C:\Users\Mohamed Walid\Desktop\Internship\Code\runs\detect\runs\detect\english_train2\weights\best.pt)
2026-07-14 21:49:07  INFO      [21:49:04.110]   english_train2: no boxes — skipping
2026-07-14 21:49:07  INFO      [21:49:04.110] Trying model: english_train (C:\Users\Mohamed Walid\Desktop\Internship\Code\runs\detect\runs\detect\english_train\weights\best.pt)
2026-07-14 21:49:08  INFO      [21:49:04.110]   english_train: no boxes — skipping
2026-07-14 21:49:08  WARNING   [21:49:04.110] FAIL: no model detected a plate
2026-07-14 21:49:08  INFO      [21:49:04.110] -- /predict done --
2026-07-14 21:49:08  INFO      [21:49:08.327] -- /predict request received --
2026-07-14 21:49:08  INFO      [21:49:08.327] File: 'images (1).jpg'
2026-07-14 21:49:08  INFO      [21:49:08.327] Saved to temp: C:\Users\MOHAME~1\AppData\Local\Temp\tmp8s2yg96b.jpg  (33059 bytes)
2026-07-14 21:49:08  INFO      [21:49:08.327] Trying 3 model(s): ['english_train32', 'english_train2', 'english_train']
2026-07-14 21:49:08  INFO      [21:49:08.327] Trying model: english_train32 (C:\Users\Mohamed Walid\Desktop\Internship\Code\runs\detect\runs\detect\english_train32\weights\best.pt)
2026-07-14 21:49:10  INFO      [21:49:08.327]   english_train32: box conf=0.819 xyxy=[167,252,248,284]
2026-07-14 21:49:21  INFO      [21:49:08.327]   english_train32: OCR result = 'GDSKUL'
2026-07-14 21:49:21  INFO      [21:49:08.327] SUCCESS via english_train32: plate='GDSKUL'  conf=0.819
2026-07-14 21:49:21  INFO      [21:49:08.327] -- /predict done --
2026-07-14 22:01:42  INFO      [22:01:42.948] -- /predict request received --
2026-07-14 22:01:42  INFO      [22:01:42.948] File: 'filename_prefix_00006_.png'
2026-07-14 22:01:42  INFO      [22:01:42.948] Saved to temp: C:\Users\MOHAME~1\AppData\Local\Temp\tmpuzd6kg5s.png  (781388 bytes)
2026-07-14 22:01:42  INFO      [22:01:42.948] Trying 3 model(s): ['english_train32', 'english_train2', 'english_train']
2026-07-14 22:01:42  INFO      [22:01:42.948] Trying model: english_train32 (C:\Users\Mohamed Walid\Desktop\Internship\Code\runs\detect\runs\detect\english_train32\weights\best.pt)
2026-07-14 22:01:44  INFO      [22:01:42.948]   english_train32: no boxes — skipping
2026-07-14 22:01:44  INFO      [22:01:42.948] Trying model: english_train2 (C:\Users\Mohamed Walid\Desktop\Internship\Code\runs\detect\runs\detect\english_train2\weights\best.pt)
2026-07-14 22:01:45  INFO      [22:01:42.948]   english_train2: no boxes — skipping
2026-07-14 22:01:45  INFO      [22:01:42.948] Trying model: english_train (C:\Users\Mohamed Walid\Desktop\Internship\Code\runs\detect\runs\detect\english_train\weights\best.pt)
2026-07-14 22:01:47  INFO      [22:01:42.948]   english_train: no boxes — skipping
2026-07-14 22:01:47  WARNING   [22:01:42.948] FAIL: no model detected a plate
2026-07-14 22:01:47  INFO      [22:01:42.948] -- /predict done --
2026-07-14 22:01:48  INFO      [22:01:48.072] -- /predict request received --
2026-07-14 22:01:48  INFO      [22:01:48.072] File: 'filename_prefix_00007_.png'
2026-07-14 22:01:48  INFO      [22:01:48.072] Saved to temp: C:\Users\MOHAME~1\AppData\Local\Temp\tmp_nttpda1.png  (721782 bytes)
2026-07-14 22:01:48  INFO      [22:01:48.072] Trying 3 model(s): ['english_train32', 'english_train2', 'english_train']
2026-07-14 22:01:48  INFO      [22:01:48.072] Trying model: english_train32 (C:\Users\Mohamed Walid\Desktop\Internship\Code\runs\detect\runs\detect\english_train32\weights\best.pt)
2026-07-14 22:01:49  INFO      [22:01:48.072]   english_train32: no boxes — skipping
2026-07-14 22:01:49  INFO      [22:01:48.072] Trying model: english_train2 (C:\Users\Mohamed Walid\Desktop\Internship\Code\runs\detect\runs\detect\english_train2\weights\best.pt)
2026-07-14 22:01:51  INFO      [22:01:48.072]   english_train2: no boxes — skipping
2026-07-14 22:01:51  INFO      [22:01:48.072] Trying model: english_train (C:\Users\Mohamed Walid\Desktop\Internship\Code\runs\detect\runs\detect\english_train\weights\best.pt)
2026-07-14 22:01:53  INFO      [22:01:48.072]   english_train: no boxes — skipping
2026-07-14 22:01:53  WARNING   [22:01:48.072] FAIL: no model detected a plate
2026-07-14 22:01:53  INFO      [22:01:48.072] -- /predict done --
2026-07-14 22:01:53  INFO      [22:01:53.810] -- /predict request received --
2026-07-14 22:01:53  INFO      [22:01:53.810] File: 'filename_prefix_00008_.png'
2026-07-14 22:01:53  INFO      [22:01:53.810] Saved to temp: C:\Users\MOHAME~1\AppData\Local\Temp\tmpxvo_bpwo.png  (2698787 bytes)
2026-07-14 22:01:53  INFO      [22:01:53.810] Trying 3 model(s): ['english_train32', 'english_train2', 'english_train']
2026-07-14 22:01:53  INFO      [22:01:53.810] Trying model: english_train32 (C:\Users\Mohamed Walid\Desktop\Internship\Code\runs\detect\runs\detect\english_train32\weights\best.pt)
2026-07-14 22:01:55  INFO      [22:01:53.810]   english_train32: box conf=0.171 xyxy=[785,767,953,831]
2026-07-14 22:02:05  INFO      [22:01:53.810]   english_train32: OCR result = 'C 5897'
2026-07-14 22:02:06  INFO      [22:01:53.810] SUCCESS via english_train32: plate='C 5897'  conf=0.171
2026-07-14 22:02:06  INFO      [22:01:53.810] -- /predict done --
2026-07-14 22:02:06  INFO      [22:02:06.575] -- /predict request received --
2026-07-14 22:02:06  INFO      [22:02:06.575] File: 'filename_prefix_00009_.png'
2026-07-14 22:02:06  INFO      [22:02:06.575] Saved to temp: C:\Users\MOHAME~1\AppData\Local\Temp\tmpqgw_09ou.png  (1898627 bytes)
2026-07-14 22:02:06  INFO      [22:02:06.575] Trying 3 model(s): ['english_train32', 'english_train2', 'english_train']
2026-07-14 22:02:06  INFO      [22:02:06.575] Trying model: english_train32 (C:\Users\Mohamed Walid\Desktop\Internship\Code\runs\detect\runs\detect\english_train32\weights\best.pt)
2026-07-14 22:02:08  INFO      [22:02:06.575]   english_train32: box conf=0.805 xyxy=[972,1032,1120,1075]
2026-07-14 22:02:18  INFO      [22:02:06.575]   english_train32: OCR result = 'KE W3634'
2026-07-14 22:02:18  INFO      [22:02:06.575] SUCCESS via english_train32: plate='KE W3634'  conf=0.805
2026-07-14 22:02:18  INFO      [22:02:06.575] -- /predict done --
2026-07-14 22:02:18  INFO      [22:02:18.783] -- /predict request received --
2026-07-14 22:02:18  INFO      [22:02:18.783] File: 'filename_prefix_00010_.png'
2026-07-14 22:02:18  INFO      [22:02:18.783] Saved to temp: C:\Users\MOHAME~1\AppData\Local\Temp\tmpu2lny_nz.png  (1252904 bytes)
2026-07-14 22:02:18  INFO      [22:02:18.783] Trying 3 model(s): ['english_train32', 'english_train2', 'english_train']
2026-07-14 22:02:18  INFO      [22:02:18.783] Trying model: english_train32 (C:\Users\Mohamed Walid\Desktop\Internship\Code\runs\detect\runs\detect\english_train32\weights\best.pt)
2026-07-14 22:02:20  INFO      [22:02:18.783]   english_train32: box conf=0.647 xyxy=[498,543,632,569]
2026-07-14 22:02:31  INFO      [22:02:18.783]   english_train32: OCR result = 'HETU- 1222'
2026-07-14 22:02:31  INFO      [22:02:18.783] SUCCESS via english_train32: plate='HETU- 1222'  conf=0.647
2026-07-14 22:02:31  INFO      [22:02:18.783] -- /predict done --
2026-07-14 22:02:32  INFO      [22:02:32.053] -- /predict request received --
2026-07-14 22:02:32  INFO      [22:02:32.053] File: 'filename_prefix_00011_.png'
2026-07-14 22:02:32  INFO      [22:02:32.053] Saved to temp: C:\Users\MOHAME~1\AppData\Local\Temp\tmpdcjgjw12.png  (762679 bytes)
2026-07-14 22:02:32  INFO      [22:02:32.053] Trying 3 model(s): ['english_train32', 'english_train2', 'english_train']
2026-07-14 22:02:32  INFO      [22:02:32.053] Trying model: english_train32 (C:\Users\Mohamed Walid\Desktop\Internship\Code\runs\detect\runs\detect\english_train32\weights\best.pt)
2026-07-14 22:02:33  INFO      [22:02:32.053]   english_train32: box conf=0.805 xyxy=[682,509,788,538]
2026-07-14 22:02:44  INFO      [22:02:32.053]   english_train32: OCR result = 'KOXQPBZ'
2026-07-14 22:02:44  INFO      [22:02:32.053] SUCCESS via english_train32: plate='KOXQPBZ'  conf=0.805
2026-07-14 22:02:44  INFO      [22:02:32.053] -- /predict done --
2026-07-14 22:02:45  INFO      [22:02:45.007] -- /predict request received --
2026-07-14 22:02:45  INFO      [22:02:45.007] File: 'filename_prefix_00012_.png'
2026-07-14 22:02:45  INFO      [22:02:45.007] Saved to temp: C:\Users\MOHAME~1\AppData\Local\Temp\tmpf_cipfsq.png  (1669558 bytes)
2026-07-14 22:02:45  INFO      [22:02:45.007] Trying 3 model(s): ['english_train32', 'english_train2', 'english_train']
2026-07-14 22:02:45  INFO      [22:02:45.007] Trying model: english_train32 (C:\Users\Mohamed Walid\Desktop\Internship\Code\runs\detect\runs\detect\english_train32\weights\best.pt)
2026-07-14 22:02:46  INFO      [22:02:45.007]   english_train32: box conf=0.505 xyxy=[771,1138,894,1182]
2026-07-14 22:02:57  INFO      [22:02:45.007]   english_train32: OCR result = 'MBS D'
2026-07-14 22:02:57  INFO      [22:02:45.007] SUCCESS via english_train32: plate='MBS D'  conf=0.505
2026-07-14 22:02:57  INFO      [22:02:45.007] -- /predict done --
2026-07-14 22:02:57  INFO      [22:02:57.730] -- /predict request received --
2026-07-14 22:02:57  INFO      [22:02:57.730] File: 'filename_prefix_00013_.png'
2026-07-14 22:02:57  INFO      [22:02:57.730] Saved to temp: C:\Users\MOHAME~1\AppData\Local\Temp\tmpv6pkloae.png  (929646 bytes)
2026-07-14 22:02:57  INFO      [22:02:57.730] Trying 3 model(s): ['english_train32', 'english_train2', 'english_train']
2026-07-14 22:02:57  INFO      [22:02:57.730] Trying model: english_train32 (C:\Users\Mohamed Walid\Desktop\Internship\Code\runs\detect\runs\detect\english_train32\weights\best.pt)
2026-07-14 22:02:59  INFO      [22:02:57.730]   english_train32: box conf=0.752 xyxy=[501,703,601,736]
2026-07-14 22:03:09  INFO      [22:02:57.730]   english_train32: OCR result = '1999'
2026-07-14 22:03:09  INFO      [22:02:57.730] SUCCESS via english_train32: plate='1999'  conf=0.752
2026-07-14 22:03:09  INFO      [22:02:57.730] -- /predict done --
2026-07-14 22:03:10  INFO      [22:03:10.170] -- /predict request received --
2026-07-14 22:03:10  INFO      [22:03:10.170] File: 'filename_prefix_00014_.png'
2026-07-14 22:03:10  INFO      [22:03:10.170] Saved to temp: C:\Users\MOHAME~1\AppData\Local\Temp\tmpe8cf2t_x.png  (796836 bytes)
2026-07-14 22:03:10  INFO      [22:03:10.170] Trying 3 model(s): ['english_train32', 'english_train2', 'english_train']
2026-07-14 22:03:10  INFO      [22:03:10.170] Trying model: english_train32 (C:\Users\Mohamed Walid\Desktop\Internship\Code\runs\detect\runs\detect\english_train32\weights\best.pt)
2026-07-14 22:03:11  INFO      [22:03:10.170]   english_train32: box conf=0.803 xyxy=[413,764,548,800]
2026-07-14 22:03:22  INFO      [22:03:10.170]   english_train32: OCR result = 'LUKM2336'
2026-07-14 22:03:22  INFO      [22:03:10.170] SUCCESS via english_train32: plate='LUKM2336'  conf=0.803
2026-07-14 22:03:22  INFO      [22:03:10.170] -- /predict done --
2026-07-14 22:03:23  INFO      [22:03:23.415] -- /predict request received --
2026-07-14 22:03:23  INFO      [22:03:23.415] File: 'filename_prefix_00015_.png'
2026-07-14 22:03:23  INFO      [22:03:23.415] Saved to temp: C:\Users\MOHAME~1\AppData\Local\Temp\tmpb91i66nq.png  (3191075 bytes)
2026-07-14 22:03:23  INFO      [22:03:23.415] Trying 3 model(s): ['english_train32', 'english_train2', 'english_train']
2026-07-14 22:03:23  INFO      [22:03:23.415] Trying model: english_train32 (C:\Users\Mohamed Walid\Desktop\Internship\Code\runs\detect\runs\detect\english_train32\weights\best.pt)
2026-07-14 22:03:25  INFO      [22:03:23.415]   english_train32: box conf=0.670 xyxy=[833,1014,1012,1069]
2026-07-14 22:03:36  INFO      [22:03:23.415]   english_train32: OCR result = 'T41222'
2026-07-14 22:03:36  INFO      [22:03:23.415] SUCCESS via english_train32: plate='T41222'  conf=0.670
2026-07-14 22:03:36  INFO      [22:03:23.415] -- /predict done --
2026-07-14 22:03:36  INFO      [22:03:36.787] -- /predict request received --
2026-07-14 22:03:36  INFO      [22:03:36.787] File: 'filename_prefix_00016_.png'
2026-07-14 22:03:36  INFO      [22:03:36.787] Saved to temp: C:\Users\MOHAME~1\AppData\Local\Temp\tmpt0gwt3k5.png  (966554 bytes)
2026-07-14 22:03:36  INFO      [22:03:36.787] Trying 3 model(s): ['english_train32', 'english_train2', 'english_train']
2026-07-14 22:03:36  INFO      [22:03:36.787] Trying model: english_train32 (C:\Users\Mohamed Walid\Desktop\Internship\Code\runs\detect\runs\detect\english_train32\weights\best.pt)
2026-07-14 22:03:37  INFO      [22:03:36.787]   english_train32: box conf=0.843 xyxy=[361,738,497,776]
2026-07-14 22:03:48  INFO      [22:03:36.787]   english_train32: OCR result = 'NES SU 782'
2026-07-14 22:03:48  INFO      [22:03:36.787] SUCCESS via english_train32: plate='NES SU 782'  conf=0.843
2026-07-14 22:03:48  INFO      [22:03:36.787] -- /predict done --
2026-07-14 22:03:48  INFO      [22:03:48.567] -- /predict request received --
2026-07-14 22:03:48  INFO      [22:03:48.567] File: 'filename_prefix_00017_.png'
2026-07-14 22:03:48  INFO      [22:03:48.567] Saved to temp: C:\Users\MOHAME~1\AppData\Local\Temp\tmpsojlbhy3.png  (1805209 bytes)
2026-07-14 22:03:48  INFO      [22:03:48.567] Trying 3 model(s): ['english_train32', 'english_train2', 'english_train']
2026-07-14 22:03:48  INFO      [22:03:48.567] Trying model: english_train32 (C:\Users\Mohamed Walid\Desktop\Internship\Code\runs\detect\runs\detect\english_train32\weights\best.pt)
2026-07-14 22:03:50  INFO      [22:03:48.567]   english_train32: box conf=0.727 xyxy=[735,682,899,719]
2026-07-14 22:04:02  INFO      [22:03:48.567]   english_train32: OCR result = 'KO-XG 187|'
2026-07-14 22:04:02  INFO      [22:03:48.567] SUCCESS via english_train32: plate='KO-XG 187|'  conf=0.727
2026-07-14 22:04:02  INFO      [22:03:48.567] -- /predict done --
2026-07-14 22:04:02  INFO      [22:04:02.999] -- /predict request received --
2026-07-14 22:04:03  INFO      [22:04:02.999] File: 'filename_prefix_00018_.png'
2026-07-14 22:04:03  INFO      [22:04:02.999] Saved to temp: C:\Users\MOHAME~1\AppData\Local\Temp\tmp8ptyj1r3.png  (1020812 bytes)
2026-07-14 22:04:03  INFO      [22:04:02.999] Trying 3 model(s): ['english_train32', 'english_train2', 'english_train']
2026-07-14 22:04:03  INFO      [22:04:02.999] Trying model: english_train32 (C:\Users\Mohamed Walid\Desktop\Internship\Code\runs\detect\runs\detect\english_train32\weights\best.pt)
2026-07-14 22:04:04  INFO      [22:04:02.999]   english_train32: box conf=0.848 xyxy=[55,814,186,852]
2026-07-14 22:04:15  INFO      [22:04:02.999]   english_train32: OCR result = 'NZ R 6301'
2026-07-14 22:04:15  INFO      [22:04:02.999] SUCCESS via english_train32: plate='NZ R 6301'  conf=0.848
2026-07-14 22:04:15  INFO      [22:04:02.999] -- /predict done --
2026-07-14 22:04:16  INFO      [22:04:16.067] -- /predict request received --
2026-07-14 22:04:16  INFO      [22:04:16.067] File: 'filename_prefix_00019_.png'
2026-07-14 22:04:16  INFO      [22:04:16.067] Saved to temp: C:\Users\MOHAME~1\AppData\Local\Temp\tmp6qvxedam.png  (1995124 bytes)
2026-07-14 22:04:16  INFO      [22:04:16.067] Trying 3 model(s): ['english_train32', 'english_train2', 'english_train']
2026-07-14 22:04:16  INFO      [22:04:16.067] Trying model: english_train32 (C:\Users\Mohamed Walid\Desktop\Internship\Code\runs\detect\runs\detect\english_train32\weights\best.pt)
2026-07-14 22:04:17  INFO      [22:04:16.067]   english_train32: box conf=0.714 xyxy=[1101,983,1287,1035]
2026-07-14 22:04:28  INFO      [22:04:16.067]   english_train32: OCR result = 'WF 1229'
2026-07-14 22:04:28  INFO      [22:04:16.067] SUCCESS via english_train32: plate='WF 1229'  conf=0.714
2026-07-14 22:04:28  INFO      [22:04:16.067] -- /predict done --
2026-07-14 23:45:22  INFO      [23:45:22.230] -- /predict request received --
2026-07-14 23:45:22  INFO      [23:45:22.230] File: 'filename_prefix_00007_.png'
2026-07-14 23:45:22  INFO      [23:45:22.230] Saved to temp: C:\Users\MOHAME~1\AppData\Local\Temp\tmp3c7mm26s.png  (721782 bytes)
2026-07-14 23:45:22  INFO      [23:45:22.230] Trying 3 model(s): ['english_train32', 'english_train2', 'english_train']
2026-07-14 23:45:22  INFO      [23:45:22.230] Trying model: english_train32 (C:\Users\Mohamed Walid\Desktop\Internship\Code\runs\detect\runs\detect\english_train32\weights\best.pt)
2026-07-14 23:45:24  INFO      [23:45:22.230]   english_train32: no boxes — skipping
2026-07-14 23:45:24  INFO      [23:45:22.230] Trying model: english_train2 (C:\Users\Mohamed Walid\Desktop\Internship\Code\runs\detect\runs\detect\english_train2\weights\best.pt)
2026-07-14 23:45:25  INFO      [23:45:22.230]   english_train2: no boxes — skipping
2026-07-14 23:45:25  INFO      [23:45:22.230] Trying model: english_train (C:\Users\Mohamed Walid\Desktop\Internship\Code\runs\detect\runs\detect\english_train\weights\best.pt)
2026-07-14 23:45:27  INFO      [23:45:22.230]   english_train: no boxes — skipping
2026-07-14 23:45:27  WARNING   [23:45:22.230] FAIL: no model detected a plate
2026-07-14 23:45:27  INFO      [23:45:22.230] -- /predict done --
2026-07-14 23:45:27  INFO      [23:45:27.525] -- /predict request received --
2026-07-14 23:45:27  INFO      [23:45:27.525] File: 'filename_prefix_00008_.png'
2026-07-14 23:45:27  INFO      [23:45:27.525] Saved to temp: C:\Users\MOHAME~1\AppData\Local\Temp\tmpp33l3n5n.png  (2698787 bytes)
2026-07-14 23:45:27  INFO      [23:45:27.525] Trying 3 model(s): ['english_train32', 'english_train2', 'english_train']
2026-07-14 23:45:27  INFO      [23:45:27.525] Trying model: english_train32 (C:\Users\Mohamed Walid\Desktop\Internship\Code\runs\detect\runs\detect\english_train32\weights\best.pt)
2026-07-14 23:45:30  INFO      [23:45:27.525]   english_train32: box conf=0.171 xyxy=[785,767,953,831]
2026-07-14 23:45:40  INFO      [23:45:27.525]   english_train32: OCR result = 'C 5897'
2026-07-14 23:45:40  INFO      [23:45:27.525] SUCCESS via english_train32: plate='C 5897'  conf=0.171
2026-07-14 23:45:40  INFO      [23:45:27.525] -- /predict done --
2026-07-14 23:45:41  INFO      [23:45:41.342] -- /predict request received --
2026-07-14 23:45:41  INFO      [23:45:41.342] File: 'filename_prefix_00009_.png'
2026-07-14 23:45:41  INFO      [23:45:41.342] Saved to temp: C:\Users\MOHAME~1\AppData\Local\Temp\tmpjygy67du.png  (1898627 bytes)
2026-07-14 23:45:41  INFO      [23:45:41.342] Trying 3 model(s): ['english_train32', 'english_train2', 'english_train']
2026-07-14 23:45:41  INFO      [23:45:41.342] Trying model: english_train32 (C:\Users\Mohamed Walid\Desktop\Internship\Code\runs\detect\runs\detect\english_train32\weights\best.pt)
2026-07-14 23:45:43  INFO      [23:45:41.342]   english_train32: box conf=0.805 xyxy=[972,1032,1120,1075]
2026-07-14 23:45:57  INFO      [23:45:41.342]   english_train32: OCR result = 'KE W3634'
2026-07-14 23:45:57  INFO      [23:45:41.342] SUCCESS via english_train32: plate='KE W3634'  conf=0.805
2026-07-14 23:45:57  INFO      [23:45:41.342] -- /predict done --
2026-07-15 00:11:03  INFO      [00:11:03.325] ── /predict_video request received ─────────────────
2026-07-15 00:11:03  INFO      [00:11:03.325] Video: 'WhatsApp Video 2026-07-14 at 23.43.14.mp4'  frame_skip=15  conf=0.15  engine=easyocr_ar_en
2026-07-15 00:11:03  INFO      [00:11:03.325] Video saved: C:\Users\MOHAME~1\AppData\Local\Temp\tmp045ab3pm.mp4  (3399 KB)
2026-07-15 00:11:03  INFO      [00:11:03.325] Arabic pipeline weights: C:\Users\Mohamed Walid\Desktop\Internship\Code\runs\detect\runs\detect\arabic_train\weights\best.pt
2026-07-15 00:11:05  INFO      [00:11:03.325] Video: fps=29.6  frames=466  duration=15.8s
2026-07-15 00:11:06  DEBUG     [00:11:03.325] frame=0 ts=0.0s → 0 boxes
2026-07-15 00:11:06  DEBUG     [00:11:03.325] frame=15 ts=0.51s → 0 boxes
2026-07-15 00:11:07  DEBUG     [00:11:03.325] frame=30 ts=1.01s → 0 boxes
2026-07-15 00:11:07  DEBUG     [00:11:03.325] frame=45 ts=1.52s → 0 boxes
2026-07-15 00:11:08  DEBUG     [00:11:03.325] frame=60 ts=2.03s → 0 boxes
2026-07-15 00:11:09  DEBUG     [00:11:03.325] frame=75 ts=2.53s → 0 boxes
2026-07-15 00:11:10  DEBUG     [00:11:03.325] frame=90 ts=3.04s → 0 boxes
2026-07-15 00:11:11  DEBUG     [00:11:03.325] frame=105 ts=3.55s → 0 boxes
2026-07-15 00:11:11  DEBUG     [00:11:03.325] frame=120 ts=4.06s → 0 boxes
2026-07-15 00:11:12  DEBUG     [00:11:03.325] frame=135 ts=4.56s → 0 boxes
2026-07-15 00:11:13  DEBUG     [00:11:03.325] frame=150 ts=5.07s → 0 boxes
2026-07-15 00:11:14  DEBUG     [00:11:03.325] frame=165 ts=5.58s → 0 boxes
2026-07-15 00:11:15  DEBUG     [00:11:03.325] frame=180 ts=6.08s → 0 boxes
2026-07-15 00:11:16  INFO      [00:11:03.325] frame=195 ts=6.59s → box conf=0.196 xyxy=[29,190,690,344]
2026-07-15 00:11:40  INFO      [00:11:03.325]   OCR [easyocr_ar_en] = ''
2026-07-15 00:11:41  INFO      [00:11:03.325] frame=210 ts=7.1s → box conf=0.289 xyxy=[263,188,775,378]
2026-07-15 00:11:45  INFO      [00:11:03.325]   OCR [easyocr_ar_en] = ''
2026-07-15 00:11:46  INFO      [00:11:03.325] frame=225 ts=7.6s → box conf=0.314 xyxy=[253,227,774,389]
2026-07-15 00:11:51  INFO      [00:11:03.325]   OCR [easyocr_ar_en] = '6844CG2'
2026-07-15 00:11:52  INFO      [00:11:03.325] frame=240 ts=8.11s → box conf=0.448 xyxy=[266,214,604,324]
2026-07-15 00:11:55  INFO      [00:11:03.325]   OCR [easyocr_ar_en] = '6844CG2'
2026-07-15 00:11:56  INFO      [00:11:03.325] frame=255 ts=8.62s → box conf=0.193 xyxy=[262,84,773,252]
2026-07-15 00:12:00  INFO      [00:11:03.325]   OCR [easyocr_ar_en] = '6844CG2'
2026-07-15 00:12:01  INFO      [00:11:03.325] frame=270 ts=9.13s → box conf=0.337 xyxy=[266,197,702,327]
2026-07-15 00:12:05  INFO      [00:11:03.325]   OCR [easyocr_ar_en] = ''
2026-07-15 00:12:06  INFO      [00:11:03.325] frame=285 ts=9.63s → box conf=0.267 xyxy=[254,190,825,410]
2026-07-15 00:12:13  INFO      [00:11:03.325]   OCR [easyocr_ar_en] = 'CGZ'
2026-07-15 00:12:15  INFO      [00:11:03.325] frame=300 ts=10.14s → box conf=0.355 xyxy=[257,305,751,466]
2026-07-15 00:12:19  INFO      [00:11:03.325]   OCR [easyocr_ar_en] = '6844CGZ'
2026-07-15 00:12:20  INFO      [00:11:03.325] frame=315 ts=10.65s → box conf=0.346 xyxy=[287,345,836,478]
2026-07-15 00:12:21  INFO      [00:11:03.325]   OCR [easyocr_ar_en] = ''
2026-07-15 00:12:22  DEBUG     [00:11:03.325] frame=330 ts=11.15s → 0 boxes
2026-07-15 00:12:23  DEBUG     [00:11:03.325] frame=345 ts=11.66s → 0 boxes
2026-07-15 00:12:24  DEBUG     [00:11:03.325] frame=360 ts=12.17s → 0 boxes
2026-07-15 00:12:25  DEBUG     [00:11:03.325] frame=375 ts=12.67s → 0 boxes
2026-07-15 00:12:26  DEBUG     [00:11:03.325] frame=390 ts=13.18s → 0 boxes
2026-07-15 00:12:27  DEBUG     [00:11:03.325] frame=405 ts=13.69s → 0 boxes
2026-07-15 00:12:27  DEBUG     [00:11:03.325] frame=420 ts=14.2s → 0 boxes
2026-07-15 00:12:27  DEBUG     [00:11:03.325] frame=435 ts=14.7s → 0 boxes
2026-07-15 00:12:28  DEBUG     [00:11:03.325] frame=450 ts=15.21s → 0 boxes
2026-07-15 00:12:29  DEBUG     [00:11:03.325] frame=465 ts=15.72s → 0 boxes
2026-07-15 00:12:29  INFO      [00:11:03.325] Video done. Plates found: 9  Unique: 3
2026-07-15 04:14:39  INFO      [04:14:39.674] ── /predict_video request received ─────────────────
2026-07-15 04:14:39  INFO      [04:14:39.674] Video: 'WhatsApp Video 2026-07-03 at 14.19.12.mp4'  frame_skip=15  conf=0.15  engine=paddleocr_ar
2026-07-15 04:14:39  INFO      [04:14:39.674] Video saved: C:\Users\MOHAME~1\AppData\Local\Temp\tmp_sa_0aao.mp4  (1596 KB)
2026-07-15 04:14:39  INFO      [04:14:39.674] Arabic pipeline weights: C:\Users\Mohamed Walid\Desktop\Internship\Code\runs\detect\runs\detect\arabic_train\weights\best.pt
2026-07-15 04:14:40  INFO      [04:14:39.674] Video: fps=29.5  frames=217  duration=7.3s
2026-07-15 04:14:42  INFO      [04:14:39.674] frame=0 ts=0.0s → box conf=0.692 xyxy=[164,220,614,346]
2026-07-15 04:16:54  INFO      [04:14:39.674]   OCR [paddleocr_ar] = '659971i144'
2026-07-15 04:16:55  INFO      [04:14:39.674] frame=15 ts=0.51s → box conf=0.673 xyxy=[205,219,654,345]
2026-07-15 04:17:07  INFO      [04:14:39.674]   OCR [paddleocr_ar] = '659971i144'
2026-07-15 04:17:08  INFO      [04:14:39.674] frame=30 ts=1.02s → box conf=0.646 xyxy=[202,219,652,343]
2026-07-15 04:17:20  INFO      [04:14:39.674]   OCR [paddleocr_ar] = '65997i144'
2026-07-15 04:17:21  INFO      [04:14:39.674] frame=45 ts=1.52s → box conf=0.719 xyxy=[189,187,655,328]
2026-07-15 04:17:35  INFO      [04:14:39.674]   OCR [paddleocr_ar] = '65997i144'
2026-07-15 04:17:36  INFO      [04:14:39.674] frame=60 ts=2.03s → box conf=0.810 xyxy=[210,183,661,344]
2026-07-15 04:17:51  INFO      [04:14:39.674]   OCR [paddleocr_ar] = '65997i44'
2026-07-15 04:17:52  INFO      [04:14:39.674] frame=75 ts=2.54s → box conf=0.705 xyxy=[212,194,660,317]
2026-07-15 04:18:04  INFO      [04:14:39.674]   OCR [paddleocr_ar] = '659971i144'
2026-07-15 04:18:05  INFO      [04:14:39.674] frame=90 ts=3.05s → box conf=0.786 xyxy=[226,200,670,345]
2026-07-15 04:18:22  INFO      [04:14:39.674]   OCR [paddleocr_ar] = '659971i1443'
2026-07-15 04:18:23  INFO      [04:14:39.674] frame=105 ts=3.55s → box conf=0.731 xyxy=[233,186,667,324]
2026-07-15 04:18:36  INFO      [04:14:39.674]   OCR [paddleocr_ar] = '65997'
2026-07-15 04:18:37  INFO      [04:14:39.674] frame=120 ts=4.06s → box conf=0.864 xyxy=[228,208,638,345]
2026-07-15 04:18:50  INFO      [04:14:39.674]   OCR [paddleocr_ar] = '65997i144'
2026-07-15 04:18:51  INFO      [04:14:39.674] frame=135 ts=4.57s → box conf=0.837 xyxy=[214,232,615,383]
2026-07-15 04:19:07  INFO      [04:14:39.674]   OCR [paddleocr_ar] = '144أ165997'
2026-07-15 04:19:08  INFO      [04:14:39.674] frame=150 ts=5.08s → box conf=0.674 xyxy=[187,218,593,381]
2026-07-15 04:19:22  INFO      [04:14:39.674]   OCR [paddleocr_ar] = '659971i144'
2026-07-15 04:19:23  INFO      [04:14:39.674] frame=165 ts=5.59s → box conf=0.747 xyxy=[186,215,594,385]
2026-07-15 04:19:38  INFO      [04:14:39.674]   OCR [paddleocr_ar] = '659971i44'
2026-07-15 04:19:39  INFO      [04:14:39.674] frame=180 ts=6.09s → box conf=0.764 xyxy=[172,220,577,380]
2026-07-15 04:19:55  INFO      [04:14:39.674]   OCR [paddleocr_ar] = '144أ165997'
2026-07-15 04:19:56  INFO      [04:14:39.674] frame=195 ts=6.6s → box conf=0.761 xyxy=[178,196,578,314]
2026-07-15 04:20:10  INFO      [04:14:39.674]   OCR [paddleocr_ar] = '65997lil44'
2026-07-15 04:20:11  INFO      [04:14:39.674] frame=210 ts=7.11s → box conf=0.769 xyxy=[189,221,584,344]
2026-07-15 04:20:23  INFO      [04:14:39.674]   OCR [paddleocr_ar] = '659971i144'
2026-07-15 04:20:24  INFO      [04:14:39.674] Video done. Plates found: 15  Unique: 8
2026-07-15 13:31:38  INFO      ============================================================
2026-07-15 13:31:38  INFO      PlateVision server starting
2026-07-15 13:31:38  INFO      Log file: C:\Users\Mohamed Walid\Desktop\Internship\Code\logs\predict.log
2026-07-15 13:31:38  INFO      ============================================================
2026-07-15 13:31:39  INFO      English pipeline weights path: C:\Users\Mohamed Walid\Desktop\Internship\Code\runs\detect\runs\detect\english_train32\weights\best.pt
2026-07-15 13:31:39  INFO        [OK] Weights file exists (12041 KB)
2026-07-15 13:31:39  INFO      Available models: ['english_train32', 'english_train2', 'english_train']
2026-07-15 13:38:00  INFO      [13:38:00.526] -- /predict_arabic request received --
2026-07-15 13:38:00  INFO      [13:38:00.526] Arabic inference: Screenshot 2026-07-15 133740.png (864956 bytes)
2026-07-15 13:38:48  INFO      [13:38:00.526] Detected: True  Plate: 65997 | أ | 5997
2026-07-15 13:38:48  INFO      [13:38:00.526]   left_seq=65997  letter=أ  region=5997  city=Unknown
2026-07-15 13:38:48  INFO      [13:38:00.526]   raw_fast="PlatePrediction(plate='65997II', char_probs=None, region='Belarus', region_prob=None)"  raw_ar='| أ | 5997& 44'
2026-07-15 13:38:48  INFO      [13:38:00.526] -- /predict_arabic done --
2026-07-15 15:01:08  INFO      [15:01:08.832] -- /predict_arabic request received --
2026-07-15 15:01:08  INFO      [15:01:08.832] Arabic inference: Screenshot 2026-07-15 133740.png (864956 bytes)
2026-07-15 15:01:10  INFO      [15:01:08.832] Detected: True  Plate: 65997 | أ | 5997
2026-07-15 15:01:10  INFO      [15:01:08.832]   left_seq=65997  letter=أ  region=5997  city=Unknown
2026-07-15 15:01:10  INFO      [15:01:08.832]   raw_fast="PlatePrediction(plate='65997II', char_probs=None, region='Belarus', region_prob=None)"  raw_ar='| أ | 5997& 44'
2026-07-15 15:01:10  INFO      [15:01:08.832] -- /predict_arabic done --
2026-07-15 15:01:53  INFO      [15:01:53.934] -- /predict_arabic request received --
2026-07-15 15:01:53  INFO      [15:01:53.934] Arabic inference: Screenshot 2026-07-15 133740.png (864956 bytes)
2026-07-15 15:01:55  INFO      [15:01:53.934] Detected: True  Plate: 65997 | أ | 5997
2026-07-15 15:01:55  INFO      [15:01:53.934]   left_seq=65997  letter=أ  region=5997  city=Unknown
2026-07-15 15:01:55  INFO      [15:01:53.934]   raw_fast="PlatePrediction(plate='65997II', char_probs=None, region='Belarus', region_prob=None)"  raw_ar='| أ | 5997& 44'
2026-07-15 15:01:55  INFO      [15:01:53.934] -- /predict_arabic done --
2026-07-15 15:01:55  INFO      [15:01:55.538] -- /predict_arabic request received --
2026-07-15 15:01:55  INFO      [15:01:55.538] Arabic inference: images (1).jpg (32214 bytes)
2026-07-15 15:01:56  INFO      [15:01:55.538] Detected: True  Plate: 87687 | 076٥7
2026-07-15 15:01:56  INFO      [15:01:55.538]   left_seq=87687  letter=  region=076٥7  city=Unknown
2026-07-15 15:01:56  INFO      [15:01:55.538]   raw_fast="PlatePrediction(plate='87687IJ', char_probs=None, region='Belarus', region_prob=None)"  raw_ar='|076٥7'
2026-07-15 15:01:56  INFO      [15:01:55.538] -- /predict_arabic done --
2026-07-15 15:01:56  INFO      [15:01:56.538] -- /predict_arabic request received --
2026-07-15 15:01:56  INFO      [15:01:56.538] Arabic inference: images (2).jpg (41275 bytes)
2026-07-15 15:01:57  INFO      [15:01:56.538] Detected: True  Plate: 93480 | 93
2026-07-15 15:01:57  INFO      [15:01:56.538]   left_seq=93480  letter=  region=93  city=Unknown
2026-07-15 15:01:57  INFO      [15:01:56.538]   raw_fast="PlatePrediction(plate='93480J', char_probs=None, region='Georgia', region_prob=None)"  raw_ar='٥؟/93'
2026-07-15 15:01:57  INFO      [15:01:56.538] -- /predict_arabic done --
2026-07-15 15:01:57  INFO      [15:01:57.634] -- /predict_arabic request received --
2026-07-15 15:01:57  INFO      [15:01:57.634] Arabic inference: images.jpg (32330 bytes)
2026-07-15 15:01:58  INFO      [15:01:57.634] Detected: True  Plate: 90682 | 905٥2
2026-07-15 15:01:58  INFO      [15:01:57.634]   left_seq=90682  letter=  region=905٥2  city=Unknown
2026-07-15 15:01:58  INFO      [15:01:57.634]   raw_fast="PlatePrediction(plate='90682J', char_probs=None, region='Georgia', region_prob=None)"  raw_ar='905٥2/'
2026-07-15 15:01:58  INFO      [15:01:57.634] -- /predict_arabic done --
2026-07-15 21:10:30  INFO      ============================================================
2026-07-15 21:10:30  INFO      PlateVision server starting
2026-07-15 21:10:30  INFO      Log file: C:\Users\Mohamed Walid\Desktop\Internship\Code\logs\predict.log
2026-07-15 21:10:30  INFO      ============================================================
2026-07-15 21:10:31  INFO      English pipeline weights path: C:\Users\Mohamed Walid\Desktop\Internship\Code\runs\detect\runs\detect\english_train32\weights\best.pt
2026-07-15 21:10:31  INFO        [OK] Weights file exists (12041 KB)
2026-07-15 21:10:31  INFO      Available models: ['english_train32', 'english_train2', 'english_train']
2026-07-15 21:11:27  INFO      [21:11:27.406] ── /predict_video request received ─────────────────
2026-07-15 21:11:27  INFO      [21:11:27.406] Video: 'WhatsApp Video 2026-07-15 at 21.04.25.mp4'  frame_skip=15  conf=0.15  engine=paddleocr_ar
2026-07-15 21:11:27  INFO      [21:11:27.406] Video saved: C:\Users\MOHAME~1\AppData\Local\Temp\tmph9qna45n.mp4  (1645 KB)
2026-07-15 21:11:35  INFO      [21:11:27.406] Arabic pipeline weights: C:\Users\Mohamed Walid\Desktop\Internship\Code\runs\detect\runs\detect\arabic_train\weights\best.pt
2026-07-15 21:11:36  INFO      [21:11:27.406] Video: fps=29.6  frames=225  duration=7.6s
2026-07-15 21:11:36  DEBUG     [21:11:27.406] frame=0 ts=0.0s → 0 boxes
2026-07-15 21:11:36  DEBUG     [21:11:27.406] frame=15 ts=0.51s → 0 boxes
2026-07-15 21:11:36  DEBUG     [21:11:27.406] frame=30 ts=1.01s → 0 boxes
2026-07-15 21:11:37  INFO      [21:11:27.406] frame=45 ts=1.52s → box conf=0.157 xyxy=[293,211,520,271]
2026-07-15 21:12:51  INFO      [21:11:27.406]   OCR [paddleocr_ar] = 'DG368HP'
2026-07-15 21:12:51  INFO      [21:11:27.406] frame=60 ts=2.03s → box conf=0.162 xyxy=[264,156,487,210]
2026-07-15 21:12:57  INFO      [21:11:27.406]   OCR [paddleocr_ar] = 'DG368HP2'
2026-07-15 21:12:57  DEBUG     [21:11:27.406] frame=75 ts=2.53s → 0 boxes
2026-07-15 21:12:58  INFO      [21:11:27.406] frame=90 ts=3.04s → box conf=0.161 xyxy=[262,156,465,207]
2026-07-15 21:13:03  INFO      [21:11:27.406]   OCR [paddleocr_ar] = 'DC368HP'
2026-07-15 21:13:04  DEBUG     [21:11:27.406] frame=105 ts=3.55s → 0 boxes
2026-07-15 21:13:04  DEBUG     [21:11:27.406] frame=120 ts=4.05s → 0 boxes
2026-07-15 21:13:04  DEBUG     [21:11:27.406] frame=135 ts=4.56s → 0 boxes
2026-07-15 21:13:05  DEBUG     [21:11:27.406] frame=150 ts=5.07s → 0 boxes
2026-07-15 21:13:05  INFO      [21:11:27.406] frame=165 ts=5.57s → box conf=0.169 xyxy=[294,0,493,41]
2026-07-15 21:13:11  INFO      [21:11:27.406]   OCR [paddleocr_ar] = 'DG368HP'
2026-07-15 21:13:11  INFO      [21:11:27.406] frame=180 ts=6.08s → box conf=0.264 xyxy=[261,81,488,142]
2026-07-15 21:13:17  INFO      [21:11:27.406]   OCR [paddleocr_ar] = 'DG368HP'
2026-07-15 21:13:17  INFO      [21:11:27.406] frame=195 ts=6.59s → box conf=0.170 xyxy=[240,42,588,139]
2026-07-15 21:13:23  INFO      [21:11:27.406]   OCR [paddleocr_ar] = 'DG368HP'
2026-07-15 21:13:24  DEBUG     [21:11:27.406] frame=210 ts=7.09s → 0 boxes
2026-07-15 21:13:24  INFO      [21:11:27.406] Video done. Plates found: 6  Unique: 3
2026-07-15 21:20:11  INFO      [21:20:11.269] -- /predict request received --
2026-07-15 21:20:11  INFO      [21:20:11.269] File: 'WhatsApp Image 2026-07-15 at 21.04.21 (1).jpeg'
2026-07-15 21:20:11  INFO      [21:20:11.269] Saved to temp: C:\Users\MOHAME~1\AppData\Local\Temp\tmplayrhm1i.jpeg  (192187 bytes)
2026-07-15 21:20:11  INFO      [21:20:11.269] Trying 3 model(s): ['english_train32', 'english_train2', 'english_train']
2026-07-15 21:20:11  INFO      [21:20:11.269] Trying model: english_train32 (C:\Users\Mohamed Walid\Desktop\Internship\Code\runs\detect\runs\detect\english_train32\weights\best.pt)
2026-07-15 21:20:11  INFO      [21:20:11.269]   english_train32: box conf=0.711 xyxy=[382,427,1065,597]
2026-07-15 21:20:15  INFO      [21:20:11.269]   english_train32: OCR result = 'DG 368-K'
2026-07-15 21:20:15  INFO      [21:20:11.269] SUCCESS via english_train32: plate='DG 368-K'  conf=0.711
2026-07-15 21:20:15  INFO      [21:20:11.269] -- /predict done --
2026-07-16 01:11:38  INFO      ============================================================
2026-07-16 01:11:38  INFO      PlateVision server starting
2026-07-16 01:11:38  INFO      Log file: C:\Users\Mohamed Walid\Desktop\Internship\Code\logs\predict.log
2026-07-16 01:11:38  INFO      ============================================================
2026-07-16 01:11:39  INFO      English pipeline weights path: C:\Users\Mohamed Walid\Desktop\Internship\Code\runs\detect\runs\detect\english_train32\weights\best.pt
2026-07-16 01:11:39  INFO        [OK] Weights file exists (12041 KB)
2026-07-16 01:11:39  INFO      Available models: ['english_train32', 'english_train2', 'english_train']
2026-07-16 01:15:59  INFO      [01:15:59.366] -- /predict request received --
2026-07-16 01:15:59  INFO      [01:15:59.366] File: 'images (1).jpg'
2026-07-16 01:15:59  INFO      [01:15:59.366] Saved to temp: C:\Users\MOHAME~1\AppData\Local\Temp\tmpr28ngxo8.jpg  (33059 bytes)
2026-07-16 01:16:10  INFO      [01:15:59.366] Trying 3 model(s): ['english_train32', 'english_train2', 'english_train']
2026-07-16 01:16:10  INFO      [01:15:59.366] Trying model: english_train32 (C:\Users\Mohamed Walid\Desktop\Internship\Code\runs\detect\runs\detect\english_train32\weights\best.pt)
2026-07-16 01:16:10  INFO      [01:15:59.366]   english_train32: box conf=0.819 xyxy=[167,252,248,284]
2026-07-16 01:16:16  INFO      [01:15:59.366]   english_train32: OCR result = 'GDSKUL'
2026-07-16 01:16:16  INFO      [01:15:59.366] SUCCESS via english_train32: plate='GDSKUL'  conf=0.819
2026-07-16 01:16:16  INFO      [01:15:59.366] -- /predict done --
2026-07-16 01:16:17  INFO      [01:16:17.255] -- /predict request received --
2026-07-16 01:16:17  INFO      [01:16:17.255] File: 'product_11443651sf.jpg'
2026-07-16 01:16:17  INFO      [01:16:17.255] Saved to temp: C:\Users\MOHAME~1\AppData\Local\Temp\tmp3zym3frj.jpg  (15264 bytes)
2026-07-16 01:16:17  INFO      [01:16:17.255] Trying 3 model(s): ['english_train32', 'english_train2', 'english_train']
2026-07-16 01:16:17  INFO      [01:16:17.255] Trying model: english_train32 (C:\Users\Mohamed Walid\Desktop\Internship\Code\runs\detect\runs\detect\english_train32\weights\best.pt)
2026-07-16 01:16:17  INFO      [01:16:17.255]   english_train32: box conf=0.360 xyxy=[2,98,466,197]
2026-07-16 01:16:24  INFO      [01:16:17.255]   english_train32: OCR result = '8212 HKT'
2026-07-16 01:16:24  INFO      [01:16:17.255] SUCCESS via english_train32: plate='8212 HKT'  conf=0.360
2026-07-16 01:16:24  INFO      [01:16:17.255] -- /predict done --
2026-07-16 01:16:24  INFO      [01:16:24.500] -- /predict request received --
2026-07-16 01:16:24  INFO      [01:16:24.500] File: 'WhatsApp Image 2026-07-06 at 03.35.26.jpeg'
2026-07-16 01:16:24  INFO      [01:16:24.500] Saved to temp: C:\Users\MOHAME~1\AppData\Local\Temp\tmpj9m4_vqc.jpeg  (233908 bytes)
2026-07-16 01:16:24  INFO      [01:16:24.500] Trying 3 model(s): ['english_train32', 'english_train2', 'english_train']
2026-07-16 01:16:24  INFO      [01:16:24.500] Trying model: english_train32 (C:\Users\Mohamed Walid\Desktop\Internship\Code\runs\detect\runs\detect\english_train32\weights\best.pt)
2026-07-16 01:16:25  INFO      [01:16:24.500]   english_train32: box conf=0.612 xyxy=[438,404,996,578]
2026-07-16 01:16:31  INFO      [01:16:24.500]   english_train32: OCR result = 'FX 477 SE'
2026-07-16 01:16:31  INFO      [01:16:24.500] SUCCESS via english_train32: plate='FX 477 SE'  conf=0.612
2026-07-16 01:16:31  INFO      [01:16:24.500] -- /predict done --
2026-07-16 01:16:32  INFO      [01:16:32.157] -- /predict request received --
2026-07-16 01:16:32  INFO      [01:16:32.157] File: 'WhatsApp Image 2026-07-15 at 21.04.21.jpeg'
2026-07-16 01:16:32  INFO      [01:16:32.157] Saved to temp: C:\Users\MOHAME~1\AppData\Local\Temp\tmpm8pg0av_.jpeg  (192187 bytes)
2026-07-16 01:16:32  INFO      [01:16:32.157] Trying 3 model(s): ['english_train32', 'english_train2', 'english_train']
2026-07-16 01:16:32  INFO      [01:16:32.157] Trying model: english_train32 (C:\Users\Mohamed Walid\Desktop\Internship\Code\runs\detect\runs\detect\english_train32\weights\best.pt)
2026-07-16 01:16:32  INFO      [01:16:32.157]   english_train32: box conf=0.711 xyxy=[382,427,1065,597]
2026-07-16 01:16:39  INFO      [01:16:32.157]   english_train32: OCR result = 'DG 368-K'
2026-07-16 01:16:39  INFO      [01:16:32.157] SUCCESS via english_train32: plate='DG 368-K'  conf=0.711
2026-07-16 01:16:39  INFO      [01:16:32.157] -- /predict done --
2026-07-16 01:17:16  INFO      [01:17:16.976] -- /predict request received --
2026-07-16 01:17:16  INFO      [01:17:16.976] File: 'images (1).jpg'
2026-07-16 01:17:16  INFO      [01:17:16.976] Saved to temp: C:\Users\MOHAME~1\AppData\Local\Temp\tmp41fz1iza.jpg  (33059 bytes)
2026-07-16 01:17:16  INFO      [01:17:16.976] Trying 3 model(s): ['english_train32', 'english_train2', 'english_train']
2026-07-16 01:17:16  INFO      [01:17:16.976] Trying model: english_train32 (C:\Users\Mohamed Walid\Desktop\Internship\Code\runs\detect\runs\detect\english_train32\weights\best.pt)
2026-07-16 01:17:17  INFO      [01:17:16.976]   english_train32: box conf=0.819 xyxy=[167,252,248,284]
2026-07-16 01:17:20  INFO      [01:17:16.976]   english_train32: OCR result = 'GDSKUL'
2026-07-16 01:17:20  INFO      [01:17:16.976] SUCCESS via english_train32: plate='GDSKUL'  conf=0.819
2026-07-16 01:17:20  INFO      [01:17:16.976] -- /predict done --
2026-07-16 01:17:20  INFO      [01:17:20.578] -- /predict request received --
2026-07-16 01:17:20  INFO      [01:17:20.578] File: 'product_11443651sf.jpg'
2026-07-16 01:17:20  INFO      [01:17:20.578] Saved to temp: C:\Users\MOHAME~1\AppData\Local\Temp\tmpfgzob643.jpg  (15264 bytes)
2026-07-16 01:17:20  INFO      [01:17:20.578] Trying 3 model(s): ['english_train32', 'english_train2', 'english_train']
2026-07-16 01:17:20  INFO      [01:17:20.578] Trying model: english_train32 (C:\Users\Mohamed Walid\Desktop\Internship\Code\runs\detect\runs\detect\english_train32\weights\best.pt)
2026-07-16 01:17:20  INFO      [01:17:20.578]   english_train32: box conf=0.360 xyxy=[2,98,466,197]
2026-07-16 01:17:27  INFO      [01:17:20.578]   english_train32: OCR result = '8212 HKT'
2026-07-16 01:17:27  INFO      [01:17:20.578] SUCCESS via english_train32: plate='8212 HKT'  conf=0.360
2026-07-16 01:17:27  INFO      [01:17:20.578] -- /predict done --
2026-07-16 01:17:27  INFO      [01:17:27.390] -- /predict request received --
2026-07-16 01:17:27  INFO      [01:17:27.390] File: 'WhatsApp Image 2026-07-06 at 03.35.26.jpeg'
2026-07-16 01:17:27  INFO      [01:17:27.390] Saved to temp: C:\Users\MOHAME~1\AppData\Local\Temp\tmpimpjfmlz.jpeg  (233908 bytes)
2026-07-16 01:17:27  INFO      [01:17:27.390] Trying 3 model(s): ['english_train32', 'english_train2', 'english_train']
2026-07-16 01:17:27  INFO      [01:17:27.390] Trying model: english_train32 (C:\Users\Mohamed Walid\Desktop\Internship\Code\runs\detect\runs\detect\english_train32\weights\best.pt)
2026-07-16 01:17:28  INFO      [01:17:27.390]   english_train32: box conf=0.612 xyxy=[438,404,996,578]
2026-07-16 01:17:35  INFO      [01:17:27.390]   english_train32: OCR result = 'FX 477 SE'
2026-07-16 01:17:35  INFO      [01:17:27.390] SUCCESS via english_train32: plate='FX 477 SE'  conf=0.612
2026-07-16 01:17:35  INFO      [01:17:27.390] -- /predict done --
2026-07-16 01:17:35  INFO      [01:17:35.652] -- /predict request received --
2026-07-16 01:17:35  INFO      [01:17:35.652] File: 'WhatsApp Image 2026-07-15 at 21.04.21.jpeg'
2026-07-16 01:17:35  INFO      [01:17:35.652] Saved to temp: C:\Users\MOHAME~1\AppData\Local\Temp\tmpbgwmixao.jpeg  (192187 bytes)
2026-07-16 01:17:35  INFO      [01:17:35.652] Trying 3 model(s): ['english_train32', 'english_train2', 'english_train']
2026-07-16 01:17:35  INFO      [01:17:35.652] Trying model: english_train32 (C:\Users\Mohamed Walid\Desktop\Internship\Code\runs\detect\runs\detect\english_train32\weights\best.pt)
2026-07-16 01:17:36  INFO      [01:17:35.652]   english_train32: box conf=0.711 xyxy=[382,427,1065,597]
2026-07-16 01:17:43  INFO      [01:17:35.652]   english_train32: OCR result = 'DG 368-K'
2026-07-16 01:17:43  INFO      [01:17:35.652] SUCCESS via english_train32: plate='DG 368-K'  conf=0.711
2026-07-16 01:17:43  INFO      [01:17:35.652] -- /predict done --
2026-07-16 01:17:43  INFO      [01:17:43.505] -- /predict request received --
2026-07-16 01:17:43  INFO      [01:17:43.505] File: '2c443f00f0a8daab895d4cb3b16435db.jpg'
2026-07-16 01:17:43  INFO      [01:17:43.505] Saved to temp: C:\Users\MOHAME~1\AppData\Local\Temp\tmpahm605ni.jpg  (25633 bytes)
2026-07-16 01:17:43  INFO      [01:17:43.505] Trying 3 model(s): ['english_train32', 'english_train2', 'english_train']
2026-07-16 01:17:43  INFO      [01:17:43.505] Trying model: english_train32 (C:\Users\Mohamed Walid\Desktop\Internship\Code\runs\detect\runs\detect\english_train32\weights\best.pt)
2026-07-16 01:17:43  INFO      [01:17:43.505]   english_train32: no boxes — skipping
2026-07-16 01:17:43  INFO      [01:17:43.505] Trying model: english_train2 (C:\Users\Mohamed Walid\Desktop\Internship\Code\runs\detect\runs\detect\english_train2\weights\best.pt)
2026-07-16 01:17:44  INFO      [01:17:43.505]   english_train2: no boxes — skipping
2026-07-16 01:17:44  INFO      [01:17:43.505] Trying model: english_train (C:\Users\Mohamed Walid\Desktop\Internship\Code\runs\detect\runs\detect\english_train\weights\best.pt)
2026-07-16 01:17:44  INFO      [01:17:43.505]   english_train: no boxes — skipping
2026-07-16 01:17:44  WARNING   [01:17:43.505] FAIL: no model detected a plate
2026-07-16 01:17:44  INFO      [01:17:43.505] -- /predict done --
2026-07-16 01:17:44  INFO      [01:17:44.896] -- /predict request received --
2026-07-16 01:17:44  INFO      [01:17:44.896] File: 'd643ae223d71b7e239af59afd16cc6c0.jpg'
2026-07-16 01:17:44  INFO      [01:17:44.896] Saved to temp: C:\Users\MOHAME~1\AppData\Local\Temp\tmpq3so45ue.jpg  (55396 bytes)
2026-07-16 01:17:44  INFO      [01:17:44.896] Trying 3 model(s): ['english_train32', 'english_train2', 'english_train']
2026-07-16 01:17:44  INFO      [01:17:44.896] Trying model: english_train32 (C:\Users\Mohamed Walid\Desktop\Internship\Code\runs\detect\runs\detect\english_train32\weights\best.pt)
2026-07-16 01:17:45  INFO      [01:17:44.896]   english_train32: no boxes — skipping
2026-07-16 01:17:45  INFO      [01:17:44.896] Trying model: english_train2 (C:\Users\Mohamed Walid\Desktop\Internship\Code\runs\detect\runs\detect\english_train2\weights\best.pt)
2026-07-16 01:17:45  INFO      [01:17:44.896]   english_train2: no boxes — skipping
2026-07-16 01:17:45  INFO      [01:17:44.896] Trying model: english_train (C:\Users\Mohamed Walid\Desktop\Internship\Code\runs\detect\runs\detect\english_train\weights\best.pt)
2026-07-16 01:17:46  INFO      [01:17:44.896]   english_train: no boxes — skipping
2026-07-16 01:17:46  WARNING   [01:17:44.896] FAIL: no model detected a plate
2026-07-16 01:17:46  INFO      [01:17:44.896] -- /predict done --
2026-07-16 01:17:46  INFO      [01:17:46.717] -- /predict request received --
2026-07-16 01:17:46  INFO      [01:17:46.717] File: '5ca4c4620e4b2d65de49217b2db84350.jpg'
2026-07-16 01:17:46  INFO      [01:17:46.717] Saved to temp: C:\Users\MOHAME~1\AppData\Local\Temp\tmp7ah0680i.jpg  (57410 bytes)
2026-07-16 01:17:46  INFO      [01:17:46.717] Trying 3 model(s): ['english_train32', 'english_train2', 'english_train']
2026-07-16 01:17:46  INFO      [01:17:46.717] Trying model: english_train32 (C:\Users\Mohamed Walid\Desktop\Internship\Code\runs\detect\runs\detect\english_train32\weights\best.pt)
2026-07-16 01:17:47  INFO      [01:17:46.717]   english_train32: box conf=0.176 xyxy=[40,172,157,265]
2026-07-16 01:17:53  INFO      [01:17:46.717]   english_train32: OCR result = 'FIN'
2026-07-16 01:17:53  INFO      [01:17:46.717] SUCCESS via english_train32: plate='FIN'  conf=0.176
2026-07-16 01:17:53  INFO      [01:17:46.717] -- /predict done --
2026-07-16 01:17:53  INFO      [01:17:53.413] -- /predict request received --
2026-07-16 01:17:53  INFO      [01:17:53.413] File: 'wallers-france-03-07-2026-260nw-2758579573.webp'
2026-07-16 01:17:53  INFO      [01:17:53.413] Saved to temp: C:\Users\MOHAME~1\AppData\Local\Temp\tmp8s3q3g2a.webp  (37546 bytes)
2026-07-16 01:17:53  INFO      [01:17:53.413] Trying 3 model(s): ['english_train32', 'english_train2', 'english_train']
2026-07-16 01:17:53  INFO      [01:17:53.413] Trying model: english_train32 (C:\Users\Mohamed Walid\Desktop\Internship\Code\runs\detect\runs\detect\english_train32\weights\best.pt)
2026-07-16 01:17:53  INFO      [01:17:53.413]   english_train32: no boxes — skipping
2026-07-16 01:17:53  INFO      [01:17:53.413] Trying model: english_train2 (C:\Users\Mohamed Walid\Desktop\Internship\Code\runs\detect\runs\detect\english_train2\weights\best.pt)
2026-07-16 01:17:54  INFO      [01:17:53.413]   english_train2: no boxes — skipping
2026-07-16 01:17:54  INFO      [01:17:53.413] Trying model: english_train (C:\Users\Mohamed Walid\Desktop\Internship\Code\runs\detect\runs\detect\english_train\weights\best.pt)
2026-07-16 01:17:54  INFO      [01:17:53.413]   english_train: no boxes — skipping
2026-07-16 01:17:54  WARNING   [01:17:53.413] FAIL: no model detected a plate
2026-07-16 01:17:54  INFO      [01:17:53.413] -- /predict done --
2026-07-16 01:20:35  INFO      [01:20:35.552] -- /predict request received --
2026-07-16 01:20:35  INFO      [01:20:35.552] File: 'filename_prefix_00007_.png'
2026-07-16 01:20:35  INFO      [01:20:35.552] Saved to temp: C:\Users\MOHAME~1\AppData\Local\Temp\tmpr8lj72b5.png  (721782 bytes)
2026-07-16 01:20:35  INFO      [01:20:35.552] Trying 3 model(s): ['english_train32', 'english_train2', 'english_train']
2026-07-16 01:20:35  INFO      [01:20:35.552] Trying model: english_train32 (C:\Users\Mohamed Walid\Desktop\Internship\Code\runs\detect\runs\detect\english_train32\weights\best.pt)
2026-07-16 01:20:35  INFO      [01:20:35.552]   english_train32: no boxes — skipping
2026-07-16 01:20:35  INFO      [01:20:35.552] Trying model: english_train2 (C:\Users\Mohamed Walid\Desktop\Internship\Code\runs\detect\runs\detect\english_train2\weights\best.pt)
2026-07-16 01:20:36  INFO      [01:20:35.552]   english_train2: no boxes — skipping
2026-07-16 01:20:36  INFO      [01:20:35.552] Trying model: english_train (C:\Users\Mohamed Walid\Desktop\Internship\Code\runs\detect\runs\detect\english_train\weights\best.pt)
2026-07-16 01:20:36  INFO      [01:20:35.552]   english_train: no boxes — skipping
2026-07-16 01:20:36  WARNING   [01:20:35.552] FAIL: no model detected a plate
2026-07-16 01:20:36  INFO      [01:20:35.552] -- /predict done --
2026-07-16 01:20:36  INFO      [01:20:36.620] -- /predict request received --
2026-07-16 01:20:36  INFO      [01:20:36.620] File: 'filename_prefix_00008_.png'
2026-07-16 01:20:36  INFO      [01:20:36.620] Saved to temp: C:\Users\MOHAME~1\AppData\Local\Temp\tmp6o5fuq6s.png  (2698787 bytes)
2026-07-16 01:20:36  INFO      [01:20:36.620] Trying 3 model(s): ['english_train32', 'english_train2', 'english_train']
2026-07-16 01:20:36  INFO      [01:20:36.620] Trying model: english_train32 (C:\Users\Mohamed Walid\Desktop\Internship\Code\runs\detect\runs\detect\english_train32\weights\best.pt)
2026-07-16 01:20:37  INFO      [01:20:36.620]   english_train32: box conf=0.171 xyxy=[785,767,953,831]
2026-07-16 01:20:39  INFO      [01:20:36.620]   english_train32: OCR result = 'C 5897'
2026-07-16 01:20:39  INFO      [01:20:36.620] SUCCESS via english_train32: plate='C 5897'  conf=0.171
2026-07-16 01:20:39  INFO      [01:20:36.620] -- /predict done --
2026-07-16 01:20:40  INFO      [01:20:40.217] -- /predict request received --
2026-07-16 01:20:40  INFO      [01:20:40.217] File: 'filename_prefix_00009_.png'
2026-07-16 01:20:40  INFO      [01:20:40.217] Saved to temp: C:\Users\MOHAME~1\AppData\Local\Temp\tmpt0bz7jxj.png  (1898627 bytes)
2026-07-16 01:20:40  INFO      [01:20:40.217] Trying 3 model(s): ['english_train32', 'english_train2', 'english_train']
2026-07-16 01:20:40  INFO      [01:20:40.217] Trying model: english_train32 (C:\Users\Mohamed Walid\Desktop\Internship\Code\runs\detect\runs\detect\english_train32\weights\best.pt)
2026-07-16 01:20:40  INFO      [01:20:40.217]   english_train32: box conf=0.805 xyxy=[972,1032,1120,1075]
2026-07-16 01:20:46  INFO      [01:20:40.217]   english_train32: OCR result = 'KE W3634'
2026-07-16 01:20:46  INFO      [01:20:40.217] SUCCESS via english_train32: plate='KE W3634'  conf=0.805
2026-07-16 01:20:46  INFO      [01:20:40.217] -- /predict done --
2026-07-16 01:20:47  INFO      [01:20:47.177] -- /predict request received --
2026-07-16 01:20:47  INFO      [01:20:47.177] File: 'filename_prefix_00010_.png'
2026-07-16 01:20:47  INFO      [01:20:47.177] Saved to temp: C:\Users\MOHAME~1\AppData\Local\Temp\tmpc61oe73u.png  (1252904 bytes)
2026-07-16 01:20:47  INFO      [01:20:47.177] Trying 3 model(s): ['english_train32', 'english_train2', 'english_train']
2026-07-16 01:20:47  INFO      [01:20:47.177] Trying model: english_train32 (C:\Users\Mohamed Walid\Desktop\Internship\Code\runs\detect\runs\detect\english_train32\weights\best.pt)
2026-07-16 01:20:47  INFO      [01:20:47.177]   english_train32: box conf=0.647 xyxy=[498,543,632,569]
2026-07-16 01:20:53  INFO      [01:20:47.177]   english_train32: OCR result = 'HETU- 1222'
2026-07-16 01:20:53  INFO      [01:20:47.177] SUCCESS via english_train32: plate='HETU- 1222'  conf=0.647
2026-07-16 01:20:53  INFO      [01:20:47.177] -- /predict done --
2026-07-16 01:20:53  INFO      [01:20:53.925] -- /predict request received --
2026-07-16 01:20:53  INFO      [01:20:53.925] File: 'filename_prefix_00011_.png'
2026-07-16 01:20:53  INFO      [01:20:53.925] Saved to temp: C:\Users\MOHAME~1\AppData\Local\Temp\tmpebgxym5c.png  (762679 bytes)
2026-07-16 01:20:53  INFO      [01:20:53.925] Trying 3 model(s): ['english_train32', 'english_train2', 'english_train']
2026-07-16 01:20:53  INFO      [01:20:53.925] Trying model: english_train32 (C:\Users\Mohamed Walid\Desktop\Internship\Code\runs\detect\runs\detect\english_train32\weights\best.pt)
2026-07-16 01:20:54  INFO      [01:20:53.925]   english_train32: box conf=0.805 xyxy=[682,509,788,538]
2026-07-16 01:21:01  INFO      [01:20:53.925]   english_train32: OCR result = 'KOXQPBZ'
2026-07-16 01:21:01  INFO      [01:20:53.925] SUCCESS via english_train32: plate='KOXQPBZ'  conf=0.805
2026-07-16 01:21:01  INFO      [01:20:53.925] -- /predict done --
2026-07-16 01:21:01  INFO      [01:21:01.408] -- /predict request received --
2026-07-16 01:21:01  INFO      [01:21:01.408] File: 'filename_prefix_00012_.png'
2026-07-16 01:21:01  INFO      [01:21:01.408] Saved to temp: C:\Users\MOHAME~1\AppData\Local\Temp\tmpx981_c4x.png  (1669558 bytes)
2026-07-16 01:21:01  INFO      [01:21:01.408] Trying 3 model(s): ['english_train32', 'english_train2', 'english_train']
2026-07-16 01:21:01  INFO      [01:21:01.408] Trying model: english_train32 (C:\Users\Mohamed Walid\Desktop\Internship\Code\runs\detect\runs\detect\english_train32\weights\best.pt)
2026-07-16 01:21:02  INFO      [01:21:01.408]   english_train32: box conf=0.505 xyxy=[771,1138,894,1182]
2026-07-16 01:21:08  INFO      [01:21:01.408]   english_train32: OCR result = 'MBS D'
2026-07-16 01:21:08  INFO      [01:21:01.408] SUCCESS via english_train32: plate='MBS D'  conf=0.505
2026-07-16 01:21:08  INFO      [01:21:01.408] -- /predict done --
2026-07-16 01:21:08  INFO      [01:21:08.675] -- /predict request received --
2026-07-16 01:21:08  INFO      [01:21:08.675] File: 'filename_prefix_00013_.png'
2026-07-16 01:21:08  INFO      [01:21:08.675] Saved to temp: C:\Users\MOHAME~1\AppData\Local\Temp\tmpc5td1b3n.png  (929646 bytes)
2026-07-16 01:21:08  INFO      [01:21:08.675] Trying 3 model(s): ['english_train32', 'english_train2', 'english_train']
2026-07-16 01:21:08  INFO      [01:21:08.675] Trying model: english_train32 (C:\Users\Mohamed Walid\Desktop\Internship\Code\runs\detect\runs\detect\english_train32\weights\best.pt)
2026-07-16 01:21:09  INFO      [01:21:08.675]   english_train32: box conf=0.752 xyxy=[501,703,601,736]
2026-07-16 01:21:15  INFO      [01:21:08.675]   english_train32: OCR result = '1999'
2026-07-16 01:21:15  INFO      [01:21:08.675] SUCCESS via english_train32: plate='1999'  conf=0.752
2026-07-16 01:21:15  INFO      [01:21:08.675] -- /predict done --
2026-07-16 01:21:16  INFO      [01:21:16.052] -- /predict request received --
2026-07-16 01:21:16  INFO      [01:21:16.052] File: 'filename_prefix_00014_.png'
2026-07-16 01:21:16  INFO      [01:21:16.052] Saved to temp: C:\Users\MOHAME~1\AppData\Local\Temp\tmp7bke0w_c.png  (796836 bytes)
2026-07-16 01:21:16  INFO      [01:21:16.052] Trying 3 model(s): ['english_train32', 'english_train2', 'english_train']
2026-07-16 01:21:16  INFO      [01:21:16.052] Trying model: english_train32 (C:\Users\Mohamed Walid\Desktop\Internship\Code\runs\detect\runs\detect\english_train32\weights\best.pt)
2026-07-16 01:21:17  INFO      [01:21:16.052]   english_train32: box conf=0.803 xyxy=[413,764,548,800]
2026-07-16 01:21:23  INFO      [01:21:16.052]   english_train32: OCR result = 'LUKM2336'
2026-07-16 01:21:23  INFO      [01:21:16.052] SUCCESS via english_train32: plate='LUKM2336'  conf=0.803
2026-07-16 01:21:23  INFO      [01:21:16.052] -- /predict done --
2026-07-16 01:21:23  INFO      [01:21:23.835] -- /predict request received --
2026-07-16 01:21:23  INFO      [01:21:23.835] File: 'filename_prefix_00015_.png'
2026-07-16 01:21:23  INFO      [01:21:23.835] Saved to temp: C:\Users\MOHAME~1\AppData\Local\Temp\tmpxsy9ad_o.png  (3191075 bytes)
2026-07-16 01:21:23  INFO      [01:21:23.835] Trying 3 model(s): ['english_train32', 'english_train2', 'english_train']
2026-07-16 01:21:23  INFO      [01:21:23.835] Trying model: english_train32 (C:\Users\Mohamed Walid\Desktop\Internship\Code\runs\detect\runs\detect\english_train32\weights\best.pt)
2026-07-16 01:21:24  INFO      [01:21:23.835]   english_train32: box conf=0.670 xyxy=[833,1014,1012,1069]
2026-07-16 01:21:31  INFO      [01:21:23.835]   english_train32: OCR result = 'T41222'
2026-07-16 01:21:31  INFO      [01:21:23.835] SUCCESS via english_train32: plate='T41222'  conf=0.670
2026-07-16 01:21:31  INFO      [01:21:23.835] -- /predict done --
2026-07-16 01:21:31  INFO      [01:21:31.508] -- /predict request received --
2026-07-16 01:21:31  INFO      [01:21:31.508] File: 'filename_prefix_00016_.png'
2026-07-16 01:21:31  INFO      [01:21:31.508] Saved to temp: C:\Users\MOHAME~1\AppData\Local\Temp\tmpjsznwoks.png  (966554 bytes)
2026-07-16 01:21:31  INFO      [01:21:31.508] Trying 3 model(s): ['english_train32', 'english_train2', 'english_train']
2026-07-16 01:21:31  INFO      [01:21:31.508] Trying model: english_train32 (C:\Users\Mohamed Walid\Desktop\Internship\Code\runs\detect\runs\detect\english_train32\weights\best.pt)
2026-07-16 01:21:32  INFO      [01:21:31.508]   english_train32: box conf=0.843 xyxy=[361,738,497,776]
2026-07-16 01:21:37  INFO      [01:21:31.508]   english_train32: OCR result = 'NES SU 782'
2026-07-16 01:21:38  INFO      [01:21:31.508] SUCCESS via english_train32: plate='NES SU 782'  conf=0.843
2026-07-16 01:21:38  INFO      [01:21:31.508] -- /predict done --
2026-07-16 01:21:38  INFO      [01:21:38.360] -- /predict request received --
2026-07-16 01:21:38  INFO      [01:21:38.360] File: 'filename_prefix_00017_.png'
2026-07-16 01:21:38  INFO      [01:21:38.360] Saved to temp: C:\Users\MOHAME~1\AppData\Local\Temp\tmp2rmvwqqj.png  (1805209 bytes)
2026-07-16 01:21:38  INFO      [01:21:38.360] Trying 3 model(s): ['english_train32', 'english_train2', 'english_train']
2026-07-16 01:21:38  INFO      [01:21:38.360] Trying model: english_train32 (C:\Users\Mohamed Walid\Desktop\Internship\Code\runs\detect\runs\detect\english_train32\weights\best.pt)
2026-07-16 01:21:39  INFO      [01:21:38.360]   english_train32: box conf=0.727 xyxy=[735,682,899,719]
2026-07-16 01:21:45  INFO      [01:21:38.360]   english_train32: OCR result = 'KO-XG 187|'
2026-07-16 01:21:45  INFO      [01:21:38.360] SUCCESS via english_train32: plate='KO-XG 187|'  conf=0.727
2026-07-16 01:21:45  INFO      [01:21:38.360] -- /predict done --
2026-07-16 01:21:45  INFO      [01:21:45.864] -- /predict request received --
2026-07-16 01:21:45  INFO      [01:21:45.864] File: 'filename_prefix_00018_.png'
2026-07-16 01:21:45  INFO      [01:21:45.864] Saved to temp: C:\Users\MOHAME~1\AppData\Local\Temp\tmpxg2yw4p_.png  (1020812 bytes)
2026-07-16 01:21:45  INFO      [01:21:45.864] Trying 3 model(s): ['english_train32', 'english_train2', 'english_train']
2026-07-16 01:21:45  INFO      [01:21:45.864] Trying model: english_train32 (C:\Users\Mohamed Walid\Desktop\Internship\Code\runs\detect\runs\detect\english_train32\weights\best.pt)
2026-07-16 01:21:46  INFO      [01:21:45.864]   english_train32: box conf=0.848 xyxy=[55,814,186,852]
2026-07-16 01:21:52  INFO      [01:21:45.864]   english_train32: OCR result = 'NZ R 6301'
2026-07-16 01:21:52  INFO      [01:21:45.864] SUCCESS via english_train32: plate='NZ R 6301'  conf=0.848
2026-07-16 01:21:52  INFO      [01:21:45.864] -- /predict done --
2026-07-16 01:21:52  INFO      [01:21:52.515] -- /predict request received --
2026-07-16 01:21:52  INFO      [01:21:52.515] File: 'filename_prefix_00019_.png'
2026-07-16 01:21:52  INFO      [01:21:52.515] Saved to temp: C:\Users\MOHAME~1\AppData\Local\Temp\tmp1xirtzfr.png  (1995124 bytes)
2026-07-16 01:21:52  INFO      [01:21:52.515] Trying 3 model(s): ['english_train32', 'english_train2', 'english_train']
2026-07-16 01:21:52  INFO      [01:21:52.515] Trying model: english_train32 (C:\Users\Mohamed Walid\Desktop\Internship\Code\runs\detect\runs\detect\english_train32\weights\best.pt)
2026-07-16 01:21:53  INFO      [01:21:52.515]   english_train32: box conf=0.714 xyxy=[1101,983,1287,1035]
2026-07-16 01:21:59  INFO      [01:21:52.515]   english_train32: OCR result = 'WF 1229'
2026-07-16 01:21:59  INFO      [01:21:52.515] SUCCESS via english_train32: plate='WF 1229'  conf=0.714
2026-07-16 01:21:59  INFO      [01:21:52.515] -- /predict done --
2026-07-16 18:19:13  INFO      ============================================================
2026-07-16 18:19:13  INFO      PlateVision server starting
2026-07-16 18:19:13  INFO      Log file: C:\Users\Mohamed Walid\Desktop\Internship\Code\logs\predict.log
2026-07-16 18:19:13  INFO      ============================================================
2026-07-16 18:19:15  INFO      English pipeline weights path: C:\Users\Mohamed Walid\Desktop\Internship\Code\runs\detect\runs\detect\english_train32\weights\best.pt
2026-07-16 18:19:15  INFO        [OK] Weights file exists (12041 KB)
2026-07-16 18:19:15  INFO      Available models: ['english_train32', 'english_train2', 'english_train']
2026-07-16 18:26:32  WARNING   MongoDB device save failed: localhost:27017: [WinError 10061] No connection could be made because the target machine actively refused it (configured timeouts: socketTimeoutMS: 20000.0ms, connectTimeoutMS: 20000.0ms), Timeout: 3.0s, Topology Description: <TopologyDescription id: 6a5912ec7d3820d6673f26b9, topology_type: Unknown, servers: [<ServerDescription ('localhost', 27017) server_type: Unknown, rtt: None, error=AutoReconnect('localhost:27017: [WinError 10061] No connection could be made because the target machine actively refused it (configured timeouts: socketTimeoutMS: 20000.0ms, connectTimeoutMS: 20000.0ms)')>]>
2026-07-16 18:26:32  INFO      [livestream] Connected to IP Webcam @ http://192.168.100.25:8080/video  session=077256f1-d599-4ab5-973e-71bd90aa1ffb
2026-07-16 18:28:34  INFO      [livestream] Disconnected. session=077256f1-d599-4ab5-973e-71bd90aa1ffb
2026-07-16 18:28:43  WARNING   MongoDB device save failed: localhost:27017: [WinError 10061] No connection could be made because the target machine actively refused it (configured timeouts: socketTimeoutMS: 20000.0ms, connectTimeoutMS: 20000.0ms), Timeout: 3.0s, Topology Description: <TopologyDescription id: 6a5912ec7d3820d6673f26b9, topology_type: Unknown, servers: [<ServerDescription ('localhost', 27017) server_type: Unknown, rtt: None, error=AutoReconnect('localhost:27017: [WinError 10061] No connection could be made because the target machine actively refused it (configured timeouts: socketTimeoutMS: 20000.0ms, connectTimeoutMS: 20000.0ms)')>]>
2026-07-16 18:28:43  INFO      [livestream] Connected to IP Webcam @ http://192.168.100.25:8080/video  session=eb71d69a-74f8-4345-a79f-a1e88f24df61
2026-07-16 19:12:38  INFO      ============================================================
2026-07-16 19:12:38  INFO      PlateVision server starting
2026-07-16 19:12:38  INFO      Log file: C:\Users\Mohamed Walid\Desktop\Internship\Code\logs\predict.log
2026-07-16 19:12:38  INFO      ============================================================
2026-07-16 19:12:38  INFO      English pipeline weights path: C:\Users\Mohamed Walid\Desktop\Internship\Code\runs\detect\runs\detect\english_train32\weights\best.pt
2026-07-16 19:12:38  INFO        [OK] Weights file exists (12041 KB)
2026-07-16 19:12:38  INFO      Available models: ['english_train32', 'english_train2', 'english_train']
2026-07-17 15:12:47  INFO      ============================================================
2026-07-17 15:12:47  INFO      PlateVision server starting
2026-07-17 15:12:47  INFO      Log file: C:\Users\Mohamed Walid\Desktop\Internship\Code\logs\predict.log
2026-07-17 15:12:47  INFO      ============================================================
2026-07-17 15:12:50  INFO      English pipeline weights path: C:\Users\Mohamed Walid\Desktop\Internship\Code\runs\detect\runs\detect\english_train32\weights\best.pt
2026-07-17 15:12:50  INFO        [OK] Weights file exists (12041 KB)
2026-07-17 15:12:50  INFO      Available models: ['english_train32', 'english_train2', 'english_train']
2026-07-17 15:21:09  INFO      ============================================================
2026-07-17 15:21:09  INFO      PlateVision server starting
2026-07-17 15:21:09  INFO      Log file: C:\Users\Mohamed Walid\Desktop\Internship\Code\logs\predict.log
2026-07-17 15:21:09  INFO      ============================================================
2026-07-17 15:21:10  INFO      English pipeline weights path: C:\Users\Mohamed Walid\Desktop\Internship\Code\runs\detect\runs\detect\english_train32\weights\best.pt
2026-07-17 15:21:10  INFO        [OK] Weights file exists (12041 KB)
2026-07-17 15:21:10  INFO      Available models: ['english_train32', 'english_train2', 'english_train']
2026-07-17 17:25:04  INFO      [livestream] Connected to IP Webcam @ http://192.168.100.25:8080/video  session=90ca5980-76f5-41bd-bdc6-faf4cdf4d115
2026-07-17 19:26:56  INFO      ============================================================
2026-07-17 19:26:56  INFO      PlateVision server starting
2026-07-17 19:26:56  INFO      Log file: C:\Users\Mohamed Walid\Desktop\Internship\Code\logs\predict.log
2026-07-17 19:26:56  INFO      ============================================================
2026-07-17 19:26:59  INFO      English pipeline weights path: C:\Users\Mohamed Walid\Desktop\Internship\Code\runs\detect\runs\detect\english_train32\weights\best.pt
2026-07-17 19:26:59  INFO        [OK] Weights file exists (12041 KB)
2026-07-17 19:26:59  INFO      Available models: ['english_train32', 'english_train2', 'english_train']
2026-07-18 16:56:27  INFO      ============================================================
2026-07-18 16:56:27  INFO      PlateVision server starting
2026-07-18 16:56:27  INFO      Log file: C:\Users\Mohamed Walid\Desktop\Internship\Code\logs\predict.log
2026-07-18 16:56:27  INFO      ============================================================
2026-07-18 16:56:29  INFO      English pipeline weights path: C:\Users\Mohamed Walid\Desktop\Internship\Code\runs\detect\runs\detect\english_train32\weights\best.pt
2026-07-18 16:56:29  INFO        [OK] Weights file exists (12041 KB)
2026-07-18 16:56:29  INFO      Available models: ['english_train32', 'english_train2', 'english_train']
2026-07-18 16:57:13  INFO      [supervisor] Added to whitelist: '12345 B 06'
2026-07-18 16:57:13  INFO      [supervisor] Added to blacklist: '99999 W 01'
2026-07-22 06:10:20  INFO      ============================================================
2026-07-22 06:10:20  INFO      PlateVision server starting
2026-07-22 06:10:20  INFO      Log file: C:\Users\Mohamed Walid\Desktop\Internship\Code\logs\predict.log
2026-07-22 06:10:20  INFO      ============================================================
2026-07-22 06:10:23  INFO      English pipeline weights path: C:\Users\Mohamed Walid\Desktop\Internship\Code\runs\detect\runs\detect\english_train32\weights\best.pt
2026-07-22 06:10:23  INFO        [OK] Weights file exists (12041 KB)
2026-07-22 06:10:23  INFO      Available models: ['english_train32', 'english_train2', 'english_train']
2026-07-22 06:20:39  INFO      [06:20:39.729] -- /predict request received --
2026-07-22 06:20:39  INFO      [06:20:39.729] File: 'Screenshot 2026-07-15 133740.png'
2026-07-22 06:20:39  INFO      [06:20:39.729] Saved to temp: C:\Users\MOHAME~1\AppData\Local\Temp\tmpbgbkbgai.png  (864956 bytes)
2026-07-22 06:21:04  INFO      [06:20:39.729] Trying 3 model(s): ['english_train32', 'english_train2', 'english_train']
2026-07-22 06:21:04  INFO      [06:20:39.729] Trying model: english_train32 (C:\Users\Mohamed Walid\Desktop\Internship\Code\runs\detect\runs\detect\english_train32\weights\best.pt)
2026-07-22 06:21:05  INFO      [06:20:39.729]   english_train32: no boxes — skipping
2026-07-22 06:21:05  INFO      [06:20:39.729] Trying model: english_train2 (C:\Users\Mohamed Walid\Desktop\Internship\Code\runs\detect\runs\detect\english_train2\weights\best.pt)
2026-07-22 06:21:06  INFO      [06:20:39.729]   english_train2: box conf=0.346 xyxy=[341,339,609,462]
2026-07-22 06:21:12  INFO      [06:20:39.729]   english_train2: OCR result = '65997'
2026-07-22 06:21:12  INFO      [06:20:39.729] SUCCESS via english_train2: plate='65997'  conf=0.346
2026-07-22 06:21:12  INFO      [06:20:39.729] -- /predict done --
2026-07-22 06:21:36  INFO      [06:21:36.925] -- /predict_arabic request received --
2026-07-22 06:21:36  INFO      [06:21:36.925] Arabic inference: Screenshot 2026-07-15 133740.png (864956 bytes)
2026-07-22 06:21:50  INFO      [06:21:36.925] Detected: True  Plate: 65997 | أ
2026-07-22 06:21:50  INFO      [06:21:36.925]   left_seq=65997  letter=أ  region=  city=Unknown
2026-07-22 06:21:50  INFO      [06:21:36.925]   raw_fast="PlatePrediction(plate='65997III', char_probs=None, region='Belarus', region_prob=None)"  raw_ar='55997 أ ٠ 44'
2026-07-22 06:21:50  INFO      [06:21:36.925] -- /predict_arabic done --
2026-07-22 06:22:21  INFO      [06:22:21.441] -- /predict request received --
2026-07-22 06:22:21  INFO      [06:22:21.441] File: 'WhatsApp Image 2026-07-15 at 21.04.21 (1).jpeg'
2026-07-22 06:22:21  INFO      [06:22:21.441] Saved to temp: C:\Users\MOHAME~1\AppData\Local\Temp\tmpxumwohjs.jpeg  (192187 bytes)
2026-07-22 06:22:21  INFO      [06:22:21.441] Trying 3 model(s): ['english_train32', 'english_train2', 'english_train']
2026-07-22 06:22:21  INFO      [06:22:21.441] Trying model: english_train32 (C:\Users\Mohamed Walid\Desktop\Internship\Code\runs\detect\runs\detect\english_train32\weights\best.pt)
2026-07-22 06:22:22  INFO      [06:22:21.441]   english_train32: box conf=0.711 xyxy=[382,427,1065,597]
2026-07-22 06:22:29  INFO      [06:22:21.441]   english_train32: OCR result = 'DG 368-K'
2026-07-22 06:22:29  INFO      [06:22:21.441] SUCCESS via english_train32: plate='DG 368-K'  conf=0.711
2026-07-22 06:22:29  INFO      [06:22:21.441] -- /predict done --
2026-07-22 06:23:10  INFO      [06:23:10.680] -- /predict request received --
2026-07-22 06:23:10  INFO      [06:23:10.680] File: 'WhatsApp Image 2026-07-15 at 21.04.21 (1).jpeg'
2026-07-22 06:23:10  INFO      [06:23:10.680] Saved to temp: C:\Users\MOHAME~1\AppData\Local\Temp\tmpzc50wssd.jpeg  (192187 bytes)
2026-07-22 06:23:10  INFO      [06:23:10.680] Trying 3 model(s): ['english_train32', 'english_train2', 'english_train']
2026-07-22 06:23:10  INFO      [06:23:10.680] Trying model: english_train32 (C:\Users\Mohamed Walid\Desktop\Internship\Code\runs\detect\runs\detect\english_train32\weights\best.pt)
2026-07-22 06:23:11  INFO      [06:23:10.680]   english_train32: box conf=0.711 xyxy=[382,427,1065,597]
2026-07-22 06:23:18  INFO      [06:23:10.680]   english_train32: OCR result = 'DG 368-K'
2026-07-22 06:23:18  INFO      [06:23:10.680] SUCCESS via english_train32: plate='DG 368-K'  conf=0.711
2026-07-22 06:23:18  INFO      [06:23:10.680] -- /predict done --
2026-07-22 06:23:18  INFO      [06:23:18.790] -- /predict request received --
2026-07-22 06:23:18  INFO      [06:23:18.790] File: 'images (1).jpg'
2026-07-22 06:23:18  INFO      [06:23:18.790] Saved to temp: C:\Users\MOHAME~1\AppData\Local\Temp\tmp7qyz5dyq.jpg  (33059 bytes)
2026-07-22 06:23:18  INFO      [06:23:18.790] Trying 3 model(s): ['english_train32', 'english_train2', 'english_train']
2026-07-22 06:23:18  INFO      [06:23:18.790] Trying model: english_train32 (C:\Users\Mohamed Walid\Desktop\Internship\Code\runs\detect\runs\detect\english_train32\weights\best.pt)
2026-07-22 06:23:19  INFO      [06:23:18.790]   english_train32: box conf=0.819 xyxy=[167,252,248,284]
2026-07-22 06:23:25  INFO      [06:23:18.790]   english_train32: OCR result = 'GDSKUL'
2026-07-22 06:23:25  INFO      [06:23:18.790] SUCCESS via english_train32: plate='GDSKUL'  conf=0.819
2026-07-22 06:23:25  INFO      [06:23:18.790] -- /predict done --
2026-07-22 06:23:25  INFO      [06:23:25.529] -- /predict request received --
2026-07-22 06:23:25  INFO      [06:23:25.529] File: 'product_11443651sf.jpg'
2026-07-22 06:23:25  INFO      [06:23:25.529] Saved to temp: C:\Users\MOHAME~1\AppData\Local\Temp\tmpnwc_f9lf.jpg  (15264 bytes)
2026-07-22 06:23:25  INFO      [06:23:25.529] Trying 3 model(s): ['english_train32', 'english_train2', 'english_train']
2026-07-22 06:23:25  INFO      [06:23:25.529] Trying model: english_train32 (C:\Users\Mohamed Walid\Desktop\Internship\Code\runs\detect\runs\detect\english_train32\weights\best.pt)
2026-07-22 06:23:26  INFO      [06:23:25.529]   english_train32: box conf=0.360 xyxy=[2,98,466,197]
2026-07-22 06:23:32  INFO      [06:23:25.529]   english_train32: OCR result = '8212 HKT'
2026-07-22 06:23:32  INFO      [06:23:25.529] SUCCESS via english_train32: plate='8212 HKT'  conf=0.360
2026-07-22 06:23:32  INFO      [06:23:25.529] -- /predict done --
2026-07-22 06:23:32  INFO      [06:23:32.854] -- /predict request received --
2026-07-22 06:23:32  INFO      [06:23:32.854] File: 'WhatsApp Image 2026-07-06 at 03.35.26.jpeg'
2026-07-22 06:23:32  INFO      [06:23:32.854] Saved to temp: C:\Users\MOHAME~1\AppData\Local\Temp\tmppa073sp9.jpeg  (233908 bytes)
2026-07-22 06:23:32  INFO      [06:23:32.854] Trying 3 model(s): ['english_train32', 'english_train2', 'english_train']
2026-07-22 06:23:32  INFO      [06:23:32.854] Trying model: english_train32 (C:\Users\Mohamed Walid\Desktop\Internship\Code\runs\detect\runs\detect\english_train32\weights\best.pt)
2026-07-22 06:23:33  INFO      [06:23:32.854]   english_train32: box conf=0.612 xyxy=[438,404,996,578]
2026-07-22 06:23:40  INFO      [06:23:32.854]   english_train32: OCR result = 'FX 477 SE'
2026-07-22 06:23:40  INFO      [06:23:32.854] SUCCESS via english_train32: plate='FX 477 SE'  conf=0.612
2026-07-22 06:23:40  INFO      [06:23:32.854] -- /predict done --
2026-07-22 06:26:03  INFO      [06:26:03.271] ── /predict_video request received ─────────────────
2026-07-22 06:26:03  INFO      [06:26:03.271] Video: 'WhatsApp Video 2026-07-03 at 14.19.17.mp4'  frame_skip=15  conf=0.15  engine=tesseract_ar
2026-07-22 06:26:03  INFO      [06:26:03.271] Video saved: C:\Users\MOHAME~1\AppData\Local\Temp\tmpog8eyns0.mp4  (1596 KB)
2026-07-22 06:26:03  INFO      [06:26:03.271] Arabic pipeline weights: C:\Users\Mohamed Walid\Desktop\Internship\Code\runs\detect\runs\detect\arabic_train\weights\best.pt
2026-07-22 06:26:04  INFO      [06:26:03.271] Video: fps=29.5  frames=217  duration=7.3s
2026-07-22 06:26:04  INFO      [06:26:03.271] frame=0 ts=0.0s → box conf=0.692 xyxy=[164,220,614,346]
2026-07-22 06:26:04  INFO      [06:26:03.271]   OCR [tesseract_ar] = '[pytesseract not installed – run: pip install pytesseract]'
2026-07-22 06:26:05  INFO      [06:26:03.271] frame=15 ts=0.51s → box conf=0.673 xyxy=[205,219,654,345]
2026-07-22 06:26:05  INFO      [06:26:03.271]   OCR [tesseract_ar] = '[pytesseract not installed – run: pip install pytesseract]'
2026-07-22 06:26:05  INFO      [06:26:03.271] frame=30 ts=1.02s → box conf=0.646 xyxy=[202,219,652,343]
2026-07-22 06:26:05  INFO      [06:26:03.271]   OCR [tesseract_ar] = '[pytesseract not installed – run: pip install pytesseract]'
2026-07-22 06:26:05  INFO      [06:26:03.271] frame=45 ts=1.52s → box conf=0.719 xyxy=[189,187,655,328]
2026-07-22 06:26:05  INFO      [06:26:03.271]   OCR [tesseract_ar] = '[pytesseract not installed – run: pip install pytesseract]'
2026-07-22 06:26:06  INFO      [06:26:03.271] frame=60 ts=2.03s → box conf=0.810 xyxy=[210,183,661,344]
2026-07-22 06:26:06  INFO      [06:26:03.271]   OCR [tesseract_ar] = '[pytesseract not installed – run: pip install pytesseract]'
2026-07-22 06:26:06  INFO      [06:26:03.271] frame=75 ts=2.54s → box conf=0.705 xyxy=[212,194,660,317]
2026-07-22 06:26:06  INFO      [06:26:03.271]   OCR [tesseract_ar] = '[pytesseract not installed – run: pip install pytesseract]'
2026-07-22 06:26:07  INFO      [06:26:03.271] frame=90 ts=3.05s → box conf=0.786 xyxy=[226,200,670,345]
2026-07-22 06:26:07  INFO      [06:26:03.271]   OCR [tesseract_ar] = '[pytesseract not installed – run: pip install pytesseract]'
2026-07-22 06:26:07  INFO      [06:26:03.271] frame=105 ts=3.55s → box conf=0.731 xyxy=[233,186,667,324]
2026-07-22 06:26:07  INFO      [06:26:03.271]   OCR [tesseract_ar] = '[pytesseract not installed – run: pip install pytesseract]'
2026-07-22 06:26:07  INFO      [06:26:03.271] frame=120 ts=4.06s → box conf=0.864 xyxy=[228,208,638,345]
2026-07-22 06:26:07  INFO      [06:26:03.271]   OCR [tesseract_ar] = '[pytesseract not installed – run: pip install pytesseract]'
2026-07-22 06:26:07  INFO      [06:26:03.271] frame=135 ts=4.57s → box conf=0.837 xyxy=[214,232,615,383]
2026-07-22 06:26:07  INFO      [06:26:03.271]   OCR [tesseract_ar] = '[pytesseract not installed – run: pip install pytesseract]'
2026-07-22 06:26:08  INFO      [06:26:03.271] frame=150 ts=5.08s → box conf=0.674 xyxy=[187,218,593,381]
2026-07-22 06:26:08  INFO      [06:26:03.271]   OCR [tesseract_ar] = '[pytesseract not installed – run: pip install pytesseract]'
2026-07-22 06:26:08  INFO      [06:26:03.271] frame=165 ts=5.59s → box conf=0.747 xyxy=[186,215,594,385]
2026-07-22 06:26:08  INFO      [06:26:03.271]   OCR [tesseract_ar] = '[pytesseract not installed – run: pip install pytesseract]'
2026-07-22 06:26:09  INFO      [06:26:03.271] frame=180 ts=6.09s → box conf=0.764 xyxy=[172,220,577,380]
2026-07-22 06:26:09  INFO      [06:26:03.271]   OCR [tesseract_ar] = '[pytesseract not installed – run: pip install pytesseract]'
2026-07-22 06:26:09  INFO      [06:26:03.271] frame=195 ts=6.6s → box conf=0.761 xyxy=[178,196,578,314]
2026-07-22 06:26:09  INFO      [06:26:03.271]   OCR [tesseract_ar] = '[pytesseract not installed – run: pip install pytesseract]'
2026-07-22 06:26:09  INFO      [06:26:03.271] frame=210 ts=7.11s → box conf=0.769 xyxy=[189,221,584,344]
2026-07-22 06:26:09  INFO      [06:26:03.271]   OCR [tesseract_ar] = '[pytesseract not installed – run: pip install pytesseract]'
2026-07-22 06:26:09  INFO      [06:26:03.271] Video done. Plates found: 15  Unique: 1
2026-07-22 06:30:00  INFO      [06:30:00.270] ── /predict_video request received ─────────────────
2026-07-22 06:30:00  INFO      [06:30:00.270] Video: 'WhatsApp Video 2026-07-03 at 14.19.17.mp4'  frame_skip=15  conf=0.15  engine=tesseract_ar
2026-07-22 06:30:00  INFO      [06:30:00.270] Video saved: C:\Users\MOHAME~1\AppData\Local\Temp\tmp5hgpu77s.mp4  (1596 KB)
2026-07-22 06:30:00  INFO      [06:30:00.270] Arabic pipeline weights: C:\Users\Mohamed Walid\Desktop\Internship\Code\runs\detect\runs\detect\arabic_train\weights\best.pt
2026-07-22 06:30:00  INFO      [06:30:00.270] Video: fps=29.5  frames=217  duration=7.3s
2026-07-22 06:30:01  INFO      [06:30:00.270] frame=0 ts=0.0s → box conf=0.692 xyxy=[164,220,614,346]
2026-07-22 06:30:04  ERROR     [06:30:00.270] Video exception:
Traceback (most recent call last):
  File "C:\Anaconda\envs\yolo_env\lib\site-packages\pytesseract\pytesseract.py", line 275, in run_tesseract
    proc = subprocess.Popen(cmd_args, **subprocess_args())
  File "C:\Anaconda\envs\yolo_env\lib\subprocess.py", line 971, in __init__
    self._execute_child(args, executable, preexec_fn, close_fds,
  File "C:\Anaconda\envs\yolo_env\lib\subprocess.py", line 1456, in _execute_child
    hp, ht, pid, tid = _winapi.CreateProcess(executable, args,
FileNotFoundError: [WinError 2] The system cannot find the file specified

During handling of the above exception, another exception occurred:

Traceback (most recent call last):
  File "C:\Users\Mohamed Walid\Desktop\Internship\Code\app.py", line 548, in generate
    plate_text = ocr_fn(crop_proc)
  File "C:\Users\Mohamed Walid\Desktop\Internship\Code\arabic_pipeline.py", line 325, in <lambda>
    "tesseract_ar":       lambda img: _run_tesseract(img, lang="ara"),
  File "C:\Users\Mohamed Walid\Desktop\Internship\Code\arabic_pipeline.py", line 303, in _run_tesseract
    text      = pytesseract.image_to_string(gray, config=cfg)
  File "C:\Anaconda\envs\yolo_env\lib\site-packages\pytesseract\pytesseract.py", line 486, in image_to_string
    return {
  File "C:\Anaconda\envs\yolo_env\lib\site-packages\pytesseract\pytesseract.py", line 489, in <lambda>
    Output.STRING: lambda: run_and_get_output(*args),
  File "C:\Anaconda\envs\yolo_env\lib\site-packages\pytesseract\pytesseract.py", line 352, in run_and_get_output
    run_tesseract(**kwargs)
  File "C:\Anaconda\envs\yolo_env\lib\site-packages\pytesseract\pytesseract.py", line 280, in run_tesseract
    raise TesseractNotFoundError()
pytesseract.pytesseract.TesseractNotFoundError: tesseract is not installed or it's not in your PATH. See README file for more information.

2026-07-22 06:33:01  INFO      ============================================================
2026-07-22 06:33:01  INFO      PlateVision server starting
2026-07-22 06:33:01  INFO      Log file: C:\Users\Mohamed Walid\Desktop\Internship\Code\logs\predict.log
2026-07-22 06:33:01  INFO      ============================================================
2026-07-22 06:33:02  INFO      English pipeline weights path: C:\Users\Mohamed Walid\Desktop\Internship\Code\runs\detect\runs\detect\english_train32\weights\best.pt
2026-07-22 06:33:02  INFO        [OK] Weights file exists (12041 KB)
2026-07-22 06:33:02  INFO      Available models: ['english_train32', 'english_train2', 'english_train']
2026-07-22 06:35:31  INFO      [06:35:31.795] -- /predict_arabic request received --
2026-07-22 06:35:31  INFO      [06:35:31.795] Arabic inference: marokko_8.jpg (32613 bytes)
2026-07-22 06:35:42  INFO      [06:35:31.795] Detected: True  Plate: 7631 | ب | 8
2026-07-22 06:35:42  INFO      [06:35:31.795]   left_seq=7631  letter=ب  region=8  city=Settat
2026-07-22 06:35:42  INFO      [06:35:31.795]   raw_fast="PlatePrediction(plate='7631II8', char_probs=None, region='Belarus', region_prob=None)"  raw_ar='٥ ١ب١ 7531 ٨٤٨3٧١{ |8٢0 ةطع   55٤و ش82 54 022 4  9^عى/83  :ع3؟'
2026-07-22 06:35:42  INFO      [06:35:31.795] -- /predict_arabic done --
2026-07-22 06:35:42  INFO      [06:35:42.781] -- /predict_arabic request received --
2026-07-22 06:35:42  INFO      [06:35:42.781] Arabic inference: marokko_6.jpg (27255 bytes)
2026-07-22 06:35:45  INFO      [06:35:42.781] Detected: True  Plate: 77143 | د
2026-07-22 06:35:45  INFO      [06:35:42.781]   left_seq=77143  letter=د  region=  city=Unknown
2026-07-22 06:35:45  INFO      [06:35:42.781]   raw_fast="PlatePrediction(plate='77143I', char_probs=None, region='Belarus', region_prob=None)"  raw_ar='/ د / 77143'
2026-07-22 06:35:45  INFO      [06:35:42.781] -- /predict_arabic done --
2026-07-22 06:35:45  INFO      [06:35:45.781] -- /predict_arabic request received --
2026-07-22 06:35:45  INFO      [06:35:45.781] Arabic inference: Car_license_plate_of_Morocco_in_Spain.jpg (312204 bytes)
2026-07-22 06:35:59  INFO      [06:35:45.781] Detected: True  Plate: 60567 | ا
2026-07-22 06:35:59  INFO      [06:35:45.781]   left_seq=60567  letter=ا  region=  city=Unknown
2026-07-22 06:35:59  INFO      [06:35:45.781]   raw_fast="PlatePrediction(plate='60567IAI', char_probs=None, region='Belarus', region_prob=None)"  raw_ar='5٥5٥7 ان آ'
2026-07-22 06:35:59  INFO      [06:35:45.781] -- /predict_arabic done --
2026-07-22 06:36:45  INFO      [06:36:45.767] -- /predict_arabic request received --
2026-07-22 06:36:45  INFO      [06:36:45.767] Arabic inference: marokko_8.jpg (32613 bytes)
2026-07-22 06:36:56  INFO      [06:36:45.767] Detected: True  Plate: 7631 | ب | 8
2026-07-22 06:36:56  INFO      [06:36:45.767]   left_seq=7631  letter=ب  region=8  city=Settat
2026-07-22 06:36:56  INFO      [06:36:45.767]   raw_fast="PlatePrediction(plate='7631II8', char_probs=None, region='Belarus', region_prob=None)"  raw_ar='٥ ١ب١ 7531 ٨٤٨3٧١{ |8٢0 ةطع   55٤و ش82 54 022 4  9^عى/83  :ع3؟'
2026-07-22 06:36:56  INFO      [06:36:45.767] -- /predict_arabic done --
2026-07-22 06:36:56  INFO      [06:36:56.508] -- /predict_arabic request received --
2026-07-22 06:36:56  INFO      [06:36:56.508] Arabic inference: marokko_6.jpg (27255 bytes)
2026-07-22 06:36:59  INFO      [06:36:56.508] Detected: True  Plate: 77143 | د
2026-07-22 06:36:59  INFO      [06:36:56.508]   left_seq=77143  letter=د  region=  city=Unknown
2026-07-22 06:36:59  INFO      [06:36:56.508]   raw_fast="PlatePrediction(plate='77143I', char_probs=None, region='Belarus', region_prob=None)"  raw_ar='/ د / 77143'
2026-07-22 06:36:59  INFO      [06:36:56.508] -- /predict_arabic done --
2026-07-22 06:36:59  INFO      [06:36:59.578] -- /predict_arabic request received --
2026-07-22 06:36:59  INFO      [06:36:59.578] Arabic inference: Car_license_plate_of_Morocco_in_Spain.jpg (312204 bytes)
2026-07-22 06:37:12  INFO      [06:36:59.578] Detected: True  Plate: 60567 | ا
2026-07-22 06:37:12  INFO      [06:36:59.578]   left_seq=60567  letter=ا  region=  city=Unknown
2026-07-22 06:37:12  INFO      [06:36:59.578]   raw_fast="PlatePrediction(plate='60567IAI', char_probs=None, region='Belarus', region_prob=None)"  raw_ar='5٥5٥7 ان آ'
2026-07-22 06:37:12  INFO      [06:36:59.578] -- /predict_arabic done --
2026-07-22 06:37:12  INFO      [06:37:12.853] -- /predict_arabic request received --
2026-07-22 06:37:12  INFO      [06:37:12.853] Arabic inference: images (1).jpg (15124 bytes)
2026-07-22 06:37:15  INFO      [06:37:12.853] Detected: True  Plate: 77777 | ط
2026-07-22 06:37:15  INFO      [06:37:12.853]   left_seq=77777  letter=ط  region=  city=Unknown
2026-07-22 06:37:15  INFO      [06:37:12.853]   raw_fast="PlatePrediction(plate='77777I', char_probs=None, region='Belarus', region_prob=None)"  raw_ar='٥ ط  77777'
2026-07-22 06:37:15  INFO      [06:37:12.853] -- /predict_arabic done --
2026-07-22 06:44:08  INFO      ============================================================
2026-07-22 06:44:08  INFO      PlateVision server starting
2026-07-22 06:44:08  INFO      Log file: C:\Users\Mohamed Walid\Desktop\Internship\Code\logs\predict.log
2026-07-22 06:44:08  INFO      ============================================================
2026-07-22 06:44:09  INFO      English pipeline weights path: C:\Users\Mohamed Walid\Desktop\Internship\Code\runs\detect\runs\detect\english_train32\weights\best.pt
2026-07-22 06:44:09  INFO        [OK] Weights file exists (12041 KB)
2026-07-22 06:44:09  INFO      Available models: ['english_train32', 'english_train2', 'english_train']
2026-07-22 06:45:12  INFO      [06:45:12.725] ── /predict_video request received ─────────────────
2026-07-22 06:45:12  INFO      [06:45:12.725] Video: 'WhatsApp Video 2026-07-14 at 23.43.09.mp4'  mode=english  frame_skip=15  conf=0.15  engine=paddleocr_ar
2026-07-22 06:45:12  INFO      [06:45:12.725] Video saved: C:\Users\MOHAME~1\AppData\Local\Temp\tmp9a4ewtdq.mp4  (4235 KB)
2026-07-22 06:45:23  INFO      [06:45:12.725] Video mode=ENGLISH, weights=C:\Users\Mohamed Walid\Desktop\Internship\Code\runs\detect\runs\detect\english_train32\weights\best.pt
2026-07-22 06:45:24  INFO      [06:45:12.725] Video: fps=29.6  frames=580  duration=19.6s
2026-07-22 06:45:24  DEBUG     [06:45:12.725] frame=0 ts=0.0s → 0 boxes
2026-07-22 06:45:24  DEBUG     [06:45:12.725] frame=15 ts=0.51s → 0 boxes
2026-07-22 06:45:25  DEBUG     [06:45:12.725] frame=30 ts=1.01s → 0 boxes
2026-07-22 06:45:25  DEBUG     [06:45:12.725] frame=45 ts=1.52s → 0 boxes
2026-07-22 06:45:25  DEBUG     [06:45:12.725] frame=60 ts=2.03s → 0 boxes
2026-07-22 06:45:25  DEBUG     [06:45:12.725] frame=75 ts=2.53s → 0 boxes
2026-07-22 06:45:26  DEBUG     [06:45:12.725] frame=90 ts=3.04s → 0 boxes
2026-07-22 06:45:26  DEBUG     [06:45:12.725] frame=105 ts=3.55s → 0 boxes
2026-07-22 06:45:26  DEBUG     [06:45:12.725] frame=120 ts=4.05s → 0 boxes
2026-07-22 06:45:26  DEBUG     [06:45:12.725] frame=135 ts=4.56s → 0 boxes
2026-07-22 06:45:26  DEBUG     [06:45:12.725] frame=150 ts=5.07s → 0 boxes
2026-07-22 06:45:27  DEBUG     [06:45:12.725] frame=165 ts=5.58s → 0 boxes
2026-07-22 06:45:27  DEBUG     [06:45:12.725] frame=180 ts=6.08s → 0 boxes
2026-07-22 06:45:27  DEBUG     [06:45:12.725] frame=195 ts=6.59s → 0 boxes
2026-07-22 06:45:27  DEBUG     [06:45:12.725] frame=210 ts=7.1s → 0 boxes
2026-07-22 06:45:28  DEBUG     [06:45:12.725] frame=225 ts=7.6s → 0 boxes
2026-07-22 06:45:28  DEBUG     [06:45:12.725] frame=240 ts=8.11s → 0 boxes
2026-07-22 06:45:28  DEBUG     [06:45:12.725] frame=255 ts=8.62s → 0 boxes
2026-07-22 06:45:28  DEBUG     [06:45:12.725] frame=270 ts=9.12s → 0 boxes
2026-07-22 06:45:29  DEBUG     [06:45:12.725] frame=285 ts=9.63s → 0 boxes
2026-07-22 06:45:29  DEBUG     [06:45:12.725] frame=300 ts=10.14s → 0 boxes
2026-07-22 06:45:29  DEBUG     [06:45:12.725] frame=315 ts=10.64s → 0 boxes
2026-07-22 06:45:29  DEBUG     [06:45:12.725] frame=330 ts=11.15s → 0 boxes
2026-07-22 06:45:30  DEBUG     [06:45:12.725] frame=345 ts=11.66s → 0 boxes
2026-07-22 06:45:30  DEBUG     [06:45:12.725] frame=360 ts=12.16s → 0 boxes
2026-07-22 06:45:30  DEBUG     [06:45:12.725] frame=375 ts=12.67s → 0 boxes
2026-07-22 06:46:45  INFO      [06:45:12.725]   Frame 390 OCR [english] = 'CGZ'
2026-07-22 06:46:48  DEBUG     [06:45:12.725] frame=405 ts=13.68s → 0 boxes
2026-07-22 06:46:49  DEBUG     [06:45:12.725] frame=420 ts=14.19s → 0 boxes
2026-07-22 06:46:49  DEBUG     [06:45:12.725] frame=435 ts=14.7s → 0 boxes
2026-07-22 06:46:50  DEBUG     [06:45:12.725] frame=450 ts=15.2s → 0 boxes
2026-07-22 06:46:50  DEBUG     [06:45:12.725] frame=465 ts=15.71s → 0 boxes
2026-07-22 06:46:51  DEBUG     [06:45:12.725] frame=480 ts=16.22s → 0 boxes
2026-07-22 06:46:51  DEBUG     [06:45:12.725] frame=495 ts=16.73s → 0 boxes
2026-07-22 06:46:52  DEBUG     [06:45:12.725] frame=510 ts=17.23s → 0 boxes
2026-07-22 06:46:52  DEBUG     [06:45:12.725] frame=525 ts=17.74s → 0 boxes
2026-07-22 06:46:53  DEBUG     [06:45:12.725] frame=540 ts=18.25s → 0 boxes
2026-07-22 06:46:53  DEBUG     [06:45:12.725] frame=555 ts=18.75s → 0 boxes
2026-07-22 06:46:54  DEBUG     [06:45:12.725] frame=570 ts=19.26s → 0 boxes
2026-07-22 06:46:54  INFO      [06:45:12.725] Video done. Plates found: 1  Unique: 1
2026-07-22 06:48:31  INFO      [06:48:31.926] -- /predict request received --
2026-07-22 06:48:31  INFO      [06:48:31.926] File: 'Screenshot 2026-07-22 064729.png'
2026-07-22 06:48:31  INFO      [06:48:31.926] Saved to temp: C:\Users\MOHAME~1\AppData\Local\Temp\tmp_1c_kheo.png  (571299 bytes)
2026-07-22 06:48:32  INFO      [06:48:31.926] Trying 3 model(s): ['english_train32', 'english_train2', 'english_train']
2026-07-22 06:48:32  INFO      [06:48:31.926] Trying model: english_train32 (C:\Users\Mohamed Walid\Desktop\Internship\Code\runs\detect\runs\detect\english_train32\weights\best.pt)
2026-07-22 06:48:32  INFO      [06:48:31.926]   english_train32: no boxes — skipping
2026-07-22 06:48:32  INFO      [06:48:31.926] Trying model: english_train2 (C:\Users\Mohamed Walid\Desktop\Internship\Code\runs\detect\runs\detect\english_train2\weights\best.pt)
2026-07-22 06:48:33  INFO      [06:48:31.926]   english_train2: no boxes — skipping
2026-07-22 06:48:33  INFO      [06:48:31.926] Trying model: english_train (C:\Users\Mohamed Walid\Desktop\Internship\Code\runs\detect\runs\detect\english_train\weights\best.pt)
2026-07-22 06:48:34  INFO      [06:48:31.926]   english_train: no boxes — skipping
2026-07-22 06:48:34  WARNING   [06:48:31.926] FAIL: no model detected a plate
2026-07-22 06:48:34  INFO      [06:48:31.926] -- /predict done --
2026-07-22 06:51:59  INFO      [06:51:59.045] ── /predict_video request received ─────────────────
2026-07-22 06:51:59  INFO      [06:51:59.045] Video: 'gettyimages-899096590-640_adpp.mp4'  mode=english  frame_skip=15  conf=0.15  engine=paddleocr_ar
2026-07-22 06:51:59  INFO      [06:51:59.045] Video saved: C:\Users\MOHAME~1\AppData\Local\Temp\tmpey8691ht.mp4  (348 KB)
2026-07-22 06:51:59  INFO      [06:51:59.045] Video mode=ENGLISH, weights=C:\Users\Mohamed Walid\Desktop\Internship\Code\runs\detect\runs\detect\english_train32\weights\best.pt
2026-07-22 06:51:59  INFO      [06:51:59.045] Video: fps=24.0  frames=105  duration=4.4s
2026-07-22 06:51:59  DEBUG     [06:51:59.045] frame=0 ts=0.0s → 0 boxes
2026-07-22 06:52:10  INFO      [06:51:59.045]   Frame 15 OCR [english] = ''
2026-07-22 06:52:52  INFO      [06:51:59.045]   Frame 30 OCR [english] = 'NewJerseyRU49'
2026-07-22 06:53:51  INFO      [06:51:59.045]   Frame 45 OCR [english] = 'NewJersey57RU49las'
2026-07-22 06:55:31  INFO      [06:51:59.045]   Frame 60 OCR [english] = 'NewJerseyLRU49Y07GardenState90'
2026-07-22 06:56:46  INFO      [06:51:59.045]   Frame 75 OCR [english] = 'NewJerseyLRU49Y07GardenState90'
2026-07-22 06:58:06  INFO      [06:51:59.045]   Frame 90 OCR [english] = 'NewJersey07RU49YGardenState590'
2026-07-22 07:07:30  INFO      ============================================================
2026-07-22 07:07:30  INFO      PlateVision server starting
2026-07-22 07:07:30  INFO      Log file: C:\Users\Mohamed Walid\Desktop\Internship\Code\logs\predict.log
2026-07-22 07:07:30  INFO      ============================================================
2026-07-22 07:07:32  INFO      English pipeline weights path: C:\Users\Mohamed Walid\Desktop\Internship\Code\runs\detect\runs\detect\english_train32\weights\best.pt
2026-07-22 07:07:32  INFO        [OK] Weights file exists (12041 KB)
2026-07-22 07:07:32  INFO      Available models: ['english_train32', 'english_train2', 'english_train']
2026-07-22 07:11:34  INFO      ============================================================
2026-07-22 07:11:34  INFO      PlateVision server starting
2026-07-22 07:11:34  INFO      Log file: C:\Users\Mohamed Walid\Desktop\Internship\Code\logs\predict.log
2026-07-22 07:11:34  INFO      ============================================================
2026-07-22 07:11:35  INFO      English pipeline weights path: C:\Users\Mohamed Walid\Desktop\Internship\Code\runs\detect\runs\detect\english_train32\weights\best.pt
2026-07-22 07:11:35  INFO        [OK] Weights file exists (12041 KB)
2026-07-22 07:11:35  INFO      Available models: ['english_train32', 'english_train2', 'english_train']
2026-07-22 09:20:48  INFO      [09:20:48.845] -- /predict request received --
2026-07-22 09:20:48  INFO      [09:20:48.845] File: 'images (1).jpg'
2026-07-22 09:20:48  INFO      [09:20:48.845] Saved to temp: C:\Users\MOHAME~1\AppData\Local\Temp\tmpatjftlh0.jpg  (33059 bytes)
2026-07-22 09:21:08  INFO      [09:20:48.845] Trying 3 model(s): ['english_train32', 'english_train2', 'english_train']
2026-07-22 09:21:08  INFO      [09:20:48.845] Trying model: english_train32 (C:\Users\Mohamed Walid\Desktop\Internship\Code\runs\detect\runs\detect\english_train32\weights\best.pt)
2026-07-22 09:21:09  INFO      [09:20:48.845]   english_train32: box conf=0.819 xyxy=[167,252,248,284]
2026-07-22 09:21:20  INFO      [09:20:48.845]   english_train32: OCR result = 'GDSKUL'
2026-07-22 09:21:20  INFO      [09:20:48.845] SUCCESS via english_train32: plate='GDSKUL'  conf=0.819
2026-07-22 09:21:20  INFO      [09:20:48.845] -- /predict done --
2026-07-22 09:21:20  INFO      [09:21:20.718] -- /predict request received --
2026-07-22 09:21:20  INFO      [09:21:20.718] File: 'product_11443651sf.jpg'
2026-07-22 09:21:20  INFO      [09:21:20.718] Saved to temp: C:\Users\MOHAME~1\AppData\Local\Temp\tmp8xewmm6a.jpg  (15264 bytes)
2026-07-22 09:21:20  INFO      [09:21:20.718] Trying 3 model(s): ['english_train32', 'english_train2', 'english_train']
2026-07-22 09:21:20  INFO      [09:21:20.718] Trying model: english_train32 (C:\Users\Mohamed Walid\Desktop\Internship\Code\runs\detect\runs\detect\english_train32\weights\best.pt)
2026-07-22 09:21:22  INFO      [09:21:20.718]   english_train32: box conf=0.360 xyxy=[2,98,466,197]
2026-07-22 09:21:33  INFO      [09:21:20.718]   english_train32: OCR result = '8212 HKT'
2026-07-22 09:21:33  INFO      [09:21:20.718] SUCCESS via english_train32: plate='8212 HKT'  conf=0.360
2026-07-22 09:21:33  INFO      [09:21:20.718] -- /predict done --
2026-07-22 09:21:33  INFO      [09:21:33.582] -- /predict request received --
2026-07-22 09:21:33  INFO      [09:21:33.582] File: 'WhatsApp Image 2026-07-06 at 03.35.26.jpeg'
2026-07-22 09:21:33  INFO      [09:21:33.582] Saved to temp: C:\Users\MOHAME~1\AppData\Local\Temp\tmpi1dv76fx.jpeg  (233908 bytes)
2026-07-22 09:21:33  INFO      [09:21:33.582] Trying 3 model(s): ['english_train32', 'english_train2', 'english_train']
2026-07-22 09:21:33  INFO      [09:21:33.582] Trying model: english_train32 (C:\Users\Mohamed Walid\Desktop\Internship\Code\runs\detect\runs\detect\english_train32\weights\best.pt)
2026-07-22 09:21:35  INFO      [09:21:33.582]   english_train32: box conf=0.612 xyxy=[438,404,996,578]
2026-07-22 09:21:47  INFO      [09:21:33.582]   english_train32: OCR result = 'FX 477 SE'
2026-07-22 09:21:47  INFO      [09:21:33.582] SUCCESS via english_train32: plate='FX 477 SE'  conf=0.612
2026-07-22 09:21:47  INFO      [09:21:33.582] -- /predict done --
2026-07-22 09:23:13  INFO      [09:23:13.884] ── /predict_video request received ─────────────────
2026-07-22 09:23:13  INFO      [09:23:13.884] Video: 'gettyimages-899096590-640_adpp.mp4'  mode=english  frame_skip=15  conf=0.15  engine=paddleocr_ar
2026-07-22 09:23:13  INFO      [09:23:13.884] Video saved: C:\Users\MOHAME~1\AppData\Local\Temp\tmpcpj6bw56.mp4  (348 KB)
2026-07-22 09:23:13  INFO      [09:23:13.884] Video mode=ENGLISH, weights=C:\Users\Mohamed Walid\Desktop\Internship\Code\runs\detect\runs\detect\english_train32\weights\best.pt
2026-07-22 09:23:14  INFO      [09:23:13.884] Video: fps=24.0  frames=105  duration=4.4s
2026-07-22 09:23:16  DEBUG     [09:23:13.884] frame=0 ts=0.0s → 0 boxes
2026-07-22 09:25:20  INFO      [09:23:13.884]   Frame 15 OCR [english] = ''
2026-07-22 09:26:52  INFO      [09:23:13.884]   Frame 30 OCR [english] = 'NewJerseyRU49'
2026-07-22 09:29:44  INFO      [livestream] Connected to IP Webcam @ http://192.168.0.113:8080/video  session=ab500d13-721e-421e-b665-199c3822f840
2026-07-22 09:34:52  INFO      [livestream] Connected to IP Webcam @ http://192.168.0.113:8080/video  session=f5171f59-fd5c-4ecd-8470-9a51a7d09c1a
2026-07-22 09:44:54  INFO      [09:44:54.321] -- /predict request received --
2026-07-22 09:44:54  INFO      [09:44:54.321] File: 'WhatsApp Image 2026-07-15 at 21.04.21.jpeg'
2026-07-22 09:44:54  INFO      [09:44:54.321] Saved to temp: C:\Users\MOHAME~1\AppData\Local\Temp\tmpanx9q464.jpeg  (75439 bytes)
2026-07-22 09:44:54  INFO      [09:44:54.321] Trying 4 model(s): ['english_train33', 'english_train32', 'english_train2', 'english_train']
2026-07-22 09:44:54  INFO      [09:44:54.321] Trying model: english_train33 (C:\Users\Mohamed Walid\Desktop\Internship\Code\runs\detect\runs\detect\english_train33\weights\best.pt)
2026-07-22 09:44:56  INFO      [09:44:54.321]   english_train33: box conf=0.887 xyxy=[447,495,975,667]
2026-07-22 09:45:08  INFO      [09:44:54.321]   english_train33: OCR result = '[111150675'
2026-07-22 09:45:08  INFO      [09:44:54.321] SUCCESS via english_train33: plate='[111150675'  conf=0.887
2026-07-22 09:45:08  INFO      [09:44:54.321] -- /predict done --
2026-07-22 09:45:08  INFO      [09:45:08.685] -- /predict request received --
2026-07-22 09:45:08  INFO      [09:45:08.685] File: 'WhatsApp Image 2026-07-15 at 21.04.21 (2).jpeg'
2026-07-22 09:45:08  INFO      [09:45:08.685] Saved to temp: C:\Users\MOHAME~1\AppData\Local\Temp\tmpbrwwfcnh.jpeg  (192187 bytes)
2026-07-22 09:45:08  INFO      [09:45:08.685] Trying 4 model(s): ['english_train33', 'english_train32', 'english_train2', 'english_train']
2026-07-22 09:45:08  INFO      [09:45:08.685] Trying model: english_train33 (C:\Users\Mohamed Walid\Desktop\Internship\Code\runs\detect\runs\detect\english_train33\weights\best.pt)
2026-07-22 09:45:10  INFO      [09:45:08.685]   english_train33: box conf=0.575 xyxy=[204,367,1252,650]
2026-07-22 09:45:27  INFO      [09:45:08.685]   english_train33: OCR result = 'AQUITAINE F DG " 368 HPI 40 11OJS'
2026-07-22 09:45:27  INFO      [09:45:08.685] SUCCESS via english_train33: plate='AQUITAINE F DG " 368 HPI 40 11OJS'  conf=0.575
2026-07-22 09:45:27  INFO      [09:45:08.685] -- /predict done --
2026-07-22 09:49:10  INFO      [09:49:10.494] -- /predict request received --
2026-07-22 09:49:10  INFO      [09:49:10.494] File: 'WhatsApp Image 2026-07-22 at 10.48.09.jpeg'
2026-07-22 09:49:10  INFO      [09:49:10.494] Saved to temp: C:\Users\MOHAME~1\AppData\Local\Temp\tmp177f09uf.jpeg  (79925 bytes)
2026-07-22 09:49:10  INFO      [09:49:10.494] Trying 4 model(s): ['english_train33', 'english_train32', 'english_train2', 'english_train']
2026-07-22 09:49:10  INFO      [09:49:10.494] Trying model: english_train33 (C:\Users\Mohamed Walid\Desktop\Internship\Code\runs\detect\runs\detect\english_train33\weights\best.pt)
2026-07-22 09:49:12  INFO      [09:49:10.494]   english_train33: box conf=0.892 xyxy=[525,752,1061,873]
2026-07-22 09:49:28  INFO      [09:49:10.494]   english_train33: OCR result = '76944 131744'
2026-07-22 09:49:28  INFO      [09:49:10.494] SUCCESS via english_train33: plate='76944 131744'  conf=0.892
2026-07-22 09:49:28  INFO      [09:49:10.494] -- /predict done --
2026-07-22 09:49:29  INFO      [09:49:29.014] -- /predict request received --
2026-07-22 09:49:29  INFO      [09:49:29.014] File: 'WhatsApp Image 2026-07-22 at 10.47.58.jpeg'
2026-07-22 09:49:29  INFO      [09:49:29.014] Saved to temp: C:\Users\MOHAME~1\AppData\Local\Temp\tmp7t_ddskw.jpeg  (75007 bytes)
2026-07-22 09:49:29  INFO      [09:49:29.014] Trying 4 model(s): ['english_train33', 'english_train32', 'english_train2', 'english_train']
2026-07-22 09:49:29  INFO      [09:49:29.014] Trying model: english_train33 (C:\Users\Mohamed Walid\Desktop\Internship\Code\runs\detect\runs\detect\english_train33\weights\best.pt)
2026-07-22 09:49:31  INFO      [09:49:29.014]   english_train33: box conf=0.685 xyxy=[166,552,268,584]
2026-07-22 09:49:47  INFO      [09:49:29.014]   english_train33: OCR result = '[265110'
2026-07-22 09:49:47  INFO      [09:49:29.014] SUCCESS via english_train33: plate='[265110'  conf=0.685
2026-07-22 09:49:47  INFO      [09:49:29.014] -- /predict done --
2026-07-22 09:49:55  INFO      [09:49:55.545] -- /predict_arabic request received --
2026-07-22 09:49:55  INFO      [09:49:55.545] Arabic inference: WhatsApp Image 2026-07-22 at 10.48.09.jpeg (79925 bytes)
2026-07-22 09:50:20  INFO      [09:49:55.545] Detected: True  Plate: 76944 | 44
2026-07-22 09:50:20  INFO      [09:49:55.545]   left_seq=76944  letter=  region=44  city=Errachidia
2026-07-22 09:50:20  INFO      [09:49:55.545]   raw_fast="PlatePrediction(plate='76944II44', char_probs=None, region='Belarus', region_prob=None)"  raw_ar='76944 /4-/44'
2026-07-22 09:50:20  INFO      [09:49:55.545] -- /predict_arabic done --
2026-07-22 09:50:20  INFO      [09:50:20.229] -- /predict_arabic request received --
2026-07-22 09:50:20  INFO      [09:50:20.229] Arabic inference: WhatsApp Image 2026-07-22 at 10.47.58.jpeg (75007 bytes)
2026-07-22 09:50:30  INFO      [09:50:20.229] Detected: True  Plate: 2651101
2026-07-22 09:50:30  INFO      [09:50:20.229]   left_seq=2651101  letter=  region=  city=Unknown
2026-07-22 09:50:30  INFO      [09:50:20.229]   raw_fast="PlatePrediction(plate='2651101', char_probs=None, region='Qatar', region_prob=None)"  raw_ar='[2[5٥{٨'
2026-07-22 09:50:30  INFO      [09:50:20.229] -- /predict_arabic done --
2026-07-22 09:59:54  INFO      [livestream] Connected to IP Webcam @ http://192.168.0.113:8080/video  session=aa93feca-63b5-495e-901b-418377c18c7b
2026-07-22 10:28:38  INFO      ============================================================
2026-07-22 10:28:38  INFO      PlateVision server starting
2026-07-22 10:28:38  INFO      Log file: C:\Users\Mohamed Walid\Desktop\Internship\Code\logs\predict.log
2026-07-22 10:28:38  INFO      ============================================================
2026-07-22 10:28:39  INFO      English pipeline weights path: C:\Users\Mohamed Walid\Desktop\Internship\Code\runs\detect\runs\detect\english_train33\weights\best.pt
2026-07-22 10:28:39  INFO        [OK] Weights file exists (18001 KB)
2026-07-22 10:28:39  INFO      Available models: ['english_train33', 'english_train32', 'english_train2', 'english_train']
2026-07-22 10:35:17  INFO      [livestream] Connected to IP Webcam @ http://192.168.0.113:8080/video  session=554b318a-15a6-4bb5-afa8-3632a4395351
2026-07-22 10:39:55  INFO      [livestream] Disconnected. session=554b318a-15a6-4bb5-afa8-3632a4395351
2026-07-22 10:39:57  INFO      [livestream] Connected to IP Webcam @ http://192.168.0.113:8080/video  session=057c455b-9469-43e7-9978-3df60609488a
2026-07-22 10:43:27  INFO      [livestream] Disconnected. session=057c455b-9469-43e7-9978-3df60609488a
2026-07-22 10:43:29  INFO      [livestream] Connected to IP Webcam @ http://192.168.0.113:8080/video  session=c5d8aace-b810-40ab-a596-780c6961b01e
2026-07-22 10:45:54  INFO      [10:45:54.391] ── /predict_video request received ─────────────────
2026-07-22 10:45:54  INFO      [10:45:54.391] Video: 'gettyimages-899096590-640_adpp.mp4'  mode=english  frame_skip=15  conf=0.15  engine=paddleocr_ar
2026-07-22 10:45:54  INFO      [10:45:54.391] Video saved: C:\Users\MOHAME~1\AppData\Local\Temp\tmp21945uty.mp4  (348 KB)
2026-07-22 10:45:54  INFO      [10:45:54.391] Video mode=ENGLISH, weights=C:\Users\Mohamed Walid\Desktop\Internship\Code\runs\detect\runs\detect\english_train33\weights\best.pt
2026-07-22 10:45:54  INFO      [10:45:54.391] Video: fps=24.0  frames=105  duration=4.4s
2026-07-22 11:47:11  INFO      [10:45:54.391]   Frame 0 OCR [english] = '89909659'
2026-07-22 11:47:18  INFO      [10:45:54.391]   Frame 15 OCR [english] = '89909659'
2026-07-22 11:47:25  INFO      [10:45:54.391]   Frame 30 OCR [english] = '89909659'
2026-07-22 11:47:26  DEBUG     [10:45:54.391] frame=45 ts=1.88s → 0 boxes
2026-07-22 11:47:51  INFO      [10:45:54.391]   Frame 60 OCR [english] = 'GardenState'
2026-07-22 11:48:17  INFO      [10:45:54.391]   Frame 75 OCR [english] = 'GardenState'
2026-07-22 11:48:18  DEBUG     [10:45:54.391] frame=90 ts=3.75s → 0 boxes
2026-07-22 11:48:18  INFO      [10:45:54.391] Video done. Plates found: 5  Unique: 2
2026-07-22 11:51:54  INFO      [11:51:54.402] ── /predict_video request received ─────────────────
2026-07-22 11:51:54  INFO      [11:51:54.402] Video: 'gettyimages-899096590-640_adpp.mp4'  mode=english  frame_skip=15  conf=0.15  engine=easyocr_ar_en
2026-07-22 11:51:54  INFO      [11:51:54.402] Video saved: C:\Users\MOHAME~1\AppData\Local\Temp\tmpodscg1ab.mp4  (348 KB)
2026-07-22 11:51:54  INFO      [11:51:54.402] Video mode=ENGLISH, weights=C:\Users\Mohamed Walid\Desktop\Internship\Code\runs\detect\runs\detect\english_train33\weights\best.pt
2026-07-22 11:51:54  INFO      [11:51:54.402] Video: fps=24.0  frames=105  duration=4.4s
2026-07-22 11:52:06  INFO      [11:51:54.402]   Frame 0 OCR [english] = '899096590'
2026-07-22 11:52:08  INFO      [11:51:54.402]   Frame 15 OCR [english] = '899096590'
2026-07-22 11:52:10  INFO      [11:51:54.402]   Frame 30 OCR [english] = '899096590'
2026-07-22 11:52:10  DEBUG     [11:51:54.402] frame=45 ts=1.88s → 0 boxes
2026-07-22 11:52:16  INFO      [11:51:54.402]   Frame 60 OCR [english] = 'GardenState'
2026-07-22 11:52:25  INFO      [11:51:54.402]   Frame 75 OCR [english] = 'GardenState'
2026-07-22 11:52:25  DEBUG     [11:51:54.402] frame=90 ts=3.75s → 0 boxes
2026-07-22 11:52:25  INFO      [11:51:54.402] Video done. Plates found: 5  Unique: 2
2026-07-22 11:52:59  INFO      [11:52:59.185] ── /predict_video request received ─────────────────
2026-07-22 11:52:59  INFO      [11:52:59.185] Video: 'WhatsApp Video 2026-07-15 at 21.04.25.mp4'  mode=english  frame_skip=15  conf=0.15  engine=easyocr_ar_en
2026-07-22 11:52:59  INFO      [11:52:59.185] Video saved: C:\Users\MOHAME~1\AppData\Local\Temp\tmp5d0pmh2q.mp4  (1645 KB)
2026-07-22 11:52:59  INFO      [11:52:59.185] Video mode=ENGLISH, weights=C:\Users\Mohamed Walid\Desktop\Internship\Code\runs\detect\runs\detect\english_train33\weights\best.pt
2026-07-22 11:52:59  INFO      [11:52:59.185] Video: fps=29.6  frames=225  duration=7.6s
2026-07-22 11:53:06  INFO      [11:52:59.185]   Frame 0 OCR [english] = '540'
2026-07-22 11:53:10  INFO      [11:52:59.185]   Frame 15 OCR [english] = '540'
2026-07-22 11:53:14  INFO      [11:52:59.185]   Frame 30 OCR [english] = '٥٥٠35٥٠HP'
2026-07-22 11:53:18  INFO      [11:52:59.185]   Frame 45 OCR [english] = '؟٥ز'
2026-07-22 11:53:20  INFO      [11:52:59.185]   Frame 60 OCR [english] = '٥٥٠35٥٥P'
2026-07-22 11:53:23  INFO      [11:52:59.185]   Frame 75 OCR [english] = ''
2026-07-22 11:53:25  INFO      [11:52:59.185]   Frame 90 OCR [english] = '٥٥٠3٥٥٠٥٥'
2026-07-22 11:53:28  INFO      [11:52:59.185]   Frame 105 OCR [english] = ''
2026-07-22 11:53:31  INFO      [11:52:59.185]   Frame 120 OCR [english] = '٥٥٠35٥٠HP'
2026-07-22 11:53:33  INFO      [11:52:59.185]   Frame 135 OCR [english] = '٥'
2026-07-22 11:53:36  INFO      [11:52:59.185]   Frame 150 OCR [english] = '٥٥٠35٥٠H٥'
2026-07-22 11:53:38  INFO      [11:52:59.185]   Frame 165 OCR [english] = ''
2026-07-22 11:53:40  INFO      [11:52:59.185]   Frame 180 OCR [english] = ''
2026-07-22 11:53:44  INFO      [11:52:59.185]   Frame 195 OCR [english] = '٤٥٥٠3٤٥٠H٥'
2026-07-22 11:53:50  INFO      [11:52:59.185]   Frame 210 OCR [english] = '؟٥٥7٥'
2026-07-22 11:53:51  INFO      [11:52:59.185] Video done. Plates found: 15  Unique: 9
2026-07-22 11:53:58  INFO      [11:53:58.653] ── /predict_video request received ─────────────────
2026-07-22 11:53:58  INFO      [11:53:58.653] Video: 'WhatsApp Video 2026-07-15 at 21.04.25.mp4'  mode=english  frame_skip=15  conf=0.15  engine=paddleocr_ar
2026-07-22 11:53:58  INFO      [11:53:58.653] Video saved: C:\Users\MOHAME~1\AppData\Local\Temp\tmp1a3ou_gq.mp4  (1645 KB)
2026-07-22 11:53:58  INFO      [11:53:58.653] Video mode=ENGLISH, weights=C:\Users\Mohamed Walid\Desktop\Internship\Code\runs\detect\runs\detect\english_train33\weights\best.pt
2026-07-22 11:53:59  INFO      [11:53:58.653] Video: fps=29.6  frames=225  duration=7.6s
2026-07-22 11:54:27  INFO      [11:53:58.653]   Frame 0 OCR [english] = 'DG368HPAQ'
2026-07-22 11:54:44  INFO      [11:53:58.653]   Frame 15 OCR [english] = 'DG368RP'
2026-07-22 11:54:56  INFO      [11:53:58.653]   Frame 30 OCR [english] = '0G368HP'
2026-07-22 11:55:05  INFO      [11:53:58.653]   Frame 45 OCR [english] = '0G368HP'
2026-07-22 11:55:13  INFO      [11:53:58.653]   Frame 60 OCR [english] = 'dH89E9'
2026-07-22 11:55:20  INFO      [11:53:58.653]   Frame 75 OCR [english] = 'DG368HP'
2026-07-22 11:55:29  INFO      [11:53:58.653]   Frame 90 OCR [english] = 'dH89E9'
2026-07-22 11:55:36  INFO      [11:53:58.653]   Frame 105 OCR [english] = 'dH89E9'
2026-07-22 11:55:43  INFO      [11:53:58.653]   Frame 120 OCR [english] = 'dH89E9'
2026-07-22 11:55:50  INFO      [11:53:58.653]   Frame 135 OCR [english] = 'DG368HP'
2026-07-22 11:55:57  INFO      [11:53:58.653]   Frame 150 OCR [english] = 'JH89E9'
2026-07-22 11:56:05  INFO      [11:53:58.653]   Frame 165 OCR [english] = 'dH89E9'
2026-07-22 11:56:16  INFO      [11:53:58.653]   Frame 180 OCR [english] = 'DG368HPأب'
2026-07-22 11:56:35  INFO      [11:53:58.653]   Frame 195 OCR [english] = 'DG368HP40'
2026-07-22 11:56:59  INFO      [11:53:58.653]   Frame 210 OCR [english] = 'DG368HP11'
2026-07-22 11:56:59  INFO      [11:53:58.653] Video done. Plates found: 15  Unique: 9
2026-07-22 12:01:53  INFO      [12:01:53.708] ── /predict_video request received ─────────────────
2026-07-22 12:01:53  INFO      [12:01:53.708] Video: 'WhatsApp Video 2026-07-15 at 21.04.25.mp4'  mode=english  frame_skip=10  conf=0.15  engine=paddleocr_ar
2026-07-22 12:01:53  INFO      [12:01:53.708] Video saved: C:\Users\MOHAME~1\AppData\Local\Temp\tmpmgngnne5.mp4  (1645 KB)
2026-07-22 12:01:53  INFO      [12:01:53.708] Video mode=ENGLISH, weights=C:\Users\Mohamed Walid\Desktop\Internship\Code\runs\detect\runs\detect\english_train33\weights\best.pt
2026-07-22 12:01:54  INFO      [12:01:53.708] Video: fps=29.6  frames=225  duration=7.6s
2026-07-22 12:02:20  INFO      [12:01:53.708]   Frame 0 OCR [english] = 'DG368HPAQ'
2026-07-22 12:02:39  INFO      [12:01:53.708]   Frame 10 OCR [english] = 'DG368RP'
2026-07-22 12:02:55  INFO      [12:01:53.708]   Frame 20 OCR [english] = 'DG368HPAI'
2026-07-22 12:03:07  INFO      [12:01:53.708]   Frame 30 OCR [english] = '0G368HP'
2026-07-22 12:03:17  INFO      [12:01:53.708]   Frame 40 OCR [english] = '0G368H'
2026-07-22 12:03:26  INFO      [12:01:53.708]   Frame 50 OCR [english] = 'dH89E9'
2026-07-22 12:03:34  INFO      [12:01:53.708]   Frame 60 OCR [english] = 'dH89E9'
2026-07-22 12:03:43  INFO      [12:01:53.708]   Frame 70 OCR [english] = 'dH89E9'
2026-07-22 12:03:52  INFO      [12:01:53.708]   Frame 80 OCR [english] = 'dH89E90'
2026-07-22 12:04:00  INFO      [12:01:53.708]   Frame 90 OCR [english] = 'dH89E9'
2026-07-22 12:04:08  INFO      [12:01:53.708]   Frame 100 OCR [english] = 'SG368HP'
2026-07-22 12:04:17  INFO      [12:01:53.708]   Frame 110 OCR [english] = 'dH89E90'
2026-07-22 12:04:26  INFO      [12:01:53.708]   Frame 120 OCR [english] = 'dH89E9'
2026-07-22 12:04:35  INFO      [12:01:53.708]   Frame 130 OCR [english] = 'D72h89E90'
2026-07-22 12:04:42  INFO      [12:01:53.708]   Frame 140 OCR [english] = 'DG368HP'
2026-07-22 12:04:51  INFO      [12:01:53.708]   Frame 150 OCR [english] = 'JH89E9'
2026-07-22 12:04:59  INFO      [12:01:53.708]   Frame 160 OCR [english] = 'dH89E90'
2026-07-22 12:05:08  INFO      [12:01:53.708]   Frame 170 OCR [english] = 'DG368HP'
2026-07-22 12:05:20  INFO      [12:01:53.708]   Frame 180 OCR [english] = 'DG368HPأب'
2026-07-22 12:05:33  INFO      [12:01:53.708]   Frame 190 OCR [english] = 'DG368HP'
2026-07-22 12:05:50  INFO      [12:01:53.708]   Frame 200 OCR [english] = 'DG368HP4CA٩١٥٢'
2026-07-22 12:06:11  INFO      [12:01:53.708]   Frame 210 OCR [english] = 'DG368HP11'
2026-07-22 12:06:30  INFO      [12:01:53.708]   Frame 220 OCR [english] = 'DG368HP'
2026-07-22 12:06:30  INFO      [12:01:53.708] Video done. Plates found: 23  Unique: 14
2026-07-22 12:19:55  INFO      ============================================================
2026-07-22 12:19:55  INFO      PlateVision server starting
2026-07-22 12:19:55  INFO      Log file: C:\Users\Mohamed Walid\Desktop\Internship\Code\logs\predict.log
2026-07-22 12:19:55  INFO      ============================================================
2026-07-22 12:19:57  INFO      English pipeline weights path: C:\Users\Mohamed Walid\Desktop\Internship\Code\runs\detect\runs\detect\english_train33\weights\best.pt
2026-07-22 12:19:57  INFO        [OK] Weights file exists (18001 KB)
2026-07-22 12:19:57  INFO      Available models: ['english_train33', 'english_train32', 'english_train2', 'english_train']
2026-07-22 12:28:24  INFO      [12:28:24.371] ── /predict_video request received ─────────────────
2026-07-22 12:28:24  INFO      [12:28:24.371] Video: 'WhatsApp Video 2026-07-15 at 21.04.25.mp4'  mode=english  frame_skip=15  conf=0.15  engine=paddleocr_ar
2026-07-22 12:28:24  INFO      [12:28:24.371] Video saved: C:\Users\MOHAME~1\AppData\Local\Temp\tmp8o_y83rv.mp4  (1645 KB)
2026-07-22 12:28:31  INFO      [12:28:24.371] Video mode=ENGLISH, weights=C:\Users\Mohamed Walid\Desktop\Internship\Code\runs\detect\runs\detect\english_train33\weights\best.pt
2026-07-22 12:28:31  INFO      [12:28:24.371] Video: fps=29.6  frames=225  duration=7.6s
2026-07-22 12:29:08  INFO      [12:28:24.371]   Frame 0 OCR [english] = 'DG368HPAQ'
2026-07-22 12:29:29  INFO      [12:28:24.371]   Frame 15 OCR [english] = 'DG368RP'
2026-07-22 12:29:40  INFO      [12:28:24.371]   Frame 30 OCR [english] = '0G368HP'
2026-07-22 12:32:54  INFO      [livestream] Connected to IP Webcam @ http://192.168.0.113:8080/video  session=590eac73-80dd-459d-8fef-32c9b0dc07d6
2026-07-22 12:37:31  INFO      [livestream] Disconnected. session=590eac73-80dd-459d-8fef-32c9b0dc07d6
2026-07-22 12:37:33  INFO      [livestream] Connected to IP Webcam @ http://192.168.0.113:8080/video  session=9b8cd357-48ae-4abe-a72f-3e5e7cb2184b
2026-07-22 12:48:19  INFO      ============================================================
2026-07-22 12:48:19  INFO      PlateVision server starting
2026-07-22 12:48:19  INFO      Log file: C:\Users\Mohamed Walid\Desktop\Internship\Code\logs\predict.log
2026-07-22 12:48:19  INFO      ============================================================
2026-07-22 12:48:20  INFO      English pipeline weights path: C:\Users\Mohamed Walid\Desktop\Internship\Code\runs\detect\runs\detect\english_train33\weights\best.pt
2026-07-22 12:48:20  INFO        [OK] Weights file exists (18001 KB)
2026-07-22 12:48:20  INFO      Available models: ['english_train33', 'english_train32', 'english_train2', 'english_train']
2026-07-22 12:49:17  INFO      [12:49:17.986] ── /predict_video request received ─────────────────
2026-07-22 12:49:18  INFO      [12:49:17.986] Video: 'WhatsApp Video 2026-07-15 at 21.04.25.mp4'  mode=english  frame_skip=15  conf=0.15  engine=paddleocr_ar
2026-07-22 12:49:18  INFO      [12:49:17.986] Video saved: C:\Users\MOHAME~1\AppData\Local\Temp\tmpkdut_71o.mp4  (1645 KB)
2026-07-22 12:49:27  INFO      [12:49:17.986] Video mode=ENGLISH, weights=C:\Users\Mohamed Walid\Desktop\Internship\Code\runs\detect\runs\detect\english_train33\weights\best.pt
2026-07-22 12:49:27  INFO      [12:49:17.986] Video: fps=29.6  frames=225  duration=7.6s
2026-07-22 12:50:09  INFO      [12:49:17.986]   Frame 0 OCR [english] = 'DG368HPAQ'
2026-07-22 12:50:27  INFO      [12:49:17.986]   Frame 15 OCR [english] = 'DG368RP'
2026-07-22 12:50:38  INFO      [12:49:17.986]   Frame 30 OCR [english] = '0G368HP'
2026-07-22 12:50:47  INFO      [12:49:17.986]   Frame 45 OCR [english] = '0G368HP'
2026-07-22 12:50:55  INFO      [12:49:17.986]   Frame 60 OCR [english] = 'dH89E9'
2026-07-22 12:51:02  INFO      [12:49:17.986]   Frame 75 OCR [english] = 'DG368HP'
2026-07-22 12:51:10  INFO      [12:49:17.986]   Frame 90 OCR [english] = 'dH89E9'
2026-07-22 12:51:18  INFO      [12:49:17.986]   Frame 105 OCR [english] = 'dH89E9'
2026-07-22 12:51:25  INFO      [12:49:17.986]   Frame 120 OCR [english] = 'dH89E9'
2026-07-22 12:51:32  INFO      [12:49:17.986]   Frame 135 OCR [english] = 'DG368HP'
2026-07-22 12:51:39  INFO      [12:49:17.986]   Frame 150 OCR [english] = 'JH89E9'
2026-07-22 12:51:46  INFO      [12:49:17.986]   Frame 165 OCR [english] = 'dH89E9'
2026-07-22 12:51:57  INFO      [12:49:17.986]   Frame 180 OCR [english] = 'DG368HPأب'
2026-07-22 12:52:11  INFO      [12:49:17.986]   Frame 195 OCR [english] = 'DG368HP40'
2026-07-22 12:52:30  INFO      [12:49:17.986]   Frame 210 OCR [english] = 'DG368HP11'
2026-07-22 12:52:30  INFO      [12:49:17.986] Video done. Plates found: 15  Unique: 9
2026-07-22 12:54:47  INFO      ============================================================
2026-07-22 12:54:47  INFO      PlateVision server starting
2026-07-22 12:54:47  INFO      Log file: C:\Users\Mohamed Walid\Desktop\Internship\Code\logs\predict.log
2026-07-22 12:54:47  INFO      ============================================================
2026-07-22 12:54:49  INFO      English pipeline weights path: C:\Users\Mohamed Walid\Desktop\Internship\Code\runs\detect\runs\detect\english_train33\weights\best.pt
2026-07-22 12:54:49  INFO        [OK] Weights file exists (18001 KB)
2026-07-22 12:54:49  INFO      Available models: ['english_train33', 'english_train32', 'english_train2', 'english_train']
2026-07-22 12:57:39  INFO      [12:57:39.481] ── /predict_video request received ─────────────────
2026-07-22 12:57:39  INFO      [12:57:39.481] Video: 'WhatsApp Video 2026-07-15 at 21.04.25.mp4'  mode=english  frame_skip=15  conf=0.15  engine=paddleocr_ar  save_db=True
2026-07-22 12:57:39  INFO      [12:57:39.481] Video saved: C:\Users\MOHAME~1\AppData\Local\Temp\tmp6zur4oi2.mp4  (1645 KB)
2026-07-22 12:57:44  INFO      [12:57:39.481] Video mode=ENGLISH, weights=C:\Users\Mohamed Walid\Desktop\Internship\Code\runs\detect\runs\detect\english_train33\weights\best.pt
2026-07-22 12:57:44  INFO      [12:57:39.481] Video: fps=29.6  frames=225  duration=7.6s
2026-07-22 12:58:22  INFO      [12:57:39.481]   Frame 0 OCR [english] = 'DG368HPAQ'
2026-07-22 12:58:40  INFO      [12:57:39.481]   Frame 15 OCR [english] = 'DG368RP'
2026-07-22 12:58:51  INFO      [12:57:39.481]   Frame 30 OCR [english] = '0G368HP'
2026-07-22 12:59:00  INFO      [12:57:39.481]   Frame 45 OCR [english] = '0G368HP'
2026-07-22 14:12:17  INFO      [livestream] Connected to IP Webcam @ http://192.168.0.113:8080/video  session=fdd608e9-e456-4c50-9be0-0e9fb6c3d2ca
2026-07-22 14:18:08  INFO      [14:18:08.035] ── /predict_video request received ─────────────────
2026-07-22 14:18:08  INFO      [14:18:08.035] Video: 'WhatsApp Video 2026-07-15 at 21.04.25.mp4'  mode=english  frame_skip=5  conf=0.15  engine=paddleocr_ar  save_db=True
2026-07-22 14:18:08  INFO      [14:18:08.035] Video saved: C:\Users\MOHAME~1\AppData\Local\Temp\tmpg6oep1ly.mp4  (1645 KB)
2026-07-22 14:18:08  INFO      [14:18:08.035] Video mode=ENGLISH, weights=C:\Users\Mohamed Walid\Desktop\Internship\Code\runs\detect\runs\detect\english_train33\weights\best.pt
2026-07-22 14:18:08  INFO      [14:18:08.035] Video: fps=29.6  frames=225  duration=7.6s
2026-07-22 14:18:41  INFO      [14:18:08.035]   Frame 0 OCR [english] = 'DG368HPAQ'
2026-07-22 14:19:07  INFO      [14:18:08.035]   Frame 5 OCR [english] = 'DG368RP'
2026-07-22 14:19:31  INFO      [14:18:08.035]   Frame 10 OCR [english] = 'DG368RP'
2026-07-22 14:19:54  INFO      [14:18:08.035]   Frame 15 OCR [english] = 'DG368RP'
2026-07-22 14:20:15  INFO      [14:20:15.961] -- /predict request received --
2026-07-22 14:20:15  INFO      [14:20:15.961] File: 'images (1).jpg'
2026-07-22 14:20:15  INFO      [14:20:15.961] Saved to temp: C:\Users\MOHAME~1\AppData\Local\Temp\tmpfwhhldwf.jpg  (33059 bytes)
2026-07-22 14:20:15  INFO      [14:20:15.961] Trying 4 model(s): ['english_train33', 'english_train32', 'english_train2', 'english_train']
2026-07-22 14:20:15  INFO      [14:20:15.961] Trying model: english_train33 (C:\Users\Mohamed Walid\Desktop\Internship\Code\runs\detect\runs\detect\english_train33\weights\best.pt)
2026-07-22 14:20:16  INFO      [14:20:15.961]   english_train33: box conf=0.821 xyxy=[146,246,259,293]
2026-07-22 14:20:24  INFO      [14:20:15.961]   english_train33: OCR result = 'GDSKUL'
2026-07-22 14:20:24  INFO      [14:20:15.961] SUCCESS via english_train33: plate='GDSKUL'  conf=0.821
2026-07-22 14:20:24  INFO      [14:20:15.961] -- /predict done --
2026-07-22 14:20:25  INFO      [14:20:25.213] -- /predict request received --
2026-07-22 14:20:25  INFO      [14:20:25.213] File: 'product_11443651sf.jpg'
2026-07-22 14:20:25  INFO      [14:20:25.213] Saved to temp: C:\Users\MOHAME~1\AppData\Local\Temp\tmp26luomk1.jpg  (15264 bytes)
2026-07-22 14:20:25  INFO      [14:20:25.213] Trying 4 model(s): ['english_train33', 'english_train32', 'english_train2', 'english_train']
2026-07-22 14:20:25  INFO      [14:20:25.213] Trying model: english_train33 (C:\Users\Mohamed Walid\Desktop\Internship\Code\runs\detect\runs\detect\english_train33\weights\best.pt)
2026-07-22 14:20:25  INFO      [14:20:25.213]   english_train33: box conf=0.510 xyxy=[61,100,437,197]
2026-07-22 14:20:32  INFO      [14:20:25.213]   english_train33: OCR result = 'B212 HKI'
2026-07-22 14:20:32  INFO      [14:20:25.213] SUCCESS via english_train33: plate='B212 HKI'  conf=0.510
2026-07-22 14:20:33  INFO      [14:20:25.213] -- /predict done --
2026-07-22 14:20:33  INFO      [14:20:33.658] -- /predict request received --
2026-07-22 14:20:33  INFO      [14:20:33.658] File: 'WhatsApp Image 2026-07-06 at 03.35.26.jpeg'
2026-07-22 14:20:33  INFO      [14:20:33.658] Saved to temp: C:\Users\MOHAME~1\AppData\Local\Temp\tmp370ly5cd.jpeg  (233908 bytes)
2026-07-22 14:20:33  INFO      [14:20:33.658] Trying 4 model(s): ['english_train33', 'english_train32', 'english_train2', 'english_train']
2026-07-22 14:20:33  INFO      [14:20:33.658] Trying model: english_train33 (C:\Users\Mohamed Walid\Desktop\Internship\Code\runs\detect\runs\detect\english_train33\weights\best.pt)
2026-07-22 14:20:34  INFO      [14:20:33.658]   english_train33: box conf=0.795 xyxy=[414,376,1087,614]
2026-07-22 14:20:43  INFO      [14:20:33.658]   english_train33: OCR result = 'FKZ77 SE 74'
2026-07-22 14:20:43  INFO      [14:20:33.658] SUCCESS via english_train33: plate='FKZ77 SE 74'  conf=0.795
2026-07-22 14:20:43  INFO      [14:20:33.658] -- /predict done --
2026-07-22 14:21:23  INFO      [14:21:23.036] -- /predict request received --
2026-07-22 14:21:23  INFO      [14:21:23.036] File: 'images (1).jpg'
2026-07-22 14:21:23  INFO      [14:21:23.036] Saved to temp: C:\Users\MOHAME~1\AppData\Local\Temp\tmptxy2zhjo.jpg  (33059 bytes)
2026-07-22 14:21:23  INFO      [14:21:23.036] Trying 4 model(s): ['english_train33', 'english_train32', 'english_train2', 'english_train']
2026-07-22 14:21:23  INFO      [14:21:23.036] Trying model: english_train33 (C:\Users\Mohamed Walid\Desktop\Internship\Code\runs\detect\runs\detect\english_train33\weights\best.pt)
2026-07-22 14:21:23  INFO      [14:21:23.036]   english_train33: box conf=0.821 xyxy=[146,246,259,293]
2026-07-22 14:21:30  INFO      [14:21:23.036]   english_train33: OCR result = 'GDSKUL'
2026-07-22 14:21:30  INFO      [14:21:23.036] SUCCESS via english_train33: plate='GDSKUL'  conf=0.821
2026-07-22 14:21:31  INFO      [14:21:23.036] -- /predict done --
2026-07-22 14:21:31  INFO      [14:21:31.552] -- /predict request received --
2026-07-22 14:21:31  INFO      [14:21:31.552] File: 'product_11443651sf.jpg'
2026-07-22 14:21:31  INFO      [14:21:31.552] Saved to temp: C:\Users\MOHAME~1\AppData\Local\Temp\tmp4mhk3w9y.jpg  (15264 bytes)
2026-07-22 14:21:31  INFO      [14:21:31.552] Trying 4 model(s): ['english_train33', 'english_train32', 'english_train2', 'english_train']
2026-07-22 14:21:31  INFO      [14:21:31.552] Trying model: english_train33 (C:\Users\Mohamed Walid\Desktop\Internship\Code\runs\detect\runs\detect\english_train33\weights\best.pt)
2026-07-22 14:21:32  INFO      [14:21:31.552]   english_train33: box conf=0.510 xyxy=[61,100,437,197]
2026-07-22 14:21:41  INFO      [14:21:31.552]   english_train33: OCR result = 'B212 HKI'
2026-07-22 14:21:41  INFO      [14:21:31.552] SUCCESS via english_train33: plate='B212 HKI'  conf=0.510
2026-07-22 14:21:41  INFO      [14:21:31.552] -- /predict done --
2026-07-22 14:21:41  INFO      [14:21:41.481] -- /predict request received --
2026-07-22 14:21:41  INFO      [14:21:41.481] File: 'WhatsApp Image 2026-07-06 at 03.35.26.jpeg'
2026-07-22 14:21:41  INFO      [14:21:41.481] Saved to temp: C:\Users\MOHAME~1\AppData\Local\Temp\tmpuxhfqpw5.jpeg  (233908 bytes)
2026-07-22 14:21:41  INFO      [14:21:41.481] Trying 4 model(s): ['english_train33', 'english_train32', 'english_train2', 'english_train']
2026-07-22 14:21:41  INFO      [14:21:41.481] Trying model: english_train33 (C:\Users\Mohamed Walid\Desktop\Internship\Code\runs\detect\runs\detect\english_train33\weights\best.pt)
2026-07-22 14:21:43  INFO      [14:21:41.481]   english_train33: box conf=0.795 xyxy=[414,376,1087,614]
2026-07-22 14:21:53  INFO      [14:21:41.481]   english_train33: OCR result = 'FKZ77 SE 74'
2026-07-22 14:21:53  INFO      [14:21:41.481] SUCCESS via english_train33: plate='FKZ77 SE 74'  conf=0.795
2026-07-22 14:21:53  INFO      [14:21:41.481] -- /predict done --
2026-07-22 14:26:35  INFO      [14:26:35.439] -- /predict request received --
2026-07-22 14:26:35  INFO      [14:26:35.439] File: 'images (1).jpg'
2026-07-22 14:26:35  INFO      [14:26:35.439] Saved to temp: C:\Users\MOHAME~1\AppData\Local\Temp\tmpnnx1ybjq.jpg  (33059 bytes)
2026-07-22 14:26:35  INFO      [14:26:35.439] Trying 4 model(s): ['english_train33', 'english_train32', 'english_train2', 'english_train']
2026-07-22 14:26:35  INFO      [14:26:35.439] Trying model: english_train33 (C:\Users\Mohamed Walid\Desktop\Internship\Code\runs\detect\runs\detect\english_train33\weights\best.pt)
2026-07-22 14:26:36  INFO      [14:26:35.439]   english_train33: box conf=0.821 xyxy=[146,246,259,293]
2026-07-22 14:26:44  INFO      [14:26:35.439]   english_train33: OCR result = 'GDSKUL'
2026-07-22 14:26:44  INFO      [14:26:35.439] SUCCESS via english_train33: plate='GDSKUL'  conf=0.821
2026-07-22 14:26:44  INFO      [14:26:35.439] -- /predict done --
2026-07-22 14:26:44  INFO      [14:26:44.705] -- /predict request received --
2026-07-22 14:26:44  INFO      [14:26:44.705] File: 'product_11443651sf.jpg'
2026-07-22 14:26:44  INFO      [14:26:44.705] Saved to temp: C:\Users\MOHAME~1\AppData\Local\Temp\tmp49c8y5gm.jpg  (15264 bytes)
2026-07-22 14:26:44  INFO      [14:26:44.705] Trying 4 model(s): ['english_train33', 'english_train32', 'english_train2', 'english_train']
2026-07-22 14:26:44  INFO      [14:26:44.705] Trying model: english_train33 (C:\Users\Mohamed Walid\Desktop\Internship\Code\runs\detect\runs\detect\english_train33\weights\best.pt)
2026-07-22 14:26:45  INFO      [14:26:44.705]   english_train33: box conf=0.510 xyxy=[61,100,437,197]
2026-07-22 14:26:52  INFO      [14:26:44.705]   english_train33: OCR result = 'B212 HKI'
2026-07-22 14:26:52  INFO      [14:26:44.705] SUCCESS via english_train33: plate='B212 HKI'  conf=0.510
2026-07-22 14:26:53  INFO      [14:26:44.705] -- /predict done --
2026-07-22 14:26:53  INFO      [14:26:53.656] -- /predict request received --
2026-07-22 14:26:53  INFO      [14:26:53.656] File: 'WhatsApp Image 2026-07-06 at 03.35.26.jpeg'
2026-07-22 14:26:53  INFO      [14:26:53.656] Saved to temp: C:\Users\MOHAME~1\AppData\Local\Temp\tmpqtk4dvi5.jpeg  (233908 bytes)
2026-07-22 14:26:53  INFO      [14:26:53.656] Trying 4 model(s): ['english_train33', 'english_train32', 'english_train2', 'english_train']
2026-07-22 14:26:53  INFO      [14:26:53.656] Trying model: english_train33 (C:\Users\Mohamed Walid\Desktop\Internship\Code\runs\detect\runs\detect\english_train33\weights\best.pt)
2026-07-22 14:26:54  INFO      [14:26:53.656]   english_train33: box conf=0.795 xyxy=[414,376,1087,614]
2026-07-22 14:27:03  INFO      [14:26:53.656]   english_train33: OCR result = 'FKZ77 SE 74'
2026-07-22 14:27:03  INFO      [14:26:53.656] SUCCESS via english_train33: plate='FKZ77 SE 74'  conf=0.795
2026-07-22 14:27:03  INFO      [14:26:53.656] -- /predict done --
2026-07-22 14:27:03  INFO      [14:27:03.916] -- /predict request received --
2026-07-22 14:27:03  INFO      [14:27:03.916] File: 'filename_prefix_00007_.png'
2026-07-22 14:27:03  INFO      [14:27:03.916] Saved to temp: C:\Users\MOHAME~1\AppData\Local\Temp\tmpdx_gl4r1.png  (721782 bytes)
2026-07-22 14:27:03  INFO      [14:27:03.916] Trying 4 model(s): ['english_train33', 'english_train32', 'english_train2', 'english_train']
2026-07-22 14:27:03  INFO      [14:27:03.916] Trying model: english_train33 (C:\Users\Mohamed Walid\Desktop\Internship\Code\runs\detect\runs\detect\english_train33\weights\best.pt)
2026-07-22 14:27:04  INFO      [14:27:03.916]   english_train33: box conf=0.721 xyxy=[541,703,656,750]
2026-07-22 14:27:12  INFO      [14:27:03.916]   english_train33: OCR result = 'WBS D 164'
2026-07-22 14:27:12  INFO      [14:27:03.916] SUCCESS via english_train33: plate='WBS D 164'  conf=0.721
2026-07-22 14:27:12  INFO      [14:27:03.916] -- /predict done --
2026-07-22 14:27:13  INFO      [14:27:13.071] -- /predict request received --
2026-07-22 14:27:13  INFO      [14:27:13.071] File: 'filename_prefix_00008_.png'
2026-07-22 14:27:13  INFO      [14:27:13.071] Saved to temp: C:\Users\MOHAME~1\AppData\Local\Temp\tmpj8y89f6k.png  (2698787 bytes)
2026-07-22 14:27:13  INFO      [14:27:13.071] Trying 4 model(s): ['english_train33', 'english_train32', 'english_train2', 'english_train']
2026-07-22 14:27:13  INFO      [14:27:13.071] Trying model: english_train33 (C:\Users\Mohamed Walid\Desktop\Internship\Code\runs\detect\runs\detect\english_train33\weights\best.pt)
2026-07-22 14:27:15  INFO      [14:27:13.071]   english_train33: box conf=0.857 xyxy=[657,755,974,847]
2026-07-22 14:27:24  INFO      [14:27:13.071]   english_train33: OCR result = 'DB LC 5897 CAIRNOOANT MEIIAUUDE'
2026-07-22 14:27:24  INFO      [14:27:13.071] SUCCESS via english_train33: plate='DB LC 5897 CAIRNOOANT MEIIAUUDE'  conf=0.857
2026-07-22 14:27:25  INFO      [14:27:13.071] -- /predict done --
2026-07-22 14:27:25  INFO      [14:27:25.351] -- /predict request received --
2026-07-22 14:27:25  INFO      [14:27:25.351] File: 'filename_prefix_00009_.png'
2026-07-22 14:27:25  INFO      [14:27:25.351] Saved to temp: C:\Users\MOHAME~1\AppData\Local\Temp\tmptuxcwnfa.png  (1898627 bytes)
2026-07-22 14:27:25  INFO      [14:27:25.351] Trying 4 model(s): ['english_train33', 'english_train32', 'english_train2', 'english_train']
2026-07-22 14:27:25  INFO      [14:27:25.351] Trying model: english_train33 (C:\Users\Mohamed Walid\Desktop\Internship\Code\runs\detect\runs\detect\english_train33\weights\best.pt)
2026-07-22 14:27:26  INFO      [14:27:25.351]   english_train33: box conf=0.680 xyxy=[968,1020,1127,1085]
2026-07-22 14:27:34  INFO      [14:27:25.351]   english_train33: OCR result = 'KEW3634'
2026-07-22 14:27:34  INFO      [14:27:25.351] SUCCESS via english_train33: plate='KEW3634'  conf=0.680
2026-07-22 14:27:34  INFO      [14:27:25.351] -- /predict done --
2026-07-22 14:27:35  INFO      [14:27:35.028] -- /predict request received --
2026-07-22 14:27:35  INFO      [14:27:35.028] File: 'filename_prefix_00010_.png'
2026-07-22 14:27:35  INFO      [14:27:35.028] Saved to temp: C:\Users\MOHAME~1\AppData\Local\Temp\tmpa8a2__93.png  (1252904 bytes)
2026-07-22 14:27:35  INFO      [14:27:35.028] Trying 4 model(s): ['english_train33', 'english_train32', 'english_train2', 'english_train']
2026-07-22 14:27:35  INFO      [14:27:35.028] Trying model: english_train33 (C:\Users\Mohamed Walid\Desktop\Internship\Code\runs\detect\runs\detect\english_train33\weights\best.pt)
2026-07-22 14:27:35  INFO      [14:27:35.028]   english_train33: box conf=0.871 xyxy=[487,533,643,580]
2026-07-22 14:27:43  INFO      [14:27:35.028]   english_train33: OCR result = 'HIU:1222'
2026-07-22 14:27:43  INFO      [14:27:35.028] SUCCESS via english_train33: plate='HIU:1222'  conf=0.871
2026-07-22 14:27:43  INFO      [14:27:35.028] -- /predict done --
2026-07-22 14:27:43  INFO      [14:27:43.983] -- /predict request received --
2026-07-22 14:27:43  INFO      [14:27:43.983] File: 'filename_prefix_00011_.png'
2026-07-22 14:27:43  INFO      [14:27:43.983] Saved to temp: C:\Users\MOHAME~1\AppData\Local\Temp\tmpngwb5n_f.png  (762679 bytes)
2026-07-22 14:27:44  INFO      [14:27:43.983] Trying 4 model(s): ['english_train33', 'english_train32', 'english_train2', 'english_train']
2026-07-22 14:27:44  INFO      [14:27:43.983] Trying model: english_train33 (C:\Users\Mohamed Walid\Desktop\Internship\Code\runs\detect\runs\detect\english_train33\weights\best.pt)
2026-07-22 14:27:44  INFO      [14:27:43.983]   english_train33: box conf=0.780 xyxy=[677,503,794,545]
2026-07-22 14:27:52  INFO      [14:27:43.983]   english_train33: OCR result = 'KO XO 4237'
2026-07-22 14:27:52  INFO      [14:27:43.983] SUCCESS via english_train33: plate='KO XO 4237'  conf=0.780
2026-07-22 14:27:53  INFO      [14:27:43.983] -- /predict done --
2026-07-22 14:27:53  INFO      [14:27:53.628] -- /predict request received --
2026-07-22 14:27:53  INFO      [14:27:53.628] File: 'filename_prefix_00012_.png'
2026-07-22 14:27:53  INFO      [14:27:53.628] Saved to temp: C:\Users\MOHAME~1\AppData\Local\Temp\tmpv0oehn5d.png  (1669558 bytes)
2026-07-22 14:27:53  INFO      [14:27:53.628] Trying 4 model(s): ['english_train33', 'english_train32', 'english_train2', 'english_train']
2026-07-22 14:27:53  INFO      [14:27:53.628] Trying model: english_train33 (C:\Users\Mohamed Walid\Desktop\Internship\Code\runs\detect\runs\detect\english_train33\weights\best.pt)
2026-07-22 14:27:54  INFO      [14:27:53.628]   english_train33: box conf=0.821 xyxy=[756,1120,1009,1201]
2026-07-22 14:28:02  INFO      [14:27:53.628]   english_train33: OCR result = 'MBS D04I'
2026-07-22 14:28:02  INFO      [14:27:53.628] SUCCESS via english_train33: plate='MBS D04I'  conf=0.821
2026-07-22 14:28:02  INFO      [14:27:53.628] -- /predict done --
2026-07-22 14:28:02  INFO      [14:28:02.828] -- /predict request received --
2026-07-22 14:28:02  INFO      [14:28:02.828] File: 'filename_prefix_00013_.png'
2026-07-22 14:28:02  INFO      [14:28:02.828] Saved to temp: C:\Users\MOHAME~1\AppData\Local\Temp\tmpaxjpuxrd.png  (929646 bytes)
2026-07-22 14:28:02  INFO      [14:28:02.828] Trying 4 model(s): ['english_train33', 'english_train32', 'english_train2', 'english_train']
2026-07-22 14:28:02  INFO      [14:28:02.828] Trying model: english_train33 (C:\Users\Mohamed Walid\Desktop\Internship\Code\runs\detect\runs\detect\english_train33\weights\best.pt)
2026-07-22 14:28:03  INFO      [14:28:02.828]   english_train33: box conf=0.748 xyxy=[498,696,607,736]
2026-07-22 14:28:10  INFO      [14:28:02.828]   english_train33: OCR result = 'HC ( 1999'
2026-07-22 14:28:11  INFO      [14:28:02.828] SUCCESS via english_train33: plate='HC ( 1999'  conf=0.748
2026-07-22 14:28:11  INFO      [14:28:02.828] -- /predict done --
2026-07-22 14:28:11  INFO      [14:28:11.889] -- /predict request received --
2026-07-22 14:28:11  INFO      [14:28:11.889] File: 'filename_prefix_00014_.png'
2026-07-22 14:28:11  INFO      [14:28:11.889] Saved to temp: C:\Users\MOHAME~1\AppData\Local\Temp\tmpe_0rv8w2.png  (796836 bytes)
2026-07-22 14:28:11  INFO      [14:28:11.889] Trying 4 model(s): ['english_train33', 'english_train32', 'english_train2', 'english_train']
2026-07-22 14:28:11  INFO      [14:28:11.889] Trying model: english_train33 (C:\Users\Mohamed Walid\Desktop\Internship\Code\runs\detect\runs\detect\english_train33\weights\best.pt)
2026-07-22 14:28:12  INFO      [14:28:11.889]   english_train33: box conf=0.870 xyxy=[394,751,559,808]
2026-07-22 14:28:21  INFO      [14:28:11.889]   english_train33: OCR result = 'LUKM2336'
2026-07-22 14:28:21  INFO      [14:28:11.889] SUCCESS via english_train33: plate='LUKM2336'  conf=0.870
2026-07-22 14:28:21  INFO      [14:28:11.889] -- /predict done --
2026-07-22 14:28:21  INFO      [14:28:21.714] -- /predict request received --
2026-07-22 14:28:21  INFO      [14:28:21.714] File: 'filename_prefix_00015_.png'
2026-07-22 14:28:21  INFO      [14:28:21.714] Saved to temp: C:\Users\MOHAME~1\AppData\Local\Temp\tmpnluvmoj1.png  (3191075 bytes)
2026-07-22 14:28:21  INFO      [14:28:21.714] Trying 4 model(s): ['english_train33', 'english_train32', 'english_train2', 'english_train']
2026-07-22 14:28:21  INFO      [14:28:21.714] Trying model: english_train33 (C:\Users\Mohamed Walid\Desktop\Internship\Code\runs\detect\runs\detect\english_train33\weights\best.pt)
2026-07-22 14:28:22  INFO      [14:28:21.714]   english_train33: box conf=0.837 xyxy=[780,1004,1025,1079]
2026-07-22 14:28:32  INFO      [14:28:21.714]   english_train33: OCR result = 'HZL1222 OONIESN CTTAITTAO [SRA'
2026-07-22 14:28:32  INFO      [14:28:21.714] SUCCESS via english_train33: plate='HZL1222 OONIESN CTTAITTAO [SRA'  conf=0.837
2026-07-22 14:28:33  INFO      [14:28:21.714] -- /predict done --
2026-07-22 14:28:33  INFO      [14:28:33.636] -- /predict request received --
2026-07-22 14:28:33  INFO      [14:28:33.636] File: 'filename_prefix_00016_.png'
2026-07-22 14:28:33  INFO      [14:28:33.636] Saved to temp: C:\Users\MOHAME~1\AppData\Local\Temp\tmpo2o5fd9a.png  (966554 bytes)
2026-07-22 14:28:33  INFO      [14:28:33.636] Trying 4 model(s): ['english_train33', 'english_train32', 'english_train2', 'english_train']
2026-07-22 14:28:33  INFO      [14:28:33.636] Trying model: english_train33 (C:\Users\Mohamed Walid\Desktop\Internship\Code\runs\detect\runs\detect\english_train33\weights\best.pt)
2026-07-22 14:28:34  INFO      [14:28:33.636]   english_train33: box conf=0.820 xyxy=[352,725,506,789]
2026-07-22 14:28:42  INFO      [14:28:33.636]   english_train33: OCR result = 'NES SU782'
2026-07-22 14:28:42  INFO      [14:28:33.636] SUCCESS via english_train33: plate='NES SU782'  conf=0.820
2026-07-22 14:28:42  INFO      [14:28:33.636] -- /predict done --
2026-07-22 14:28:42  INFO      [14:28:42.841] -- /predict request received --
2026-07-22 14:28:42  INFO      [14:28:42.841] File: 'filename_prefix_00017_.png'
2026-07-22 14:28:42  INFO      [14:28:42.841] Saved to temp: C:\Users\MOHAME~1\AppData\Local\Temp\tmpiplxamld.png  (1805209 bytes)
2026-07-22 14:28:42  INFO      [14:28:42.841] Trying 4 model(s): ['english_train33', 'english_train32', 'english_train2', 'english_train']
2026-07-22 14:28:42  INFO      [14:28:42.841] Trying model: english_train33 (C:\Users\Mohamed Walid\Desktop\Internship\Code\runs\detect\runs\detect\english_train33\weights\best.pt)
2026-07-22 14:28:43  INFO      [14:28:42.841]   english_train33: box conf=0.776 xyxy=[725,668,910,732]
2026-07-22 14:28:51  INFO      [14:28:42.841]   english_train33: OCR result = 'KO-XG.118Z]'
2026-07-22 14:28:51  INFO      [14:28:42.841] SUCCESS via english_train33: plate='KO-XG.118Z]'  conf=0.776
2026-07-22 14:28:52  INFO      [14:28:42.841] -- /predict done --
2026-07-22 14:28:52  INFO      [14:28:52.815] -- /predict request received --
2026-07-22 14:28:52  INFO      [14:28:52.815] File: 'filename_prefix_00018_.png'
2026-07-22 14:28:52  INFO      [14:28:52.815] Saved to temp: C:\Users\MOHAME~1\AppData\Local\Temp\tmpa3r091bx.png  (1020812 bytes)
2026-07-22 14:28:52  INFO      [14:28:52.815] Trying 4 model(s): ['english_train33', 'english_train32', 'english_train2', 'english_train']
2026-07-22 14:28:52  INFO      [14:28:52.815] Trying model: english_train33 (C:\Users\Mohamed Walid\Desktop\Internship\Code\runs\detect\runs\detect\english_train33\weights\best.pt)
2026-07-22 14:28:53  INFO      [14:28:52.815]   english_train33: box conf=0.842 xyxy=[34,802,194,861]
2026-07-22 14:29:01  INFO      [14:28:52.815]   english_train33: OCR result = 'NZ R 6301'
2026-07-22 14:29:01  INFO      [14:28:52.815] SUCCESS via english_train33: plate='NZ R 6301'  conf=0.842
2026-07-22 14:29:01  INFO      [14:28:52.815] -- /predict done --
2026-07-22 14:29:01  INFO      [14:29:01.808] -- /predict request received --
2026-07-22 14:29:01  INFO      [14:29:01.808] File: 'filename_prefix_00019_.png'
2026-07-22 14:29:01  INFO      [14:29:01.808] Saved to temp: C:\Users\MOHAME~1\AppData\Local\Temp\tmpla7hgsx9.png  (1995124 bytes)
2026-07-22 14:29:01  INFO      [14:29:01.808] Trying 4 model(s): ['english_train33', 'english_train32', 'english_train2', 'english_train']
2026-07-22 14:29:01  INFO      [14:29:01.808] Trying model: english_train33 (C:\Users\Mohamed Walid\Desktop\Internship\Code\runs\detect\runs\detect\english_train33\weights\best.pt)
2026-07-22 14:29:02  INFO      [14:29:01.808]   english_train33: box conf=0.861 xyxy=[1092,973,1300,1046]
2026-07-22 14:29:10  INFO      [14:29:01.808]   english_train33: OCR result = 'WF 1229'
2026-07-22 14:29:10  INFO      [14:29:01.808] SUCCESS via english_train33: plate='WF 1229'  conf=0.861
2026-07-22 14:29:10  INFO      [14:29:01.808] -- /predict done --
2026-07-22 15:20:55  INFO      [15:20:55.404] -- /predict request received --
2026-07-22 15:20:55  INFO      [15:20:55.404] File: 'WhatsApp Image 2026-07-22 at 10.47.58.jpeg'
2026-07-22 15:20:55  INFO      [15:20:55.404] Saved to temp: C:\Users\MOHAME~1\AppData\Local\Temp\tmpsh8ys6sy.jpeg  (75007 bytes)
2026-07-22 15:20:55  INFO      [15:20:55.404] Trying 4 model(s): ['english_train33', 'english_train32', 'english_train2', 'english_train']
2026-07-22 15:20:55  INFO      [15:20:55.404] Trying model: english_train33 (C:\Users\Mohamed Walid\Desktop\Internship\Code\runs\detect\runs\detect\english_train33\weights\best.pt)
2026-07-22 15:20:56  INFO      [15:20:55.404]   english_train33: box conf=0.715 xyxy=[162,551,265,587]
2026-07-22 15:21:05  INFO      [15:20:55.404]   english_train33: OCR result = '265110'
2026-07-22 15:21:05  INFO      [15:20:55.404] SUCCESS via english_train33: plate='265110'  conf=0.715
2026-07-22 15:21:05  INFO      [15:20:55.404] -- /predict done --
2026-07-22 15:21:20  INFO      [15:21:20.351] -- /predict_arabic request received --
2026-07-22 15:21:20  INFO      [15:21:20.351] Arabic inference: WhatsApp Image 2026-07-22 at 10.47.58.jpeg (75007 bytes)
2026-07-22 15:21:37  INFO      [15:21:20.351] Detected: True  Plate: 2651101
2026-07-22 15:21:37  INFO      [15:21:20.351]   left_seq=2651101  letter=  region=  city=Unknown
2026-07-22 15:21:37  INFO      [15:21:20.351]   raw_fast="PlatePrediction(plate='2651101', char_probs=None, region='Qatar', region_prob=None)"  raw_ar='[2[5٥{٨'
2026-07-22 15:21:37  INFO      [15:21:20.351] -- /predict_arabic done --
2026-07-22 15:27:16  INFO      [15:27:16.409] -- /predict_arabic request received --
2026-07-22 15:27:16  INFO      [15:27:16.409] Arabic inference: WhatsApp Image 2026-07-22 at 10.48.09.jpeg (79925 bytes)
2026-07-22 15:27:19  INFO      [15:27:16.409] Detected: True  Plate: 76944 | 44
2026-07-22 15:27:19  INFO      [15:27:16.409]   left_seq=76944  letter=  region=44  city=Errachidia
2026-07-22 15:27:19  INFO      [15:27:16.409]   raw_fast="PlatePrediction(plate='76944II44', char_probs=None, region='Belarus', region_prob=None)"  raw_ar='76944 /4-/44'
2026-07-22 15:27:20  INFO      [15:27:16.409] -- /predict_arabic done --
2026-07-22 15:27:21  INFO      [15:27:21.086] -- /predict_arabic request received --
2026-07-22 15:27:21  INFO      [15:27:21.086] Arabic inference: WhatsApp Image 2026-07-15 at 21.04.21.jpeg (75439 bytes)
2026-07-22 15:27:27  INFO      [15:27:21.086] Detected: True  Plate: 1111515
2026-07-22 15:27:27  INFO      [15:27:21.086]   left_seq=1111515  letter=  region=  city=Unknown
2026-07-22 15:27:27  INFO      [15:27:21.086]   raw_fast="PlatePrediction(plate='1111515', char_probs=None, region='Israel', region_prob=None)"  raw_ar='[11115/1 75'
2026-07-22 15:27:28  INFO      [15:27:21.086] -- /predict_arabic done --
2026-07-22 15:27:28  INFO      [15:27:28.889] -- /predict_arabic request received --
2026-07-22 15:27:29  INFO      [15:27:28.889] Arabic inference: images (1).jpg (15124 bytes)
2026-07-22 15:27:34  INFO      [15:27:28.889] Detected: True  Plate: 77777 | ط
2026-07-22 15:27:34  INFO      [15:27:28.889]   left_seq=77777  letter=ط  region=  city=Unknown
2026-07-22 15:27:34  INFO      [15:27:28.889]   raw_fast="PlatePrediction(plate='77777I', char_probs=None, region='Belarus', region_prob=None)"  raw_ar='٥ ط  77777'
2026-07-22 15:27:34  INFO      [15:27:28.889] -- /predict_arabic done --
2026-07-22 15:27:35  INFO      [15:27:35.659] -- /predict_arabic request received --
2026-07-22 15:27:35  INFO      [15:27:35.659] Arabic inference: marokko_8.jpg (32613 bytes)
2026-07-22 15:27:52  INFO      [15:27:35.659] Detected: True  Plate: 7631 | ب | 8
2026-07-22 15:27:52  INFO      [15:27:35.659]   left_seq=7631  letter=ب  region=8  city=Settat
2026-07-22 15:27:52  INFO      [15:27:35.659]   raw_fast="PlatePrediction(plate='7631II8', char_probs=None, region='Belarus', region_prob=None)"  raw_ar='٥ ١ب١ 7531 ٨٤٨3٧١{ |8٢0 ةطع   55٤و ش82 54 022 4  9^عى/83  :ع3؟'
2026-07-22 15:27:52  INFO      [15:27:35.659] -- /predict_arabic done --
2026-07-22 15:27:53  INFO      [15:27:53.487] -- /predict_arabic request received --
2026-07-22 15:27:53  INFO      [15:27:53.487] Arabic inference: marokko_6.jpg (27255 bytes)
2026-07-22 15:27:58  INFO      [15:27:53.487] Detected: True  Plate: 77143 | د
2026-07-22 15:27:58  INFO      [15:27:53.487]   left_seq=77143  letter=د  region=  city=Unknown
2026-07-22 15:27:58  INFO      [15:27:53.487]   raw_fast="PlatePrediction(plate='77143I', char_probs=None, region='Belarus', region_prob=None)"  raw_ar='/ د / 77143'
2026-07-22 15:27:59  INFO      [15:27:53.487] -- /predict_arabic done --
2026-07-22 17:42:37  INFO      ============================================================
2026-07-22 17:42:37  INFO      PlateVision server starting
2026-07-22 17:42:37  INFO      Log file: C:\Users\Mohamed Walid\Desktop\Internship\Code\logs\predict.log
2026-07-22 17:42:37  INFO      ============================================================
2026-07-22 17:42:38  INFO      English pipeline weights path: C:\Users\Mohamed Walid\Desktop\Internship\Code\runs\detect\runs\detect\english_train33\weights\best.pt
2026-07-22 17:42:38  INFO        [OK] Weights file exists (18001 KB)
2026-07-22 17:42:38  INFO      Available models: ['english_train33', 'english_train32', 'english_train2', 'english_train']
2026-07-23 14:32:43  INFO      ============================================================
2026-07-23 14:32:43  INFO      PlateVision server starting
2026-07-23 14:32:43  INFO      Log file: C:\Users\Mohamed Walid\Desktop\Internship\Code\logs\predict.log
2026-07-23 14:32:43  INFO      ============================================================
2026-07-23 14:32:45  INFO      English pipeline weights path: C:\Users\Mohamed Walid\Desktop\Internship\Code\runs\detect\runs\detect\english_train33\weights\best.pt
2026-07-23 14:32:45  INFO        [OK] Weights file exists (18001 KB)
2026-07-23 14:32:45  INFO      Available models: ['english_train33', 'english_train32', 'english_train2', 'english_train']
2026-07-23 14:36:14  INFO      [14:36:14.285] ── /predict_video request received ─────────────────
2026-07-23 14:36:14  INFO      [14:36:14.285] Video: 'WhatsApp Video 2026-07-15 at 21.04.25.mp4'  mode=english  frame_skip=15  conf=0.15  engine=paddleocr_ar  save_db=True
2026-07-23 14:36:14  INFO      [14:36:14.285] Video saved: C:\Users\MOHAME~1\AppData\Local\Temp\tmpc8nwb3dt.mp4  (1645 KB)
2026-07-23 14:36:28  INFO      [14:36:14.285] Video mode=ENGLISH, weights=C:\Users\Mohamed Walid\Desktop\Internship\Code\runs\detect\runs\detect\english_train33\weights\best.pt
2026-07-23 14:36:29  INFO      [14:36:14.285] Video: fps=29.6  frames=225  duration=7.6s
2026-07-23 14:38:47  INFO      [14:36:14.285]   Frame 0 OCR [english] = 'DG368HPAQ'
2026-07-23 14:39:07  INFO      [14:36:14.285]   Frame 15 OCR [english] = 'DG368RP'
2026-07-23 14:39:19  INFO      [14:36:14.285]   Frame 30 OCR [english] = '0G368HP'
2026-07-23 14:39:29  INFO      [14:36:14.285]   Frame 45 OCR [english] = '0G368HP'
2026-07-23 14:39:37  INFO      [14:36:14.285]   Frame 60 OCR [english] = 'dH89E9'
2026-07-23 14:39:46  INFO      [14:36:14.285]   Frame 75 OCR [english] = 'DG368HP'
2026-07-23 14:39:55  INFO      [14:36:14.285]   Frame 90 OCR [english] = 'dH89E9'
2026-07-23 14:40:02  INFO      [14:36:14.285]   Frame 105 OCR [english] = 'dH89E9'
2026-07-23 14:40:09  INFO      [14:36:14.285]   Frame 120 OCR [english] = 'dH89E9'
2026-07-23 14:40:17  INFO      [14:36:14.285]   Frame 135 OCR [english] = 'DG368HP'
2026-07-23 14:40:28  INFO      [14:36:14.285]   Frame 150 OCR [english] = 'JH89E9'
2026-07-23 14:40:37  INFO      [14:36:14.285]   Frame 165 OCR [english] = 'dH89E9'
2026-07-23 14:40:50  INFO      [14:36:14.285]   Frame 180 OCR [english] = 'DG368HPأب'
2026-07-23 14:41:15  INFO      [14:36:14.285]   Frame 195 OCR [english] = 'DG368HP40'
2026-07-23 14:41:38  INFO      [supervisor] Acknowledged 68 alerts
2026-07-23 14:41:38  INFO      [supervisor] Acknowledged 102 alerts
2026-07-23 14:41:40  INFO      [14:36:14.285]   Frame 210 OCR [english] = 'DG368HP11'
2026-07-23 14:41:41  INFO      [14:36:14.285] Video done. Plates found: 15  Unique character-voted: 9
2026-07-23 14:51:30  INFO      [14:51:30.814] ── /predict_video request received ─────────────────
2026-07-23 14:51:30  INFO      [14:51:30.814] Video: 'WhatsApp Video 2026-07-15 at 21.04.25.mp4'  mode=english  frame_skip=15  conf=0.15  engine=paddleocr_ar  save_db=True
2026-07-23 14:51:30  INFO      [14:51:30.814] Video saved: C:\Users\MOHAME~1\AppData\Local\Temp\tmpldv9j93b.mp4  (1645 KB)
2026-07-23 14:51:30  INFO      [14:51:30.814] Video mode=ENGLISH, weights=C:\Users\Mohamed Walid\Desktop\Internship\Code\runs\detect\runs\detect\english_train33\weights\best.pt
2026-07-23 14:51:31  INFO      [14:51:30.814] Video: fps=29.6  frames=225  duration=7.6s
2026-07-23 14:52:03  INFO      [14:51:30.814]   Frame 0 OCR [english] = 'DG368HPAQ'
2026-07-23 14:52:30  INFO      [14:51:30.814]   Frame 15 OCR [english] = 'DG368RP'
2026-07-23 14:52:43  INFO      [14:51:30.814]   Frame 30 OCR [english] = '0G368HP'
2026-07-23 14:52:53  INFO      [14:51:30.814]   Frame 45 OCR [english] = '0G368HP'
2026-07-23 14:53:02  INFO      [14:51:30.814]   Frame 60 OCR [english] = 'dH89E9'
2026-07-23 14:53:10  INFO      [14:51:30.814]   Frame 75 OCR [english] = 'DG368HP'
2026-07-23 14:53:19  INFO      [14:51:30.814]   Frame 90 OCR [english] = 'dH89E9'
2026-07-23 14:53:27  INFO      [14:51:30.814]   Frame 105 OCR [english] = 'dH89E9'
2026-07-23 14:53:34  INFO      [14:51:30.814]   Frame 120 OCR [english] = 'dH89E9'
2026-07-23 14:53:42  INFO      [14:51:30.814]   Frame 135 OCR [english] = 'DG368HP'
2026-07-23 14:53:50  INFO      [14:51:30.814]   Frame 150 OCR [english] = 'JH89E9'
2026-07-23 14:53:58  INFO      [14:51:30.814]   Frame 165 OCR [english] = 'dH89E9'
2026-07-23 14:54:10  INFO      [14:51:30.814]   Frame 180 OCR [english] = 'DG368HPأب'
2026-07-23 14:54:29  INFO      [14:51:30.814]   Frame 195 OCR [english] = 'DG368HP40'
2026-07-23 14:54:52  INFO      [14:51:30.814]   Frame 210 OCR [english] = 'DG368HP11'
2026-07-23 14:54:53  INFO      [14:51:30.814] Video done. Plates found: 15  Unique character-voted: 9
2026-07-23 15:29:32  INFO      ============================================================
2026-07-23 15:29:32  INFO      PlateVision server starting
2026-07-23 15:29:32  INFO      Log file: C:\Users\Mohamed Walid\Desktop\Internship\Code\logs\predict.log
2026-07-23 15:29:32  INFO      ============================================================
2026-07-23 15:29:33  INFO      English pipeline weights path: C:\Users\Mohamed Walid\Desktop\Internship\Code\runs\detect\runs\detect\english_train33\weights\best.pt
2026-07-23 15:29:33  INFO        [OK] Weights file exists (18001 KB)
2026-07-23 15:29:33  INFO      Available models: ['english_train33', 'english_train32', 'english_train2', 'english_train']
2026-07-23 15:30:08  INFO      [15:30:08.059] -- /predict request received --
2026-07-23 15:30:08  INFO      [15:30:08.059] File: 'WhatsApp Image 2026-07-15 at 21.04.21 (2).jpeg'
2026-07-23 15:30:08  INFO      [15:30:08.059] Saved to temp: C:\Users\MOHAME~1\AppData\Local\Temp\tmp2wed2s9a.jpeg  (192187 bytes)
2026-07-23 15:30:22  INFO      [15:30:08.059] Trying 4 model(s): ['english_train33', 'english_train32', 'english_train2', 'english_train']
2026-07-23 15:30:22  INFO      [15:30:08.059] Trying model: english_train33 (C:\Users\Mohamed Walid\Desktop\Internship\Code\runs\detect\runs\detect\english_train33\weights\best.pt)
2026-07-23 15:30:22  INFO      [15:30:08.059]   english_train33: box conf=0.678 xyxy=[323,381,1263,631]
2026-07-23 15:30:31  INFO      [15:30:08.059]   english_train33: OCR result = 'AQUITAINE F DG 368 HPI 40 14038'
2026-07-23 15:30:31  INFO      [15:30:08.059] SUCCESS via english_train33: plate='AQUITAINE F DG 368 HPI 40 14038'  conf=0.678
2026-07-23 15:30:36  INFO      [15:30:08.059] -- /predict done --
2026-07-23 15:33:14  INFO      [15:33:14.505] ── /predict_video request received ─────────────────
2026-07-23 15:33:14  INFO      [15:33:14.505] Video: 'WhatsApp Video 2026-07-15 at 21.04.25.mp4'  mode=english  frame_skip=15  conf=0.15  engine=paddleocr_ar  save_db=True
2026-07-23 15:33:14  INFO      [15:33:14.505] Video saved: C:\Users\MOHAME~1\AppData\Local\Temp\tmpd4v2ztfv.mp4  (1645 KB)
2026-07-23 15:33:14  INFO      [15:33:14.505] Video mode=ENGLISH, weights=C:\Users\Mohamed Walid\Desktop\Internship\Code\runs\detect\runs\detect\english_train33\weights\best.pt
2026-07-23 15:33:14  INFO      [15:33:14.505] Video: fps=29.6  frames=225  duration=7.6s
2026-07-23 15:34:00  INFO      [15:33:14.505]   Frame 0 OCR [english] = 'DG368HPAQ'
2026-07-23 15:34:18  INFO      [15:33:14.505]   Frame 15 OCR [english] = 'DG368RP'
2026-07-23 15:34:30  INFO      [15:33:14.505]   Frame 30 OCR [english] = '0G368HP'
2026-07-23 15:34:39  INFO      [15:33:14.505]   Frame 45 OCR [english] = '0G368HP'
2026-07-23 15:34:47  INFO      [15:33:14.505]   Frame 60 OCR [english] = 'dH89E9'
2026-07-23 15:34:55  INFO      [15:33:14.505]   Frame 75 OCR [english] = 'DG368HP'
2026-07-23 15:35:02  INFO      [15:33:14.505]   Frame 90 OCR [english] = 'dH89E9'
2026-07-23 15:35:09  INFO      [15:33:14.505]   Frame 105 OCR [english] = 'dH89E9'
2026-07-23 15:35:16  INFO      [15:33:14.505]   Frame 120 OCR [english] = 'dH89E9'
2026-07-23 15:35:23  INFO      [15:33:14.505]   Frame 135 OCR [english] = 'DG368HP'
2026-07-23 15:35:30  INFO      [15:33:14.505]   Frame 150 OCR [english] = 'JH89E9'
2026-07-23 15:35:38  INFO      [15:33:14.505]   Frame 165 OCR [english] = 'dH89E9'
2026-07-23 15:35:48  INFO      [15:33:14.505]   Frame 180 OCR [english] = 'DG368HPأب'
2026-07-23 15:36:03  INFO      [15:33:14.505]   Frame 195 OCR [english] = 'DG368HP40'
2026-07-23 15:36:21  INFO      [15:33:14.505]   Frame 210 OCR [english] = 'DG368HP11'
2026-07-23 15:36:22  INFO      [15:33:14.505] Video done. Plates found: 15  Unique character-voted: 9
2026-07-23 15:51:10  INFO      ============================================================
2026-07-23 15:51:10  INFO      PlateVision server starting
2026-07-23 15:51:10  INFO      Log file: C:\Users\Mohamed Walid\Desktop\Internship\Code\logs\predict.log
2026-07-23 15:51:10  INFO      ============================================================
2026-07-23 15:51:26  INFO      English pipeline weights path: C:\Users\Mohamed Walid\Desktop\Internship\Code\runs\detect\runs\detect\english_train33\weights\best.pt
2026-07-23 15:51:26  INFO        [OK] Weights file exists (18001 KB)
2026-07-23 15:51:26  INFO      Available models: ['english_train33', 'english_train32', 'english_train2', 'english_train']
2026-07-23 15:51:39  INFO      ============================================================
2026-07-23 15:51:39  INFO      PlateVision server starting
2026-07-23 15:51:39  INFO      Log file: C:\Users\Mohamed Walid\Desktop\Internship\Code\logs\predict.log
2026-07-23 15:51:39  INFO      ============================================================
2026-07-23 15:51:39  INFO      English pipeline weights path: C:\Users\Mohamed Walid\Desktop\Internship\Code\runs\detect\runs\detect\english_train33\weights\best.pt
2026-07-23 15:51:39  INFO        [OK] Weights file exists (18001 KB)
2026-07-23 15:51:39  INFO      Available models: ['english_train33', 'english_train32', 'english_train2', 'english_train']
2026-07-23 15:52:37  INFO      [15:52:37.103] ── /predict_video request received ─────────────────
2026-07-23 15:52:37  INFO      [15:52:37.103] Video: 'WhatsApp Video 2026-07-15 at 21.04.25.mp4'  mode=english  frame_skip=5  conf=0.15  engine=paddleocr_ar  save_db=True
2026-07-23 15:52:37  INFO      [15:52:37.103] Video saved: C:\Users\MOHAME~1\AppData\Local\Temp\tmpe0wlv3aj.mp4  (1645 KB)
2026-07-23 15:52:41  INFO      [15:52:37.103] Video mode=ENGLISH, weights=C:\Users\Mohamed Walid\Desktop\Internship\Code\runs\detect\runs\detect\english_train33\weights\best.pt
2026-07-23 15:52:41  INFO      [15:52:37.103] Video: fps=29.6  frames=225  duration=7.6s
2026-07-23 15:53:16  INFO      [15:52:37.103]   Frame 0 OCR [english] = 'DG368HPAQ'
2026-07-23 15:53:41  INFO      [15:52:37.103]   Frame 5 OCR [english] = 'DG368RP'
2026-07-23 15:53:59  INFO      [15:52:37.103]   Frame 10 OCR [english] = 'DG368RP'
2026-07-23 15:54:17  INFO      [15:52:37.103]   Frame 15 OCR [english] = 'DG368RP'
2026-07-23 15:54:31  INFO      [15:52:37.103]   Frame 20 OCR [english] = 'DG368HPAI'
2026-07-23 15:54:44  INFO      [15:52:37.103]   Frame 25 OCR [english] = '0G368HP'
2026-07-23 15:54:56  INFO      [15:52:37.103]   Frame 30 OCR [english] = '0G368HP'
2026-07-23 15:55:05  INFO      [15:52:37.103]   Frame 35 OCR [english] = 'dH89E90'
2026-07-23 15:55:15  INFO      [15:52:37.103]   Frame 40 OCR [english] = '0G368H'
2026-07-23 15:55:24  INFO      [15:52:37.103]   Frame 45 OCR [english] = '0G368HP'
2026-07-23 15:55:33  INFO      [15:52:37.103]   Frame 50 OCR [english] = 'dH89E9'
2026-07-23 15:55:42  INFO      [15:52:37.103]   Frame 55 OCR [english] = '07dH89E90'
2026-07-23 15:55:50  INFO      [15:52:37.103]   Frame 60 OCR [english] = 'dH89E9'
2026-07-23 15:55:58  INFO      [15:52:37.103]   Frame 65 OCR [english] = 'dH89E9'
2026-07-23 15:56:06  INFO      [15:52:37.103]   Frame 70 OCR [english] = 'dH89E9'
2026-07-23 15:56:13  INFO      [15:52:37.103]   Frame 75 OCR [english] = 'DG368HP'
2026-07-23 15:56:21  INFO      [15:52:37.103]   Frame 80 OCR [english] = 'dH89E90'
2026-07-23 15:56:29  INFO      [15:52:37.103]   Frame 85 OCR [english] = '07JH89E9'
2026-07-23 15:56:37  INFO      [15:52:37.103]   Frame 90 OCR [english] = 'dH89E9'
2026-07-23 15:56:44  INFO      [15:52:37.103]   Frame 95 OCR [english] = 'DG368HP'
2026-07-23 15:56:51  INFO      [15:52:37.103]   Frame 100 OCR [english] = 'SG368HP'
2026-07-23 15:56:59  INFO      [15:52:37.103]   Frame 105 OCR [english] = 'dH89E9'
2026-07-23 15:57:06  INFO      [15:52:37.103]   Frame 110 OCR [english] = 'dH89E90'
2026-07-23 15:57:13  INFO      [15:52:37.103]   Frame 115 OCR [english] = 'dH89E9'
2026-07-23 15:57:20  INFO      [15:52:37.103]   Frame 120 OCR [english] = 'dH89E9'
2026-07-23 15:57:27  INFO      [15:52:37.103]   Frame 125 OCR [english] = 'dH89E90'
2026-07-23 15:57:35  INFO      [15:52:37.103]   Frame 130 OCR [english] = 'D72h89E90'
2026-07-23 15:57:42  INFO      [15:52:37.103]   Frame 135 OCR [english] = 'DG368HP'
2026-07-23 15:57:49  INFO      [15:52:37.103]   Frame 140 OCR [english] = 'DG368HP'
2026-07-23 15:57:56  INFO      [15:52:37.103]   Frame 145 OCR [english] = 'DC36BHP'
2026-07-23 15:58:03  INFO      [15:52:37.103]   Frame 150 OCR [english] = 'JH89E9'
2026-07-23 15:58:10  INFO      [15:52:37.103]   Frame 155 OCR [english] = 'dH89E9'
2026-07-23 15:58:17  INFO      [15:52:37.103]   Frame 160 OCR [english] = 'dH89E90'
2026-07-23 15:58:25  INFO      [15:52:37.103]   Frame 165 OCR [english] = 'dH89E9'
2026-07-23 15:58:33  INFO      [15:52:37.103]   Frame 170 OCR [english] = 'DG368HP'
2026-07-23 15:58:41  INFO      [15:52:37.103]   Frame 175 OCR [english] = 'dH89E90'
2026-07-23 15:58:52  INFO      [15:52:37.103]   Frame 180 OCR [english] = 'DG368HPأب'
2026-07-23 15:59:02  INFO      [15:52:37.103]   Frame 185 OCR [english] = 'DG368HP'
2026-07-23 15:59:14  INFO      [15:52:37.103]   Frame 190 OCR [english] = 'DG368HP'
2026-07-23 15:59:30  INFO      [15:52:37.103]   Frame 195 OCR [english] = 'DG368HP40'
2026-07-23 15:59:48  INFO      [15:52:37.103]   Frame 200 OCR [english] = 'DG368HP4CA٩١٥٢'
2026-07-23 16:00:05  INFO      [15:52:37.103]   Frame 205 OCR [english] = 'DG368HP'
2026-07-23 16:00:22  INFO      [15:52:37.103]   Frame 210 OCR [english] = 'DG368HP11'
2026-07-23 16:00:41  INFO      [15:52:37.103]   Frame 215 OCR [english] = 'DG368HP40NQLITAN'
2026-07-23 16:00:58  INFO      [15:52:37.103]   Frame 220 OCR [english] = 'DG368HP'
2026-07-23 16:00:59  INFO      [15:52:37.103] Video done. Plates found: 45  Unique character-voted: 19
2026-07-23 16:15:53  INFO      [16:15:53.000] -- /predict_arabic request received --
2026-07-23 16:15:53  INFO      [16:15:53.000] Arabic inference: images (1).jpg (15124 bytes)
2026-07-23 16:16:02  INFO      [16:15:53.000] Detected: True  Plate: 77777 | ط
2026-07-23 16:16:02  INFO      [16:15:53.000]   left_seq=77777  letter=ط  region=  city=Unknown
2026-07-23 16:16:02  INFO      [16:15:53.000]   raw_fast="PlatePrediction(plate='77777I', char_probs=None, region='Belarus', region_prob=None)"  raw_ar='٥ ط  77777'
2026-07-23 16:16:03  INFO      [16:15:53.000] -- /predict_arabic done --
2026-07-23 16:16:03  INFO      [16:16:03.314] -- /predict_arabic request received --
2026-07-23 16:16:03  INFO      [16:16:03.314] Arabic inference: marokko_8.jpg (32613 bytes)
2026-07-23 16:16:14  INFO      [16:16:03.314] Detected: True  Plate: 7631 | ب | 8
2026-07-23 16:16:14  INFO      [16:16:03.314]   left_seq=7631  letter=ب  region=8  city=Settat
2026-07-23 16:16:14  INFO      [16:16:03.314]   raw_fast="PlatePrediction(plate='7631II8', char_probs=None, region='Belarus', region_prob=None)"  raw_ar='٥ ١ب١ 7531 ٨٤٨3٧١{ |8٢0 ةطع   55٤و ش82 54 022 4  9^عى/83  :ع3؟'
2026-07-23 16:16:14  INFO      [16:16:03.314] -- /predict_arabic done --
2026-07-23 16:16:14  INFO      [16:16:14.869] -- /predict_arabic request received --
2026-07-23 16:16:14  INFO      [16:16:14.869] Arabic inference: marokko_6.jpg (27255 bytes)
2026-07-23 16:16:17  INFO      [16:16:14.869] Detected: True  Plate: 77143 | د
2026-07-23 16:16:17  INFO      [16:16:14.869]   left_seq=77143  letter=د  region=  city=Unknown
2026-07-23 16:16:17  INFO      [16:16:14.869]   raw_fast="PlatePrediction(plate='77143I', char_probs=None, region='Belarus', region_prob=None)"  raw_ar='/ د / 77143'
2026-07-23 16:16:18  INFO      [16:16:14.869] -- /predict_arabic done --
2026-07-23 16:16:57  INFO      [16:16:57.626] -- /predict_arabic request received --
2026-07-23 16:16:57  INFO      [16:16:57.626] Arabic inference: Car_license_plate_of_Morocco_in_Spain.jpg (312204 bytes)
2026-07-23 16:17:12  INFO      [16:16:57.626] Detected: True  Plate: 60567 | ا
2026-07-23 16:17:12  INFO      [16:16:57.626]   left_seq=60567  letter=ا  region=  city=Unknown
2026-07-23 16:17:12  INFO      [16:16:57.626]   raw_fast="PlatePrediction(plate='60567IAI', char_probs=None, region='Belarus', region_prob=None)"  raw_ar='5٥5٥7 ان آ'
2026-07-23 16:17:12  INFO      [16:16:57.626] -- /predict_arabic done --
2026-07-23 16:19:26  INFO      [16:19:26.331] ── /predict_video request received ─────────────────
2026-07-23 16:19:26  INFO      [16:19:26.331] Video: 'WhatsApp Video 2026-07-15 at 21.04.25.mp4'  mode=english  frame_skip=5  conf=0.15  engine=paddleocr_ar  save_db=True
2026-07-23 16:19:26  INFO      [16:19:26.331] Video saved: C:\Users\MOHAME~1\AppData\Local\Temp\tmpoieuu46a.mp4  (1645 KB)
2026-07-23 16:19:26  INFO      [16:19:26.331] Video mode=ENGLISH, weights=C:\Users\Mohamed Walid\Desktop\Internship\Code\runs\detect\runs\detect\english_train33\weights\best.pt
2026-07-23 16:19:26  INFO      [16:19:26.331] Video: fps=29.6  frames=225  duration=7.6s
2026-07-23 16:19:52  INFO      [16:19:26.331]   Frame 0 OCR [english] = 'DG368HPAQ'
2026-07-23 16:20:12  INFO      [16:19:26.331]   Frame 5 OCR [english] = 'DG368RP'
2026-07-23 16:20:30  INFO      [16:19:26.331]   Frame 10 OCR [english] = 'DG368RP'
2026-07-23 16:21:29  INFO      ============================================================
2026-07-23 16:21:29  INFO      PlateVision server starting
2026-07-23 16:21:29  INFO      Log file: C:\Users\Mohamed Walid\Desktop\Internship\Code\logs\predict.log
2026-07-23 16:21:29  INFO      ============================================================
2026-07-23 16:21:30  INFO      English pipeline weights path: C:\Users\Mohamed Walid\Desktop\Internship\Code\runs\detect\runs\detect\english_train33\weights\best.pt
2026-07-23 16:21:30  INFO        [OK] Weights file exists (18001 KB)
2026-07-23 16:21:30  INFO      Available models: ['english_train33', 'english_train32', 'english_train2', 'english_train']
2026-07-23 16:28:54  INFO      [16:28:54.839] ── /predict_video request received ─────────────────
2026-07-23 16:28:54  INFO      [16:28:54.839] Video: 'WhatsApp Video 2026-07-15 at 21.04.25.mp4'  mode=english  frame_skip=5  conf=0.15  engine=paddleocr_ar  save_db=True
2026-07-23 16:28:54  INFO      [16:28:54.839] Video saved: C:\Users\MOHAME~1\AppData\Local\Temp\tmp9gu0kxxb.mp4  (1645 KB)
2026-07-23 16:29:06  INFO      [16:28:54.839] Video mode=ENGLISH, weights=C:\Users\Mohamed Walid\Desktop\Internship\Code\runs\detect\runs\detect\english_train33\weights\best.pt
2026-07-23 16:29:06  INFO      [16:28:54.839] Video: fps=29.6  frames=225  duration=7.6s
2026-07-23 16:29:46  INFO      [16:28:54.839]   Frame 0 OCR [english] = 'DG368HPAQ'
2026-07-23 16:30:12  INFO      [16:28:54.839]   Frame 5 OCR [english] = 'DG368RP'
2026-07-23 16:30:31  INFO      [16:28:54.839]   Frame 10 OCR [english] = 'DG368RP'
2026-07-23 16:30:48  INFO      [16:28:54.839]   Frame 15 OCR [english] = 'DG368RP'
2026-07-23 16:31:03  INFO      [16:28:54.839]   Frame 20 OCR [english] = 'DG368HPAI'
2026-07-23 16:31:16  INFO      [16:28:54.839]   Frame 25 OCR [english] = '0G368HP'
2026-07-23 16:31:27  INFO      [16:28:54.839]   Frame 30 OCR [english] = '0G368HP'
2026-07-23 16:31:38  INFO      [16:28:54.839]   Frame 35 OCR [english] = 'dH89E90'
2026-07-23 16:31:47  INFO      [16:28:54.839]   Frame 40 OCR [english] = '0G368H'
2026-07-23 16:31:56  INFO      [16:28:54.839]   Frame 45 OCR [english] = '0G368HP'
2026-07-23 16:32:04  INFO      [16:28:54.839]   Frame 50 OCR [english] = 'dH89E9'
2026-07-23 16:32:14  INFO      [16:28:54.839]   Frame 55 OCR [english] = '07dH89E90'
2026-07-23 16:32:22  INFO      [16:28:54.839]   Frame 60 OCR [english] = 'dH89E9'
2026-07-23 16:32:29  INFO      [16:28:54.839]   Frame 65 OCR [english] = 'dH89E9'
2026-07-23 16:32:37  INFO      [16:28:54.839]   Frame 70 OCR [english] = 'dH89E9'
2026-07-23 16:32:44  INFO      [16:28:54.839]   Frame 75 OCR [english] = 'DG368HP'
2026-07-23 16:32:53  INFO      [16:28:54.839]   Frame 80 OCR [english] = 'dH89E90'
2026-07-23 16:33:00  INFO      [16:28:54.839]   Frame 85 OCR [english] = '07JH89E9'
2026-07-23 16:33:08  INFO      [16:28:54.839]   Frame 90 OCR [english] = 'dH89E9'
2026-07-23 16:33:15  INFO      [16:28:54.839]   Frame 95 OCR [english] = 'DG368HP'
2026-07-23 16:33:23  INFO      [16:28:54.839]   Frame 100 OCR [english] = 'SG368HP'
2026-07-23 16:33:31  INFO      [16:28:54.839]   Frame 105 OCR [english] = 'dH89E9'
2026-07-23 16:33:40  INFO      [16:28:54.839]   Frame 110 OCR [english] = 'dH89E90'
2026-07-23 16:33:46  INFO      [16:28:54.839]   Frame 115 OCR [english] = 'dH89E9'
2026-07-23 16:33:54  INFO      [16:28:54.839]   Frame 120 OCR [english] = 'dH89E9'
2026-07-23 16:34:00  INFO      [16:28:54.839]   Frame 125 OCR [english] = 'dH89E90'
2026-07-23 16:34:07  INFO      [16:28:54.839]   Frame 130 OCR [english] = 'D72h89E90'
2026-07-23 16:34:14  INFO      [16:28:54.839]   Frame 135 OCR [english] = 'DG368HP'
2026-07-23 16:34:20  INFO      [16:28:54.839]   Frame 140 OCR [english] = 'DG368HP'
2026-07-23 16:34:26  INFO      [16:28:54.839]   Frame 145 OCR [english] = 'DC36BHP'
2026-07-23 16:34:32  INFO      [16:28:54.839]   Frame 150 OCR [english] = 'JH89E9'
2026-07-23 16:34:38  INFO      [16:28:54.839]   Frame 155 OCR [english] = 'dH89E9'
2026-07-23 16:34:45  INFO      [16:28:54.839]   Frame 160 OCR [english] = 'dH89E90'
2026-07-23 16:34:52  INFO      [16:28:54.839]   Frame 165 OCR [english] = 'dH89E9'
2026-07-23 16:35:00  INFO      [16:28:54.839]   Frame 170 OCR [english] = 'DG368HP'
2026-07-23 16:35:08  INFO      [16:28:54.839]   Frame 175 OCR [english] = 'dH89E90'
2026-07-23 16:35:18  INFO      [16:28:54.839]   Frame 180 OCR [english] = 'DG368HPأب'
2026-07-23 16:35:28  INFO      [16:28:54.839]   Frame 185 OCR [english] = 'DG368HP'
2026-07-23 16:35:39  INFO      [16:28:54.839]   Frame 190 OCR [english] = 'DG368HP'
2026-07-23 16:35:53  INFO      [16:28:54.839]   Frame 195 OCR [english] = 'DG368HP40'
2026-07-23 16:36:10  INFO      [16:28:54.839]   Frame 200 OCR [english] = 'DG368HP4CA٩١٥٢'
2026-07-23 16:36:25  INFO      [16:28:54.839]   Frame 205 OCR [english] = 'DG368HP'
2026-07-23 16:36:45  INFO      [16:28:54.839]   Frame 210 OCR [english] = 'DG368HP11'
2026-07-23 16:37:06  INFO      [16:28:54.839]   Frame 215 OCR [english] = 'DG368HP40NQLITAN'
2026-07-23 16:37:24  INFO      [16:28:54.839]   Frame 220 OCR [english] = 'DG368HP'
2026-07-23 16:37:24  INFO      [16:28:54.839] Video done. Plates found: 45  Unique character-voted: 19
2026-07-23 16:54:15  INFO      [16:54:15.145] ── /predict_video request received ─────────────────
2026-07-23 16:54:15  INFO      [16:54:15.145] Video: 'WhatsApp Video 2026-07-14 at 23.43.09.mp4'  mode=english  frame_skip=15  conf=0.15  engine=paddleocr_ar  save_db=True
2026-07-23 16:54:15  INFO      [16:54:15.145] Video saved: C:\Users\MOHAME~1\AppData\Local\Temp\tmpk4yvyki5.mp4  (4235 KB)
2026-07-23 16:54:15  INFO      [16:54:15.145] Video mode=ENGLISH, weights=C:\Users\Mohamed Walid\Desktop\Internship\Code\runs\detect\runs\detect\english_train33\weights\best.pt
2026-07-23 16:54:15  INFO      [16:54:15.145] Video: fps=29.6  frames=580  duration=19.6s
2026-07-23 16:54:45  INFO      [16:54:15.145]   Frame 0 OCR [english] = '6844CGZ'
2026-07-23 16:55:04  INFO      [16:54:15.145]   Frame 15 OCR [english] = '6844CGZ'
2026-07-23 16:55:18  INFO      [16:54:15.145]   Frame 30 OCR [english] = '7789'
2026-07-23 16:55:28  INFO      [16:54:15.145]   Frame 45 OCR [english] = '6844CGZ'
2026-07-23 16:55:37  INFO      [16:54:15.145]   Frame 60 OCR [english] = '6844CGZ'
2026-07-23 16:55:46  INFO      [16:54:15.145]   Frame 75 OCR [english] = '6844CGZ'
2026-07-23 16:55:55  INFO      [16:54:15.145]   Frame 90 OCR [english] = '0044caz'
2026-07-23 16:56:04  INFO      [16:54:15.145]   Frame 105 OCR [english] = 'O2a'
2026-07-23 16:56:15  INFO      [16:54:15.145]   Frame 120 OCR [english] = '6844COZ'
2026-07-23 16:56:32  INFO      [16:54:15.145]   Frame 135 OCR [english] = '7789'
2026-07-23 16:56:52  INFO      [16:54:15.145]   Frame 150 OCR [english] = '6844CGZ'
2026-07-23 16:57:14  INFO      [16:54:15.145]   Frame 165 OCR [english] = '7789'
2026-07-23 16:57:34  INFO      [16:54:15.145]   Frame 180 OCR [english] = 'CGZ6844'
2026-07-23 16:57:49  INFO      [16:54:15.145]   Frame 195 OCR [english] = '6844CGZ'
2026-07-23 16:58:03  INFO      [16:54:15.145]   Frame 210 OCR [english] = '7789'
2026-07-23 16:58:35  DEBUG     [16:54:15.145] frame=225 ts=7.6s → 0 boxes
2026-07-23 16:58:36  DEBUG     [16:54:15.145] frame=240 ts=8.11s → 0 boxes
2026-07-23 16:58:36  DEBUG     [16:54:15.145] frame=255 ts=8.62s → 0 boxes
2026-07-23 16:58:37  DEBUG     [16:54:15.145] frame=270 ts=9.12s → 0 boxes
2026-07-23 16:58:37  DEBUG     [16:54:15.145] frame=285 ts=9.63s → 0 boxes
2026-07-23 16:58:38  DEBUG     [16:54:15.145] frame=300 ts=10.14s → 0 boxes
2026-07-23 16:58:56  INFO      [16:54:15.145]   Frame 315 OCR [english] = '6844CGZ'
2026-07-23 16:59:21  INFO      [16:54:15.145]   Frame 330 OCR [english] = '6844CGZ'
2026-07-23 16:59:21  DEBUG     [16:54:15.145] frame=345 ts=11.66s → 0 boxes
2026-07-23 16:59:21  DEBUG     [16:54:15.145] frame=360 ts=12.16s → 0 boxes
2026-07-23 17:00:03  INFO      [16:54:15.145]   Frame 375 OCR [english] = '6844CGZ'
2026-07-23 17:00:32  INFO      [16:54:15.145]   Frame 390 OCR [english] = '6844CGZ'
2026-07-23 17:00:58  INFO      [16:54:15.145]   Frame 405 OCR [english] = 'S844CGZ'
2026-07-23 17:01:24  INFO      [16:54:15.145]   Frame 420 OCR [english] = '6844CGZ'
2026-07-23 17:01:41  INFO      [16:54:15.145]   Frame 435 OCR [english] = '7789'
2026-07-23 17:01:55  INFO      [16:54:15.145]   Frame 450 OCR [english] = '6844CGZ'
2026-07-23 17:02:07  INFO      [16:54:15.145]   Frame 465 OCR [english] = '6844CGZ'
2026-07-23 17:02:18  INFO      [16:54:15.145]   Frame 480 OCR [english] = '7789'
2026-07-23 17:02:28  INFO      [16:54:15.145]   Frame 495 OCR [english] = '6844CGZ'
2026-07-23 17:02:37  INFO      [16:54:15.145]   Frame 510 OCR [english] = '6844CGZ'
2026-07-23 17:02:45  INFO      [16:54:15.145]   Frame 525 OCR [english] = '6844CGZ'
2026-07-23 17:02:53  INFO      [16:54:15.145]   Frame 540 OCR [english] = '6844CGZ'
2026-07-23 17:03:00  INFO      [16:54:15.145]   Frame 555 OCR [english] = '6844CGZ'
2026-07-23 17:03:06  INFO      [16:54:15.145]   Frame 570 OCR [english] = '6844CGZ'
2026-07-23 17:03:06  INFO      [16:54:15.145] Video done. Plates found: 31  Unique character-voted: 7
2026-07-23 17:11:54  INFO      [17:11:54.334] -- /predict request received --
2026-07-23 17:11:54  INFO      [17:11:54.334] File: 'WhatsApp Image 2026-07-22 at 10.48.09.jpeg'
2026-07-23 17:11:54  INFO      [17:11:54.334] Saved to temp: C:\Users\MOHAME~1\AppData\Local\Temp\tmpsh52vtsf.jpeg  (79925 bytes)
2026-07-23 17:11:54  INFO      [17:11:54.334] Trying 4 model(s): ['english_train33', 'english_train32', 'english_train2', 'english_train']
2026-07-23 17:11:54  INFO      [17:11:54.334] Trying model: english_train33 (C:\Users\Mohamed Walid\Desktop\Internship\Code\runs\detect\runs\detect\english_train33\weights\best.pt)
2026-07-23 17:11:55  INFO      [17:11:54.334]   english_train33: box conf=0.696 xyxy=[528,741,1071,888]
2026-07-23 17:12:02  INFO      [17:11:54.334]   english_train33: OCR result = '76944 13-1744'
2026-07-23 17:12:02  INFO      [17:11:54.334] SUCCESS via english_train33: plate='76944 13-1744'  conf=0.696
2026-07-23 17:12:02  INFO      [17:11:54.334] -- /predict done --
2026-07-23 17:12:41  INFO      [17:12:41.858] -- /predict_arabic request received --
2026-07-23 17:12:41  INFO      [17:12:41.858] Arabic inference: WhatsApp Image 2026-07-22 at 10.48.09.jpeg (79925 bytes)
2026-07-23 17:12:55  INFO      [17:12:41.858] Detected: True  Plate: 76944 | 44
2026-07-23 17:12:55  INFO      [17:12:41.858]   left_seq=76944  letter=  region=44  city=Errachidia
2026-07-23 17:12:55  INFO      [17:12:41.858]   raw_fast="PlatePrediction(plate='76944II44', char_probs=None, region='Belarus', region_prob=None)"  raw_ar='76944 /4-/44'
2026-07-23 17:12:56  INFO      [17:12:41.858] -- /predict_arabic done --
2026-07-24 00:23:50  INFO      ============================================================
2026-07-24 00:23:50  INFO      PlateVision server starting
2026-07-24 00:23:50  INFO      Log file: C:\Users\Mohamed Walid\Desktop\Internship\Code\logs\predict.log
2026-07-24 00:23:50  INFO      ============================================================
2026-07-24 00:23:54  INFO      English pipeline weights path: C:\Users\Mohamed Walid\Desktop\Internship\Code\runs\detect\runs\detect\english_train33\weights\best.pt
2026-07-24 00:23:54  INFO        [OK] Weights file exists (18001 KB)
2026-07-24 00:23:54  INFO      Available models: ['english_train33', 'english_train32', 'english_train2', 'english_train']
2026-07-24 00:24:26  INFO      [00:24:26.169] -- /predict request received --
2026-07-24 00:24:26  INFO      [00:24:26.169] File: '3504226256_0a63cb93d2_b.jpg'
2026-07-24 00:24:26  INFO      [00:24:26.169] Saved to temp: C:\Users\MOHAME~1\AppData\Local\Temp\tmpxqh8cpz5.jpg  (206689 bytes)
2026-07-24 00:25:03  INFO      [00:24:26.169] Trying 4 model(s): ['english_train33', 'english_train32', 'english_train2', 'english_train']
2026-07-24 00:25:03  INFO      [00:24:26.169] Trying model: english_train33 (C:\Users\Mohamed Walid\Desktop\Internship\Code\runs\detect\runs\detect\english_train33\weights\best.pt)
2026-07-24 00:25:05  INFO      [00:24:26.169]   english_train33: box conf=0.656 xyxy=[226,206,692,395]
2026-07-24 00:25:17  INFO      [00:24:26.169]   english_train33: OCR result = '8678GS'
2026-07-24 00:25:17  INFO      [00:24:26.169] SUCCESS via english_train33: plate='8678GS'  conf=0.656
2026-07-24 00:25:26  INFO      [00:24:26.169] -- /predict done --
2026-07-24 00:25:26  INFO      [00:25:26.321] -- /predict request received --
2026-07-24 00:25:26  INFO      [00:25:26.321] File: 'images (1).jpg'
2026-07-24 00:25:26  INFO      [00:25:26.321] Saved to temp: C:\Users\MOHAME~1\AppData\Local\Temp\tmplgjgzs9o.jpg  (27004 bytes)
2026-07-24 00:25:26  INFO      [00:25:26.321] Trying 4 model(s): ['english_train33', 'english_train32', 'english_train2', 'english_train']
2026-07-24 00:25:26  INFO      [00:25:26.321] Trying model: english_train33 (C:\Users\Mohamed Walid\Desktop\Internship\Code\runs\detect\runs\detect\english_train33\weights\best.pt)
2026-07-24 00:25:27  INFO      [00:25:26.321]   english_train33: no boxes — skipping
2026-07-24 00:25:27  INFO      [00:25:26.321] Trying model: english_train32 (C:\Users\Mohamed Walid\Desktop\Internship\Code\runs\detect\runs\detect\english_train32\weights\best.pt)
2026-07-24 00:25:29  INFO      [00:25:26.321]   english_train32: box conf=0.329 xyxy=[0,0,654,305]
2026-07-24 00:25:41  INFO      [00:25:26.321]   english_train32: OCR result = '9155UZ'
2026-07-24 00:25:41  INFO      [00:25:26.321] SUCCESS via english_train32: plate='9155UZ'  conf=0.329
2026-07-24 00:25:42  INFO      [00:25:26.321] -- /predict done --
2026-07-24 00:25:42  INFO      [00:25:42.975] -- /predict request received --
2026-07-24 00:25:42  INFO      [00:25:42.975] File: 'images (2).jpg'
2026-07-24 00:25:42  INFO      [00:25:42.975] Saved to temp: C:\Users\MOHAME~1\AppData\Local\Temp\tmpfxam9uyl.jpg  (18592 bytes)
2026-07-24 00:25:43  INFO      [00:25:42.975] Trying 4 model(s): ['english_train33', 'english_train32', 'english_train2', 'english_train']
2026-07-24 00:25:43  INFO      [00:25:42.975] Trying model: english_train33 (C:\Users\Mohamed Walid\Desktop\Internship\Code\runs\detect\runs\detect\english_train33\weights\best.pt)
2026-07-24 00:25:44  INFO      [00:25:42.975]   english_train33: box conf=0.160 xyxy=[121,97,542,282]
2026-07-24 00:25:56  INFO      [00:25:42.975]   english_train33: OCR result = '12.9198'
2026-07-24 00:25:56  INFO      [00:25:42.975] SUCCESS via english_train33: plate='12.9198'  conf=0.160
2026-07-24 00:25:58  INFO      [00:25:42.975] -- /predict done --
2026-07-24 00:25:58  INFO      [00:25:58.284] -- /predict request received --
2026-07-24 00:25:58  INFO      [00:25:58.284] File: 'images (3).jpg'
2026-07-24 00:25:58  INFO      [00:25:58.284] Saved to temp: C:\Users\MOHAME~1\AppData\Local\Temp\tmpun9u1a30.jpg  (35902 bytes)
2026-07-24 00:25:58  INFO      [00:25:58.284] Trying 4 model(s): ['english_train33', 'english_train32', 'english_train2', 'english_train']
2026-07-24 00:25:58  INFO      [00:25:58.284] Trying model: english_train33 (C:\Users\Mohamed Walid\Desktop\Internship\Code\runs\detect\runs\detect\english_train33\weights\best.pt)
2026-07-24 00:26:00  INFO      [00:25:58.284]   english_train33: box conf=0.443 xyxy=[62,127,430,315]
2026-07-24 00:26:12  INFO      [00:25:58.284]   english_train33: OCR result = 'BBVS8DG'
2026-07-24 00:26:12  INFO      [00:25:58.284] SUCCESS via english_train33: plate='BBVS8DG'  conf=0.443
2026-07-24 00:26:13  INFO      [00:25:58.284] -- /predict done --
2026-07-24 00:26:13  INFO      [00:26:13.741] -- /predict request received --
2026-07-24 00:26:13  INFO      [00:26:13.741] File: 'images (4).jpg'
2026-07-24 00:26:13  INFO      [00:26:13.741] Saved to temp: C:\Users\MOHAME~1\AppData\Local\Temp\tmp19vcqkti.jpg  (28619 bytes)
2026-07-24 00:26:13  INFO      [00:26:13.741] Trying 4 model(s): ['english_train33', 'english_train32', 'english_train2', 'english_train']
2026-07-24 00:26:13  INFO      [00:26:13.741] Trying model: english_train33 (C:\Users\Mohamed Walid\Desktop\Internship\Code\runs\detect\runs\detect\english_train33\weights\best.pt)
2026-07-24 00:26:15  INFO      [00:26:13.741]   english_train33: box conf=0.614 xyxy=[133,89,484,238]
2026-07-24 00:26:28  INFO      [00:26:13.741]   english_train33: OCR result = '6 R MH XZ6502'
2026-07-24 00:26:28  INFO      [00:26:13.741] SUCCESS via english_train33: plate='6 R MH XZ6502'  conf=0.614
2026-07-24 00:26:29  INFO      [00:26:13.741] -- /predict done --
2026-07-24 00:26:29  INFO      [00:26:29.503] -- /predict request received --
2026-07-24 00:26:29  INFO      [00:26:29.503] File: 'images.jpg'
2026-07-24 00:26:29  INFO      [00:26:29.503] Saved to temp: C:\Users\MOHAME~1\AppData\Local\Temp\tmpyfwkm10p.jpg  (39447 bytes)
2026-07-24 00:26:29  INFO      [00:26:29.503] Trying 4 model(s): ['english_train33', 'english_train32', 'english_train2', 'english_train']
2026-07-24 00:26:29  INFO      [00:26:29.503] Trying model: english_train33 (C:\Users\Mohamed Walid\Desktop\Internship\Code\runs\detect\runs\detect\english_train33\weights\best.pt)
2026-07-24 00:26:31  INFO      [00:26:29.503]   english_train33: box conf=0.656 xyxy=[203,251,368,319]
2026-07-24 00:26:41  INFO      [00:26:29.503]   english_train33: OCR result = 'AAA 00|3'
2026-07-24 00:26:41  INFO      [00:26:29.503] SUCCESS via english_train33: plate='AAA 00|3'  conf=0.656
2026-07-24 00:26:42  INFO      [00:26:29.503] -- /predict done --
2026-07-24 00:26:42  INFO      [00:26:42.814] -- /predict request received --
2026-07-24 00:26:42  INFO      [00:26:42.814] File: 'P01523.jpg'
2026-07-24 00:26:42  INFO      [00:26:42.814] Saved to temp: C:\Users\MOHAME~1\AppData\Local\Temp\tmpeh2hm79z.jpg  (44574 bytes)
2026-07-24 00:26:42  INFO      [00:26:42.814] Trying 4 model(s): ['english_train33', 'english_train32', 'english_train2', 'english_train']
2026-07-24 00:26:42  INFO      [00:26:42.814] Trying model: english_train33 (C:\Users\Mohamed Walid\Desktop\Internship\Code\runs\detect\runs\detect\english_train33\weights\best.pt)
2026-07-24 00:26:44  INFO      [00:26:42.814]   english_train33: box conf=0.385 xyxy=[476,396,557,422]
2026-07-24 00:26:54  INFO      [00:26:42.814]   english_train33: OCR result = 'ELIE 2008'
2026-07-24 00:26:54  INFO      [00:26:42.814] SUCCESS via english_train33: plate='ELIE 2008'  conf=0.385
2026-07-24 00:26:55  INFO      [00:26:42.814] -- /predict done --
2026-07-24 00:26:55  INFO      [00:26:55.821] -- /predict request received --
2026-07-24 00:26:55  INFO      [00:26:55.821] File: 'taiwan.jpg'
2026-07-24 00:26:55  INFO      [00:26:55.821] Saved to temp: C:\Users\MOHAME~1\AppData\Local\Temp\tmpym04uqkr.jpg  (16012 bytes)
2026-07-24 00:26:55  INFO      [00:26:55.821] Trying 4 model(s): ['english_train33', 'english_train32', 'english_train2', 'english_train']
2026-07-24 00:26:55  INFO      [00:26:55.821] Trying model: english_train33 (C:\Users\Mohamed Walid\Desktop\Internship\Code\runs\detect\runs\detect\english_train33\weights\best.pt)
2026-07-24 00:26:57  INFO      [00:26:55.821]   english_train33: no boxes — skipping
2026-07-24 00:26:57  INFO      [00:26:55.821] Trying model: english_train32 (C:\Users\Mohamed Walid\Desktop\Internship\Code\runs\detect\runs\detect\english_train32\weights\best.pt)
2026-07-24 00:26:58  INFO      [00:26:55.821]   english_train32: box conf=0.964 xyxy=[0,0,291,135]
2026-07-24 00:27:09  INFO      [00:26:55.821]   english_train32: OCR result = 'BQ 3233'
2026-07-24 00:27:09  INFO      [00:26:55.821] SUCCESS via english_train32: plate='BQ 3233'  conf=0.964
2026-07-24 00:27:10  INFO      [00:26:55.821] -- /predict done --
2026-07-26 01:04:53  INFO      ============================================================
2026-07-26 01:04:53  INFO      PlateVision server starting
2026-07-26 01:04:53  INFO      Log file: C:\Users\Mohamed Walid\Desktop\Internship\Code\logs\predict.log
2026-07-26 01:04:53  INFO      ============================================================
2026-07-26 01:04:54  INFO      English pipeline weights path: C:\Users\Mohamed Walid\Desktop\Internship\Code\runs\detect\runs\detect\english_train33\weights\best.pt
2026-07-26 01:04:54  INFO        [OK] Weights file exists (18001 KB)
2026-07-26 01:04:54  INFO      Available models: ['english_train33', 'english_train32', 'english_train2', 'english_train']
